"Title","Link Propiedad","Número Estimado","Valor estimado Bluelife","Estatus","Categorización","CONTRACTOR","Oportunity Name","Fecha de Creación","Solicitado por","Fecha Aprobación","Aprobado Por","Fecha de Reparación Estimada","Skimmer","Tech Asignado","Fecha de Reparación Real","%23 Invoice","Valor de Invoice ","Fecha Invoice","Tiempo en ser aprobado","Tiempo en ser reparado","Tiempo en ser facturado"
"1119 AXLEWOOD CIR BRANDON","1119 AXLEWOOD CIR BRANDON","4783","1,150","Converted","Filter,Acid Wash","Blue Life","FULL ACID WASH + REGULAR FILTER","8/7/2025","Técnico",,"Manager","10/1/2025","False","Camilo Leon","10/1/2025","20873","1150","10/6/2025","0",,"5"
"1119 AXLEWOOD CIR BRANDON","1119 AXLEWOOD CIR BRANDON","6171","250","Pending","Electrical",,"CHANGE OF BREAKER, LABOR AND MATERIALS","5/5/2026",,,,,"False",,,,,,,,
"1119 AXLEWOOD CIR BRANDON","1119 AXLEWOOD CIR BRANDON","6380","180","Converted","Plumbing","Blue Life","NEW PLUMBING AND PUMP ADJUSTMENT","6/11/2026","Operaciones","6/11/2026","Manager","6/29/2026","True","Brayan Alvares","6/29/2026","24301","180","6/30/2026",,,
"1427 LAKE SHORE RANCH DR","1427 LAKE SHORE RANCH DR","6239","80","Pending","Backwash Hose",,"Blue backwash hose part and labor","5/14/2026",,,,,"False",,,,,,,,
"1427 LAKE SHORE RANCH DR","1427 LAKE SHORE RANCH DR","6240","2,947","Pending","Lights",,"POOL: 1 NEW LED WHITE LIGHT.<br>SPA: 1 NEW LED WHITE LIGHT., POOL AND SPA INSTALLATION","5/14/2026",,,,,"False",,,,,,,,
"1516 TRASK","1516 Trask","6151","635.2","Pending","Pumps",,"DURAGLASS HOUSING, INSTALLATION","4/30/2026",,,,,"False",,,,,,,,
"1701 CENTRAL APARTMENTS","1701 CENTRAL APARTMENTS","4068","87","Converted","Gauges","Blue Life","(#4068) 1 POOL PRESSURE GAUGE","5/7/2025","Técnico",,,,"False",,,"18355",,"5/15/2025","0","0",
"1701 CENTRAL APARTMENTS","1701 CENTRAL APARTMENTS","5030","420","Pending","Service Maintenance Equipment","Blue Life","(4) PRESSURE GAUGE + <br>(1) VACUUM GAUGE +<br>CLAMP FLOW METER +<br>INSTALLATION</","9/18/2025","Técnico",,,,"False",,,,,,"0","0","0"
"1701 CENTRAL APARTMENTS","1701 CENTRAL APARTMENTS","5578","1,250","Converted","Filter","Blue Life","POOL: 8 NEW PENTAIR CCP320, FOUNTAIN: NEW PENTAIR 4 CCP240, FILTERS INSTALLATION","2/4/2026","Operaciones","7/23/2026","Manager","8/21/2026","True","Joisel Sagion Díaz","8/20/2026","25170","1,250","8/24/2026","0","0","0"
"1701 CENTRAL APARTMENTS","1701 CENTRAL APARTMENTS","6051","1,482","Converted","Pumps","Blue Life","2 PUMP HOUSING - WHISPERFLO XF, INSTALLATION","4/16/2026","Operaciones","4/16/2026","Manager","4/23/2026","True","Brayan Alvares","4/23/2026","23354","1,482","4/24/2026",,,
"1701 CENTRAL APARTMENTS","1701 CENTRAL APARTMENTS","6393","619","Converted","Feeders","Blue Life","NEW CHEMICAL STENNER PUMP - CHLORINE FEEDER, INSTALLATION","6/4/2026","Operaciones","7/21/2026","Manager","7/23/2026","True","Joisel Sagion Díaz","7/23/2026","25072","619","8/5/2026",,,
"22 NORTH APARTMENTS / VISTA NORTH","22 NORTH APARTMENTS / VISTA NORTH","4726","1,003","Converted","Filter","Blue Life","(#4726) 16 COMMERCIAL POOL FILTER DISK + D.E POWER +ADJUSMET OF THE VALVES AND RECONFIGURATION OF THE PLUMBING","7/18/2025","Técnico","7/22/2025","N/A",,"False","Camilo Hidalgo","8/13/2025","20174",,"8/18/2025","4","22","5"
"22 NORTH APARTMENTS / VISTA NORTH","22 NORTH APARTMENTS / VISTA NORTH","5080","1,120","Converted","Motors","Blue Life","NEW 3HP POOL MOTOR., MOTOR SEAL., IMPELLER., FULL INSTALLATION.","10/1/2025","Operaciones",,,"10/15/2025","True","Camilo Hidalgo","10/15/2025","20920","1120","10/20/2025","0",,"5"
"22 NORTH APARTMENTS / VISTA NORTH","22 NORTH APARTMENTS / VISTA NORTH","5261","1,710","Converted","Separation Tank,Safety Equipment","Blue Life","SEPARATION TANK, FULL INSTALLATION SEPARATION TANK, Rules Sing., COMMERCIAL SAFETY LIFE RING COAST GUARD, SAFETY THROW ROPE, SAFETY POLE 16""., SAFETY HOOK, VACUUM GAUGE, PRESSURE GAUGE., FULL INSTALLATION SAFETY EQUIPMENT","3/26/2026","Operaciones","3/26/2026","Manager","3/28/2026","True","Brayan Alvares","3/28/2026","23238","1710","4/1/2026",,,
"22 NORTH APARTMENTS / VISTA NORTH","22 NORTH APARTMENTS / VISTA NORTH","6328","450","Converted","Plumbing","Blue Life","Labor and materials for installation of suction and two Pentair two-way valves.","5/26/2026","Operaciones","5/28/2026","Manager","6/5/2026","True","Brayan Alvares","6/5/2026","24193","450","6/5/2026",,,
"22 NORTH APARTMENTS / VISTA NORTH","22 NORTH APARTMENTS / VISTA NORTH","6565","663.1","Pending","Line Chlorinator ","Blue Life","RAINBOW HC-3315 OFF - LINE CHLORINATOR, INSTALLATION","7/13/2026",,,,,"False",,,,,,,,
"2624 Dundee","2624 DUNDEE","4276","717","Pending","Multiport Valve,Plumbing","Blue Life","HAYWARD MULTIPORT VALVE.+NEW PLUMBING FOR THE INSTALLATION.+INSTALLATION","7/3/2025","Técnico",,,,"False",,,,,,"0","0","0"
"2806 BELL SHOALS ROAD","2806 BELL SHOALS ROAD","4835","250","Converted","Start Up","Blue Life","(#4835) START UP CLEANING","8/22/2025","Técnico","8/29/2025","Manager",,"False","Camilo Leon","9/3/2025","#20518","250","9/9/2025","7","5","6"
"2806 BELL SHOALS ROAD","2806 BELL SHOALS ROAD","4836","1,407","Converted","Lights","Brian/ Responsable Pools","(#4836) POOL LED WITHE LIGTH + POOL TRANSFORMER + LABOR","8/22/2025","Operaciones","8/29/2025","Manager","10/1/2025","False","Camilo Leon","10/1/2025","20943","1407","10/23/2025","7","33","22"
"2806 BELL SHOALS ROAD","2806 BELL SHOALS ROAD","5699","35","Pending","Basket",,"SKIMER BASKET.","2/26/2026",,,,,"False",,,,,,,,
"2806 BELL SHOALS ROAD","2806 BELL SHOALS ROAD","6700","280","Pending","Filter","Blue Life","COMMERCIAL POOL FILTERS CC150, INSTALLATION","7/23/2026",,,,,"False",,,,,,,,
"3607 Leila","3607 Leila","5627","400","Pending","Leak","Roger/BigBlue","Commercial full leak detection.","2/12/2026","Operaciones","3/4/2026","Manager",,"False",,,,,,"0","0","0"
"361 DOLPHIN AVE","361 DOLPHIN AVE","4963","1,200","Pending","Acid Wash","Blue Life","FULL ACID WASH","9/3/2025","Técnico",,,,"False",,,,,,"0","0","0"
"3636 ALABAMA","3636 ALABAMA","4834","1,200","Converted","Acid Wash","Blue Life","FULL ACID WASH","8/21/2025","Técnico","9/16/2025","Manager",,"False","Brayan Alvares","9/22/2025","20574","1200","9/29/2025","26","6","7"
"3806 Leila","3806 Leila","5722","35","Converted","Basket","Blue Life","SKIMER BASKET.","3/4/2026","Health Deparment","3/4/2026","Manager","3/5/2026","True","No Aplica","3/5/2026","22842","35","3/6/2026",,,
"3806 Leila","3806 Leila","6832",,"Pending","[]",,"SKIMMER BASKET.","8/20/2026",,,,,"False",,,,,,,,
"4218 EMPIRE PI","4218 EMPIRE PI","4962","1,200","Converted","Acid Wash","Blue Life","FULL ACID WASH","9/3/2025","Técnico",,,"10/16/2025","True","Camilo Leon","10/16/2025","20928","1200","10/21/2025","0",,"5"
"4218 EMPIRE PI","4218 EMPIRE PI","5163","1,900","Converted","Pumps","Blue Life","NEW 2.2 HP VS COMMERCIAL POOL PUMP., FULL INSTALLATION","10/21/2025","Operaciones","10/21/2025","Manager","10/22/2025","True","Brayan Alvares","10/22/2025","20944","1900","10/23/2025","1","1","1"
"42nd STREET APARTMENTS","42nd STREET APARTMENTS","5679","290","Converted","O-ring Pump","Blue Life","PUMP SEAL PLATE RING, INSTALLATION","2/20/2026","Operaciones","2/26/2026","Manager","3/5/2026","True","Brayan Alvares","3/5/2026","22837","290","3/6/2026",,,
"42nd STREET APARTMENTS","42nd STREET APARTMENTS","5681","540","Converted","Main Drain","Blue Life","Commercial Main Drain cover VGB., INSTALLATION","2/26/2026","Operaciones","2/26/2026","Manager","3/13/2026","True","Brayan Alvares","3/13/2026","22867","540","3/13/2026",,,
"42nd STREET APARTMENTS","42nd STREET APARTMENTS","6208","211","Converted","Flotador","Blue Life","WATER LEVEL CONTROL BLACK VALVE VAKPAK SYSTEM., INSTALLATION","5/12/2026","Operaciones","5/12/2026","Manager","5/16/2026","True","Brayan Alvares","5/16/2026","23781","211","5/18/2026",,,
"4520 hesperides","4520 HESPERIDES","4118","140","Accepted","Filter","Blue Life","(1) REGULAR FILTERS PENTAIR CC100","5/16/2025","Técnico","8/13/2026","Manager","8/21/2026","True","Mauricio Tami",,,,,"0","0","0"
"4719 Fairoaks","4719 FAIROAKS","4784","250","Pending","Main Drain","Blue Life","FULL INSTALLATION MAIN DRAIN ","8/7/2025","Técnico",,,,"False",,,,,,"0","0","0"
"4719 Fairoaks","4719 FAIROAKS","5890","35","Accepted","Basket","Blue Life","SKIMER BASKET.","3/26/2026","Operaciones","6/1/2026","Manager",,"False",,,,,,,,
"4719 Fairoaks","4719 FAIROAKS","6053","395","Pending","Line Chlorinator ",,"RAINBOW 320 IN - LINE CHLORINATOR, INSTALLATION","4/16/2026",,,,,"False",,,,,,,,
"4719 Fairoaks","4719 FAIROAKS","6485","500","Pending","Multiport Valve",,"HAYWARD MULTIPORT VALVE., INSTALLATION","6/18/2026",,,,,"False",,,,,,,,
"4720 Coachman","4720 Coachman","5532","50","Converted","Basket","Blue Life","SKIMER BASKET.","1/23/2026","Operaciones","3/19/2026","Manager","3/26/2026","True","Nelson Suarez","3/26/2026","22911","50","3/26/2026","0","0","0"
"494 Lucerne","494 Lucerne","6590","100","Pending","Air Relief Valve",,"POOL: NEW AIR RELIEF AND INSTALLATION","7/2/2026",,,,,"False",,,,,,,,
"500 HARBOUR ISLAND","500 HARBOUR ISLAND","4167","1,200","Converted","Leak","Blue Life","(#4167)Scope of Work: Patch the bottom of the pool where the original finishing material was deteriorating and coming","6/2/2025","Operaciones","6/4/2025","N/A",,"False",,,"20503","1,200","6/30/2025","2","0",
"500 HARBOUR ISLAND","500 HARBOUR ISLAND","5083","2,610","Converted","Filter","Blue Life","COMMERCIAL POOL FILTERS FOR POOL, FOUNTAIN FILTER, FULL INSTALLATION","1/28/2026","Técnico","1/27/2026","Manager","2/16/2026","True","Brayan Alvares","2/16/2026","22097","1.610","1/27/2026","-1","0","0"
"500 HARBOUR ISLAND","500 HARBOUR ISLAND","5139","1,675","Converted","Pumps,Basket","Blue Life","NEW 15HP IMPELLER COMMERCIAL PUMP, NEW 15HP BASKET PUMP, 15HP SEAL PUMP, FULL INSTALLATION OF NEW IMPELLER, SEAL AND BASKET (NEED 2 PERSONS, VERY HEAVE PUMP","10/14/2025","Técnico","10/14/2025","Quickbooks","10/15/2025","True","Brayan Alvares","10/15/2025","20926","1675","10/20/2025","1","1","5"
"500 HARBOUR ISLAND","500 HARBOUR ISLAND","4609","250","Pending","Heaters","Blue Life","Services Call Troubleshooting","11/14/2025","Operaciones",,,,"True",,,,,,"0","0","0"
"500 HARBOUR ISLAND","500 HARBOUR ISLAND","5661","65,162.58","Pending","Resurface",,"Commercial Pool Resurface,<br>Marquis Bluestone finish<br>Pool Prep<br>Drain/ Prep , Keystones - 2&quot; x 2&quot; Square Tile - Unpolished mosaic 340SF, Keystones - 2&quot; x 2&quot; Tile - Unpolished trim edge tile 350lf","3/3/2026","Comercial",,,,"False","No Aplica",,,,,,,
"500 HARBOUR ISLAND","500 HARBOUR ISLAND","5660","86,414.25","Pending","Resurface",,"Commercial Pool Resurface,<br>Marquis Bluestone finish<br>Pool Prep<br>Drain/ Prep , Keystones - 1&quot; x 1&quot; Square Tile - Unpolished mosaic, Keystones - 1&quot; x 1'' Tile - Unpolished trim edge tile 350 lf","3/3/2026",,,,,"False",,,,,,,,
"500 HARBOUR ISLAND","500 HARBOUR ISLAND","6005","7,315","Converted","Heaters","Brian/ Responsable Pools","Jandy JXI400NC ASME Gas Heater Installation<br>Labor &amp; Overhead<br>The JXi 400K, SACRIFICION ANOIDE","4/10/2026","Operaciones","4/10/2026","Manager","4/20/2026","False","No Aplica","4/20/2026","23329","7,315","4/20/2026",,,
"500 HARBOUR ISLAND","500 HARBOUR ISLAND","6023","1,400","Converted","Leak","Blue Life","Pool Dry path for hollow spot","4/13/2026","Operaciones","4/13/2026","Manager","4/22/2026","False","No Aplica","4/22/2026","23349","1400","4/22/2026",,,
"5326 EL CERRO DR","5326 EL CERRO DR","6003","140","Pending","Filter",,"REGULAR FILTERS PENTAIR CC100.","4/9/2026",,,,,"False",,,,,,,,
"5326 EL CERRO DR","5326 EL CERRO DR","6382","922","Converted","Motors","Blue Life","NEW COMMERCIAL 1.5 HP - 1PHASE MOTOR., IMPELLER, MOTOR SEAL, INSTALLATION","6/16/2026","Operaciones","6/16/2026","Manager","7/1/2026","True","Brayan Alvares","7/1/2026","24607","922","7/2/2026",,,
"702 OLD DARBY STREET","702 OLD DARBY STREET","4730","1,200","Converted","Acid Wash","Blue Life","(#4730) POOL AND SPA RESIDENCIAL ACID WASH","7/21/2025","Técnico","8/29/2025","Manager",,"False","Brayan Alvares","9/22/2025","20575","1200","9/29/2025","39","24","7"
"702 OLD DARBY STREET","702 OLD DARBY STREET","5137","210","Converted","Filter","Blue Life","POOL (1)- REGULAR FILTER., INSTALLATION","10/13/2025","Operaciones","10/16/2025","Manager","11/20/2025","True","Yasiel Amador","11/20/2025","21320","210","11/25/2025","3","35","5"
"702 OLD DARBY STREET","702 OLD DARBY STREET","5528","400","Pending","Leak","Roger/BigBlue","Residencial full leak detection.","1/23/2026","Operaciones",,,,"False",,,,,,"0","0","0"
"702 OLD DARBY STREET","702 OLD DARBY STREET","6158","35","Pending","Skimmer Gutter",,"SKIMER BASKET.","5/1/2026",,,,,"False",,,,,,,,
"7236 DARIEN WAY","7236 DARIEN WAY","5293","9,500","Accepted","Resurface","Blue Life","New residential pool resurface, bluestone finish, new tile, prep, hollow spots, aci","11/12/2025","Comercial",,"Manager",,"True","No Aplica",,,,,"0","0","0"
"7236 DARIEN WAY","7236 DARIEN WAY","5582","400","Accepted","Leak","Roger/BigBlue","Residential full leak detection.","2/5/2026","Operaciones","2/25/2026","Manager",,"False","No Aplica",,,,,"0","0","0"
"7236 DARIEN WAY","7236 DARIEN WAY","6126","6,125","Pending","Leak",,"Crack repair: Cut 2 lines in old finish 6&quot; from Crack on both sides 3 inches a","4/28/2026",,,,,"False",,,,,,,,
"7304 Embassy Blvd","7304 Embassy Blvd","6055","11,300","Accepted","Resurface","Blue Life","Refinish pool surface Marquis <br>bluestone<br>Pool<br>grind around lights and all ","4/21/2026","Comercial","4/21/2026","Manager",,"False","No Aplica",,,,,,,
"7th & Oak","7th & Oak","5408","3,000","Pending","Acid Wash","Blue Life","FULL ACID WASH","12/23/2025","Operaciones",,,,"False",,,,,,"0","0","0"
"7th & Oak","7th & Oak","6242","204","Converted","Rules Sing","Blue Life","2 Rules Sing.","5/18/2026","Health Deparment","6/2/2026","Manager","6/12/2026","True","Camilo Leon","6/12/2026","24230","204","6/12/2026",,,
"8124 Barberry Drive","8124 Barberry Drive","5210","500","Converted","Leak","Roger/BigBlue","Commercial full leak detection.","10/28/2025","Operaciones","10/28/2025","Manager","11/10/2025","True","No Aplica","11/10/2025","21312","500","11/21/2025","1","13","11"
"Adria .","Adria .","6430","337.5","Converted","Salt Bag",,"SALT BAG, CYA START UP","6/11/2026","Operaciones","6/11/2026","Manager","7/8/2026","True","Camilo Hidalgo","7/8/2026","24668","337.50","7/10/2026",,,
"Adria .","Adria .","6560","350","Converted","Tiles","Blue Life","Tile repair","6/29/2026","Operaciones","6/29/2026","Manager","7/3/2026","True","Brayan Alvares","7/3/2026","24645","350","7/3/2026",,,
"Adria .","Adria .","6741",,"Converted","Plunger","Blue Life","VAKPAK REPAIR KIT PLUNGER - 6 <br>INCHES, INSTALLATION","8/4/2026","Operaciones","8/4/2026","Manager","8/7/2026","True","Brayan Alvares","8/14/2026","25131","943.24","8/17/2026",,,
"Adria .","Adria .","6748",,"Converted","Motors","Blue Life","POOL: NEW COMMERCIAL MOTOR 1.5HP - SINGLE PHASE, IMPELLER, MOTOR SEAL., INSTALLATION","8/4/2026","Operaciones","8/6/2026","Manager","8/7/2026","True","Brayan Alvares","8/7/2026","25079","922","8/7/2026",,,
"ALARA PROMENADE MT","ALARA PROMENADE MT","6509","47","Converted","Throw Rope","Blue Life","SAFETY THROW ROPE.","6/23/2026","Operaciones","6/23/2026","Manager","6/27/2026","True","Angel Viña","8/20/2026","25156","47","8/21/2026",,,
"ALARA PROMENADE MT","ALARA PROMENADE MT","6790",,"Accepted","Tiles","Blue Life","Labor and materials for two tiles","8/14/2026","Operaciones","8/14/2026","Manager","8/21/2026","True",,,,,,,,
"ALARA PROMENADE MT","ALARA PROMENADE MT","6856",,"Pending","[]",,"POOL: COMMERCIAL RECTANGULAR ANTHONY FILTER GRIDS, D.E POWDER., FULL INSTALLATION","8/25/2026",,,,,"False",,,,,,,,
"ALEXAN GROVE","ALEXAN GROVE","4236","1,596","Converted","Motors","Blue Life","(#4236) NEW COMMERCIAL 5HP MOTOR","6/19/2025","Técnico","6/18/2025","N/A",,"False","Brayan Alvares","6/18/2025","18739",,"6/19/2025","-1","1","1"
"ALEXAN GROVE","ALEXAN GROVE","4867","380","Converted","Service Maintenance Equipment","Blue Life","(#4867)NEW HOSE FOR FEEDER + LINE FEEDER + PRESSURE GAUGE +  VACUUM GAUGE + CLAMP FLOW METER + INSTALLATION","8/29/2025","Operaciones","10/8/2025","Manager","10/10/2025","True","Camilo Leon","10/10/2025","20913","380","10/16/2025","40","2","6"
"ALEXAN GROVE","ALEXAN GROVE","5307","1,253","Converted","Filter","Blue Life","(26) RECTANGULAR ANTHONY FILTER GRIDS, D.E POWDER., FULL INSTALLATION","11/17/2025","Operaciones","11/17/2025","Manager","12/1/2025","True","Brayan Alvares","12/1/2025","21634","1.253","12/3/2025","1","14","2"
"ALEXAN GROVE","ALEXAN GROVE","5383","200","Converted","Toro Valve","Blue Life","WATER TORO VALVE., FULL INSTALLATION","12/11/2025","Operaciones","12/11/2025","Manager","12/15/2025","False","Camilo Hidalgo","12/18/2025","21707","200","12/18/2025","1","7","1"
"ALEXAN GROVE","ALEXAN GROVE","5847","619","Converted","Feeders","Blue Life","NEW CHEMICAL STENNER PUMP - CHLORINE FEEDER, CHLORINE FEEDER INSTALLATION","3/20/2026","Operaciones","3/20/2026","Manager","3/23/2026","True","Angel Viña","3/23/2026","22907","619","3/25/2026",,,
"ALEXAN GROVE","ALEXAN GROVE","6530","175","Converted","In-Line Strainer Assembly","Blue Life","In-Line Strainer Assembly, Clear, 1/2"" REG FNPT, INSTALLATION","6/25/2026","Operaciones","6/25/2026","Manager","6/26/2026","True","No Aplica","6/26/2026","24295","175","6/26/2026",,,
"ALEXAN GROVE","ALEXAN GROVE","6536","300","Converted","Flotador","Blue Life","REMOVE RUST STAINS AROUND THE ENTIRE SKIMMER, WATER LEVEL CONTROL ADAPTATION TO RAISE IT","6/25/2026","Operaciones","6/25/2026","Manager","6/30/2026","True","Brayan Alvares","8/8/2026","25086","300","8/11/2026",,,
"ALLORA AT RIVER RIDGE","ALLORA AT RIVER RIDGE","5036","400","Converted","Lid","Blue Life","Backpack Hinge Repair &amp; Material + Warranty","9/22/2025","Técnico","11/20/2025","Manager","12/10/2025","True","Brayan Alvares",,"21692","400","12/15/2025","59","0",
"ALLORA AT RIVER RIDGE","ALLORA AT RIVER RIDGE","5468","1,467","Converted","Filter","Blue Life","(28) RECTANGULAR ANTHONY FILTER GRIDS, D.E POWDER., FULL INSTALLATION","11/17/2025","Operaciones","7/1/2026","Manager","7/7/2026","True","Brayan Alvares","7/7/2026","24666","1,467","7/10/2026","0","0","0"
"ALLORA AT RIVER RIDGE","ALLORA AT RIVER RIDGE","6270","400","Pending","Lid",,"LABOR AND MATERIALS - <br>REPAIR TWO LID HINCHES","5/20/2026",,,,,"False",,,,,,,,
"ALLORA AT RIVER RIDGE","ALLORA AT RIVER RIDGE","6304","1,200","Pending","Service Call",,"Pool Dry path for hollow spot","5/22/2026",,,,,"False",,,,,,,,
"ALLORA UPTOWN","ALLORA UPTOWN","4069","1,303","Converted","Filter","Blue Life","26 RECTANGULAR ANTHONY FILTER GRIDS+D.E. POWER +FULL INSTALLATION","5/7/2025","Técnico","11/5/2025","Manager","11/6/2025","True","Yasiel Amador","11/6/2025","21269","1.303","11/11/2025","182","1","5"
"ALLORA UPTOWN","ALLORA UPTOWN","5597","200","Converted","Toro Valve","Blue Life","WATER TORO VALVE., INSTALLATION","2/10/2026","Operaciones","2/10/2026","Manager","2/11/2026","True","Brayan Alvares","2/11/2026","22444","200","2/11/2026","1","1","1"
"ALTERA CONNER PARK","ALTERA CONNER PARK","4716","375","Converted","Salt Bag","Blue Life","25 SALT  BAG +Delivery to customer’s location","7/17/2025","Técnico",,,,"False",,,"19853",,,"0","0","0"
"ALTERA CONNER PARK","ALTERA CONNER PARK",,,"Pending","Filter","Blue Life","(28) RECTANGULAR ANTHONY FILTER GRIDS, D.E POWDER., FULL INSTALLATION",,"Operaciones",,,,"True",,"7/28/2025",,,,"0",,"0"
"Altera Jacaranda","Altera Jacaranda ","6054","190","Pending","Salt Bag",,"SALT BAGS","4/16/2026",,,,,"False",,,,,,,,
"ALTIS GRAND CENTRAL","ALTIS GRAND CENTRAL","4821","1,235","Converted","Motors","Blue Life","POOL NEW 3HP 3 PHASE POOL MOTOR + IMPELLER MOTOR 3HP + SEAL MOTOR 3HP","8/19/2025","Técnico","8/20/2025","N/A",,"False","Brayan Alvares","8/20/2025","#20216","$1,235","8/29/2025","1","1","9"
"ALTIS GRAND CENTRAL","ALTIS GRAND CENTRAL","4805","500","Converted","Leak","Roger/BigBlue","Commercial full leak detection of the Spa.","8/14/2025","Técnico","4/1/2026","Manager",,"False","No Aplica",,"23337","500",,"0","0","0"
"ALTIS GRAND CENTRAL","ALTIS GRAND CENTRAL","2889","1,529.25","Converted","Filter","Blue Life","(8) COMMERCIAL POOL FILTERS  + (1) REGULAR FOUNTAIN FILTER CC100 + (4) REGULAR FILTER CC150 FOR SPA ","4/5/2025","Técnico","12/4/2025","Manager","12/9/2025","False","Camilo Leon","3/29/2024","21694","2,262","12/17/2025","243","-615","628"
"ALTIS GRAND CENTRAL","ALTIS GRAND CENTRAL","4245","1,147","Converted","Motors","Blue Life","(#4245)NEW 3HP POOL MOTOR FOUNTAIN +SEAL + IMPELLER","6/23/2025","Técnico","6/27/2025","N/A",,"False","Alfredo Jimenez","8/7/2025","19801",,"7/11/2025","4","41","-27"
"ALTIS GRAND CENTRAL","ALTIS GRAND CENTRAL","4214","250","Converted","Pumps","Blue Life","(#4214)MAIN POOL PUMP HOUSING AND INSTALLATION","6/16/2025","Operaciones","6/16/2025","N/A",,"False","Camilo Hidalgo","6/19/2025","18738",,"6/19/2025","1","3","1"
"ALTIS GRAND CENTRAL","ALTIS GRAND CENTRAL","3757","2,277.5","Converted","Timer","Blue Life","(#3757) SPA EMERGENCY SYTEM + LIGTH TIMER + SPA OUTDOOR EMERGENCY ALARM BOTTOM","2/18/2025","Técnico",,,,"False",,,"17646",,"7/3/2025","0","0",
"ALTIS GRAND CENTRAL","ALTIS GRAND CENTRAL","5060","850","Converted","Leak","Roger/BigBlue","Scope of Work:Patch the bottom of the pool where the original finishing materia","9/24/2025","Operaciones","9/24/2025","Manager","10/8/2025","False","No Aplica","10/8/2025","20934","850","10/22/2025","1","14","14"
"ALTIS GRAND CENTRAL","ALTIS GRAND CENTRAL","5287","619","Converted","Feeders","Blue Life","NEW CHEMICAL STENNER PUMP FOR THE PH., FULL INSTALLATION","11/12/2025","Operaciones","11/12/2025","Manager","11/15/2025","False","Alfredo Jimenez","11/15/2025","21302","619","11/18/2025","1","3","3"
"ALTIS GRAND CENTRAL","ALTIS GRAND CENTRAL","5488","1,436","Converted","Motors","Blue Life","NEW 3HP, 3 PHASE SPA MOTOR, IMPELLER, MOTOR SEAL, FULL INSTALLATION","1/14/2026","Operaciones","1/15/2026","Manager","1/19/2026","True","Brayan Alvares","1/19/2026","22078","1436","1/20/2026","1","4","1"
"ALTIS GRAND CENTRAL","ALTIS GRAND CENTRAL","5489","2,983.75","Pending","Pumps","Blue Life","NEW COMMERCIAL PUMP INTELLIFLO 3HP ","1/14/2026","Operaciones",,,,"False",,,,,,"0","0","0"
"ALTIS GRAND CENTRAL","ALTIS GRAND CENTRAL","3921","2,262","Converted","Filter","Blue Life","COMMERCIAL POOL FILTERS 8+REGULAR FOUNTAIN FILTER CC100+REGULAR FILTER CC150 FOR SPA 4",,"Operaciones",,,,"True","Camilo Leon","12/9/2025","21694","2,262","12/17/2025","0",,"8"
"ALTIS GRAND CENTRAL","ALTIS GRAND CENTRAL","5918","1,600","Pending","Service Call",,"Run a low voltage wire 18/4 for the spa jets timer and shutoff switch.","3/30/2026",,,,,"False",,,,,,,,
"ALTIS GRAND CENTRAL","ALTIS GRAND CENTRAL","5947","619","Converted","Feeders","Blue Life","SPA: NEW CHEMICAL STENNER PUMP - CHLORINE FEEDER, INSTALLATION","3/31/2026","Operaciones","4/6/2026","Manager","4/11/2026","True","Camilo Leon","4/11/2026","23295","619","4/13/2026",,,
"ALTIS GRAND CENTRAL","ALTIS GRAND CENTRAL","6090","2,100","Pending","Leak",,"Sheer Descent Leak Repair:<br>Recommended for Permanent Fix.<br>When the sheer desc","4/22/2026",,,,,"False",,,,,,,,
"ALTIS GRAND SUNCOAST","ALTIS GRAND SUNCOAST","3954","1,821","Converted","Filter","Blue Life","(#3954) POOL 40 RECTANGULAR ANTHONY FILTER GRIDS + D.E POWER","4/7/2025","Técnico","4/21/2025","N/A",,"False","Camilo Hidalgo","4/25/2025","18014",,"4/25/2025","14","4","1"
"ALTIS GRAND SUNCOAST","ALTIS GRAND SUNCOAST","4059","490","Converted","Safety Equipment","Blue Life","(#4059) SPINDLE  VACCUM THE 36"" INCHES -20 HOLE","5/6/2025","Técnico","5/12/2025","N/A",,"False","Brayan Alvares","6/11/2025","18700",,"6/11/2025","6","30","1"
"ALTIS GRAND SUNCOAST","ALTIS GRAND SUNCOAST","5048","600","Converted","Filter","Blue Life","1 COMMERCIAL FOUNTAIN FILTERS PLM200., STANDAR LABOR","9/22/2025","Técnico","7/28/2026","Manager","8/7/2026","True","Brayan Alvares","8/21/2026","25165","600","8/21/2026","0","0","0"
"ALTIS GRAND SUNCOAST","ALTIS GRAND SUNCOAST","5598","619","Converted","Feeders","Blue Life","NEW CHEMICAL STENNER PUMP - CHLORINE FEEDER, CHLORINE FEEDER INSTALLATION","2/10/2026","Operaciones","2/10/2026","Manager","2/11/2026","True","Brayan Alvares","2/11/2026","22445","619","2/11/2026","1","1","1"
"ALTIS GRAND SUNCOAST","ALTIS GRAND SUNCOAST","5684","380","Converted","Service Maintenance Equipment","Blue Life","NEW HOSE FOR FEEDER +<br>LINE FEEDER +<br>PRESSURE GAUGE + <br>VACUUM GAUGE +<br>CL","2/23/2026","Operaciones","2/25/2026","Manager","2/27/2026","True","Camilo Leon","2/27/2026","22506","380","2/27/2026",,,
"ALTIS GRAND SUNCOAST","ALTIS GRAND SUNCOAST","5733","250","Converted","Heaters","Brian/ Responsable Pools","Service call for two gas pool heaters.","3/6/2026","Operaciones","3/9/2026","Manager","3/11/2026","False","No Aplica","3/11/2026","22868","250","3/16/2026",,,
"ALTIS GRAND SUNCOAST","ALTIS GRAND SUNCOAST","5770","1,650","Pending","Heaters",,"OPTION 1<br>Install New Dial Display Circuit Board Kit","3/11/2026",,,,,"False",,,,,,,,
"ALTIS GRAND SUNCOAST","ALTIS GRAND SUNCOAST","5771","215","Converted","Heaters","Brian/ Responsable Pools","OPTION 2<br>New Breaker, Braker Installation","3/11/2026","Manager","3/16/2026","Manager","3/24/2026","False","No Aplica","3/24/2026","22905","215","3/25/2026",,,
"ALTIS GRAND SUNCOAST","ALTIS GRAND SUNCOAST","6472","2,021","Pending","Filter",,"COMMERCIAL POOL RECTANGULAR ANTHONY FILTER GRIDS, D.E POWDER., INSTALLATION","6/17/2026",,,,,"False",,,,,,,,
"ALTIS GRAND SUNCOAST","ALTIS GRAND SUNCOAST","6484","1,800","Pending","Tiles",,"Tile repair","6/18/2026",,,,,"False",,,,,,,,
"ALTIS GRAND SUNCOAST","ALTIS GRAND SUNCOAST","6720",,"Converted","Feeders","Blue Life","POOL: NEW CHEMICAL STENNER PUMP - PH FEEDER, COMMERCIAL FLOW METER 6""., FULL INSTALLATION","7/29/2026","Operaciones","7/30/2026","Manager","8/6/2026","True","Angel Viña","8/6/2026","25077","999","8/7/2026",,,
"ALTIS GRAND SUNCOAST","ALTIS GRAND SUNCOAST","6732",,"Pending","[]",,"LABOR AND MATERIALS - LID HINGES","7/30/2026",,,,,"False",,,,,,,,
"ALTIS PROMENADE","ALARA PROMENADE MT","3973","450","Converted","Tiles","Blue Life","(#3973)TILE REPAIR LABOR AND MATERIAL "" THE WATER LEVEL NEEDS TO BE LOWERED BY FIVE INGLES TO CARRY OUT THE REPAIR”","4/11/2025","Operaciones",,,,"False",,,"17973",,,"0","0","0"
"ALTIS PROMENADE","ALARA PROMENADE MT","3951","1,597.38","Converted","Filter","Blue Life","(#3951) POOL 1 PRESSURE/VAC GAUGUE + 34 RECTANGULAR ANTHONY FILTER GRIDS +D.E POWDER","4/7/2025","Operaciones","4/14/2025","N/A",,"False","Brayan Alvares","4/17/2025","17990","1597.38","4/19/2025","7","3","2"
"ALTIS PROMENADE","ALARA PROMENADE MT","4996","380","Converted","Service Maintenance Equipment","Blue Life","(#4996) NEW HOSE FOR FEEDER +LINE FEEDER +PRESSURE GAUGE + VACUUM GAUGE ","9/12/2025","Técnico","9/12/2025","Manager","9/23/2025","False","Camilo Leon","9/23/2025","20876","380","10/6/2025","1","11","13"
"ALTIS PROMENADE","ALARA PROMENADE MT","5049","1,048","Converted","Filter","Blue Life","FOUNTAIN- 8 NEW COMMERCIAL FILTER CCP240 PENTAIR, FULL INSTALLATION","9/22/2025","Técnico","9/22/2025","N/A","10/9/2025","False","Orlando Gonzales","10/9/2025","20909","1048",,"1","17",
"ALTIS PROMENADE","ALARA PROMENADE MT","5388","555","Converted","Tiles,Jets","Leonardo/Tile","LABOR AND MATERIALS OF BULL NOPS TILE REPAIR, DECK JETS","12/26/2025","Operaciones","12/18/2025","Manager","12/26/2025","True","Camilo Hidalgo","12/26/2025","22043","555","1/8/2026","-8","8","13"
"ALTIS PROMENADE","ALARA PROMENADE MT","5502","619","Converted","Feeders","Blue Life","NEW CHEMICAL STENNER PUMP - PH FEEDER, PH FEEDER INSTALLATION","1/20/2026","Operaciones","1/20/2026",,"1/21/2026","True","Camilo Leon","1/21/2026","22085","619","1/21/2026","1","1","1"
"ALTIS PROMENADE","ALARA PROMENADE MT","5735","570","Converted","Pumps","Blue Life","FOUNTAIN 1 PUMP HOUSING, FULL INSTALLATION","3/6/2026","Operaciones","3/6/2026","Quickbooks","3/17/2026","True","Brayan Alvares","3/17/2026","22877","570","3/17/2026",,,
"ALTIS PROMENADE","ALARA PROMENADE MT","5941","211","Converted","Flotador","Blue Life","WATER LEVEL CONTROL VALVE VAKPAK SYSTEM., INSTALLATION","3/31/2026","Operaciones","3/31/2026","Manager","4/3/2026","True","Brayan Alvares","4/3/2026","23258","211","4/3/2026",,,
"ALTIS PROMENADE","ALARA PROMENADE MT","6006","19,210","Pending","Heaters",,"Hayward 400K BTU ASME<br>Labor &amp; Overhead<br>The Hayward 400,000 BTU ASME heate, Sacrificial Anode <br>Labor &amp; Overhead<br>A sacrificial anode for a swimming po, Electronic External Flow Switch <br>Labor &amp; Overhead","4/10/2026",,,,,"False",,,,,,,,
"ALTIS PROMENADE","ALARA PROMENADE MT","6018","13,798","Pending","Heaters",,"MAX E THERM STA RITE 400K<br>Labor &amp; Overhead<br>Residential heater: please not","4/10/2026",,,,,"False",,,,,,,,
"ALTIS PROMENADE","ALARA PROMENADE MT","6017","9,605","Pending","Heaters",,"Hayward 400K BTU ASME<br>Labor &amp; Overhead<br>The Hayward 400,000 BTU ASME <br>h, Sacrificial Anode <br>Labor &amp; Overhead<br>A sacrificial anode for a swimming po, Electronic External Flow Switch <br>Labor &amp; Overhead","4/10/2026",,,,,"False",,,,,,,,
"ALTON WESTSHORE","ALTON WESTSHORE","5464","180","Converted","Heaters","Brian/ Responsable Pools","Gas heater service call","1/9/2026","Operaciones","1/9/2026","Manager","1/23/2026","False","No Aplica","1/28/2026","22105","469","1/28/2026","1","19","1"
"ALUNA LARGO APARTMENTS","ALUNA LARGO APARTMENTS","3658","106.43","Converted","Skimmer Gutter","Blue Life","SKIMMER GUTTER","1/2/2025","Técnico","1/3/2025","N/A",,"False","Brayan Alvares","1/8/2025","17003","106.43","1/15/2025","1","5","7"
"ALUNA LARGO APARTMENTS","ALUNA LARGO APARTMENTS","4266","448","Converted","Steps,Returns Cover","Blue Life","(#4266) 2 STEPS + RETORNO","6/27/2025","Health Department","6/27/2025","N/A",,"False","Anier Reina","7/9/2025","19802",,"7/11/2025","1","12","2"
"ALUNA LARGO APARTMENTS","ALUNA LARGO APARTMENTS","4215","600","Converted","Plumbing","Blue Life","(#4215) GENERAL PLUMBING FOR THE MAIN PUMP","6/17/2025","Técnico","6/17/2025","N/A",,"False","No Aplica","6/19/2025","19064",,"3/7/2025","1","2","-104"
"ALUNA LARGO APARTMENTS","ALUNA LARGO APARTMENTS","4212","4,760","Converted","Pumps","Blue Life","(#4212)NEW PENTAIR COMMERCIAL PUMP 5HP VS +NEW PLUMBING FOR THE INSTALLATION + 2CHECK VALVE","6/16/2025","Operaciones","6/17/2025","N/A",,"False","Brayan Alvares","6/19/2025","18750",,"6/19/2025","1","2","1"
"ALUNA LARGO APARTMENTS","ALUNA LARGO APARTMENTS","4181","392","Converted","Steps,Skimmer Gutter,Returns Cover","Blue Life","(#4181) STEP + SKIMMER GUTTERS + RETURN COVER","6/6/2025","Health Department","6/9/2025","N/A",,"False","Anier Reina","6/25/2025","19039",,"2/7/2025","3","16","-138"
"ALUNA LARGO APARTMENTS","ALUNA LARGO APARTMENTS","3505","1,763","Converted","Filter","Blue Life","(40) COMMERCIAL POOL FILTER DISK ×$40.00, D.E POWER","7/11/2024","Técnico","1/2/2025","N/A",,"False","Brayan Alvares","1/3/2025","16920","1761","1/7/2025","175","1","4"
"ALUNA LARGO APARTMENTS","ALUNA LARGO APARTMENTS","5470","1,586","Converted","Filter","Blue Life","35 COMMERCIAL POOL FILTER DISK., D.E POWDER., FULL INSTALLATION","1/9/2026","Operaciones","6/3/2026","Manager","6/9/2026","True","Brayan Alvares","6/9/2026","24207","1,586","6/10/2026","0","0","0"
"ALUNA LARGO APARTMENTS","ALUNA LARGO APARTMENTS","5222","1,056","Converted","Motors","Blue Life","NEW COMMERCIAL POOL MOTOR 2HP., IMPELLER, MOTOR SEAL, FULL INSTALLATION","3/20/2026","Operaciones","4/2/2026","Manager","4/3/2026","True","Brayan Alvares","4/3/2026","23259","1056","4/3/2026",,,
"ALUNA LARGO APARTMENTS","ALUNA LARGO APARTMENTS","4779","1,238","Converted","Feeders","Blue Life","NEW CHEMICAL STENNER PUMP OF THE CHLORINE AND ACID, FULL INSTALLATION OF STENNERS PUMP","6/5/2026","Operaciones","6/5/2026","Manager","6/9/2026","True","Brayan Alvares","6/9/2026","24206","1,238","6/10/2026",,,
"AMELIA AT WESTSHORE","AMELIA AT WESTSHORE","4785","800","Converted","Special Cleaning","Blue Life","(#4785)PARTIAL CLEANING OF THE POOL","8/8/2025","Técnico","8/8/2025","N/A",,"False","Camilo Leon","8/19/2025","20176",,"8/22/2025","1","11","3"
"AMELIA AT WESTSHORE","AMELIA AT WESTSHORE","5098","900","Converted","Sum Pump","Blue Life","SUMP PUMP, FULL INSTALLATION SUMP PUMP, FOUNTAIN DRAIN AND CLEANING","10/3/2025","Comercial","11/7/2025","Manager","11/20/2025","True","Brayan Alvares","11/20/2025","21319","900","11/25/2025","35","13","5"
"AMELIA AT WESTSHORE","AMELIA AT WESTSHORE","5097","1,303","Converted","Filter","Blue Life","COMMERCIAL POOL FILTER DISK, D.E POWDER, FULL INSTALLATION","11/7/2025","Comercial","11/7/2025","Manager","11/12/2025","True","Brayan Alvares","11/12/2025","21293","1.303","11/14/2025","1","5","2"
"AMELIA AT WESTSHORE","AMELIA AT WESTSHORE","4771","2,800","Pending","Acid Wash","Blue Life","FULL ACID WASH","8/5/2025","Comercial","11/7/2025","Manager",,"False",,,,,,"94","0","0"
"AMELIA AT WESTSHORE","AMELIA AT WESTSHORE","5295","959","Converted","Motors","Blue Life","NEW COMMERCIAL POOL MOTOR 2HP., MOTOR SEAL, FULL INSTALLATION","11/13/2025","Operaciones","11/13/2025","Manger","11/14/2025","True","Brayan Alvares","11/14/2025","21298","959","11/18/2025","1","1","4"
"AMELIA AT WESTSHORE","AMELIA AT WESTSHORE","5647","1,116","Converted","Motors","Blue Life","FOUNTAIN: NEW COMMERCIAL POOL MOTOR 1.25HP., IMPELLER, MOTOR SEAL, INSTALLATION","2/17/2026","Operaciones","2/17/2026","Manager","2/19/2026","True","Brayan Alvares","2/19/2026","22477","1116","2/19/2026",,,
"AMELIA AT WESTSHORE","AMELIA AT WESTSHORE","6165","8,619.5","Pending","Salt Cell,Salt Bag",,"HAYWARD SALINE C 6.0 COMMERCIAL SALT CHLORINE GENERATOR, SALT BAGS, INSTALLATION","5/4/2026",,,,,"False",,,,,,,,
"AMELIA AT WESTSHORE","AMELIA AT WESTSHORE","6219","6,900","Converted","Pavers","Blue Life","FILL THE GAPS AND UNEVENNESS AROUND THE POOL","5/12/2026","Operaciones","6/10/2026","Manager","6/25/2026","True","No Aplica","6/25/2026","24634","6,900","7/3/2026",,,
"ANA BRITOS","ANA BRITOS",,,"Converted","Filter","Blue Life","(1) FILTERS REPAIR:D.E GRIDS 36",,"Técnico",,,,"True","Brayan Alvares","7/14/2025","18795","2,815","7/15/2025","0",,"1"
"ANA BRITOS","ANA BRITOS","5934","35","Pending","Basket",,"SKIMER BASKET.","3/31/2026",,,,,"False",,,,,,,,
"ANCHOR RIVERWALK","ANCHOR RIVERWALK","3821","4,700","Converted","Chemical Controller","Blue Life","(#3821) HCC 2000 CHEMICAL CONTROLLER","3/5/2025","Técnico","3/19/2025","N/A",,"False","Camilo Hidalgo","3/26/2025","17678",,"3/26/2025","14","7","1"
"ANCHOR RIVERWALK","ANCHOR RIVERWALK","3819","422","Pending","Thermometer","Blue Life","2 NEW THERMOMETER+FULL INSTALLATION","3/4/2025","Técnico",,,,"False",,,,,,"0","0","0"
"ANCHOR RIVERWALK","ANCHOR RIVERWALK","4808","1,646","Converted","Motors","Blue Life","(#4808)NEW COMMERCIAL 5HP MOTOR SINGLE + IMPELLER + SEAL","8/15/2025","Técnico","8/15/2025","N/A",,"False","Brayan Alvares","8/18/2025","20177",,"8/22/2025","1","3","4"
"ANCHOR RIVERWALK","ANCHOR RIVERWALK","4209","3,918","Converted","Filter","Blue Life","(#4209) 6 POOL FILTER POOL A + 4 COMMERCIAL POOL FILTER POOL B+ 4 COMMERCIAL FILTER ADDITIONAl POOL B","6/13/2025","Técnico","6/13/2025","N/A",,"False","Camilo Hidalgo","6/26/2025","18768",,"6/27/2025","1","13","1"
"ANCHOR RIVERWALK","ANCHOR RIVERWALK","5604","619","Converted","Feeders","Blue Life","NEW CHEMICAL STENNER PUMP - CHLORINE FEEDER, FEEDER INSTALLATION","2/11/2026","Operaciones","2/11/2026","Manager","2/12/2026","True","Brayan Alvares","2/12/2026","22454","619","2/11/2026","1","1","0"
"ANCHOR RIVERWALK","ANCHOR RIVERWALK","5973","181","Converted","Flotador","Blue Life","BACK POOL: WATER LEVEL CONTROL VALVE VAKPAK SYSTEM., INSTALLATION","4/3/2026","Operaciones","4/29/2026","Manager","5/1/2026","True","Nelson Suarez","5/1/2026","23701","181","5/1/2026",,,
"ANCHOR RIVERWALK","ANCHOR RIVERWALK","6137","204","Converted","Rules Sing","Blue Life","2 Rules Sing.","4/29/2026","Operaciones","4/29/2026","Manager","5/1/2026","True","Nelson Suarez","5/1/2026","23705","204","5/1/2026",,,
"ANCHOR RIVERWALK","ANCHOR RIVERWALK","6292","253","Converted","Seal Motor","Blue Life","MOTOR SEAL, INSTALLATION","5/21/2026","Operaciones","5/21/2026","Manager","5/26/2026","True","Brayan Alvares","5/26/2026","23838","253","5/26/2026",,,
"ANCHOR RIVERWALK","ANCHOR RIVERWALK","6699","3,918","Converted","Filter","Blue Life","POOL A: 6 NEW COMMERCIAL POOL FILTER ST1155 
POOL B: 4 NEW COMMERCIAL POOL FILTER ST155","7/23/2026","Operaciones","7/31/2026","Quickbooks","8/21/2026","True","Camilo Leon","8/12/2026","25104","2,970","8/13/2026",,,
"ANCHOR RIVERWALK","ANCHOR RIVERWALK","6711",,"Converted","Tiles","Blue Life","TILE NUMBER 9 AND LABOR","7/27/2026","Operaciones","7/28/2026","Manager","8/21/2026","True","Brayan Alvares","8/19/2026","25154","150","8/19/2026",,,
"ANCHOR RIVERWALK","ANCHOR RIVERWALK","6802",,"Converted","Motors","Blue Life","POOL 2: NEW COMMERCIAL MOTOR 3HP - SINGLE PHASE, IMPELLER, MOTOR SEAL., FULL INSTALLATION","8/17/2026","Operaciones","8/19/2026","Manager","8/19/2026","True","Brayan Alvares","8/19/2026","25155","1,246","8/19/2026",,,
"Andres Madero","Andres Madero",,,"Pending","Filter","Blue Life","FILTERS",,"Operaciones",,,,"True",,"4/24/2025",,,,"0",,"0"
"Andres Madero","Andres Madero","6114","2,871.5","Converted","Pumps","Blue Life","NEW PUMP INTELLIFLOW3 3HP, INSTALLATION","4/24/2026","Operaciones","4/24/2026","Manager","5/2/2026","True","Brayan Alvares","5/2/2026","23709","2,871.50","5/4/2026",,,
"Andres Madero","Andres Madero","6253","35","Converted","Basket","Blue Life","SKIMER BASKET.","5/15/2026","Operaciones","5/15/2026","Manager","6/5/2026","True","Angel Viña","6/5/2026","24192","35","6/5/2026",,,
"Andrew koontz","Andres Madero",,,"Pending","Filter","Blue Life","FILTERS",,"Operaciones",,,,"True",,"10/28/2025",,,,"0",,"0"
"ANSON ON PALMER RANCH","ANSON ON PALMER RANCH","3745","1,743.75","Converted","Emergency System","Blue Life","SPA EMERGENCY  SYSTEM+FULL INSTALLATION","2/5/2025","Técnico",,,,"False",,,"17221",,,"0","0","0"
"ANSON ON PALMER RANCH","ANSON ON PALMER RANCH","3488","3,000","Converted","Acid Wash","Blue Life","(#3488)ACID WASH FOR THE POOL AND SPA","2/18/2025","Técnico",,,,"False",,,"17631",,,"0","0","0"
"ANSON ON PALMER RANCH","ANSON ON PALMER RANCH","3713","4,095","Converted","Pumps,Plumbing","Blue Life","5HP  SINGLE PHASE COMMERCIAL POOL PUMP+NEW PLUMBING FOR THE INSTALLATION+FULL INSTALLATION","1/20/2025","Técnico",,,,"False",,,"17219",,,"0","0","0"
"ANSON ON PALMER RANCH","ANSON ON PALMER RANCH","4142","853","Converted","Motors","Blue Life","(#4142) 1 MOTOR 1.65 HP + SEAL + IMPELLER","5/23/2025","Técnico","5/23/2025","N/A",,"False","Camilo Leon","5/26/2025","18393",,"5/27/2025","1","3","1"
"ANSON ON PALMER RANCH","ANSON ON PALMER RANCH","4250","300","Converted","Lights","Blue Life","(#4250) REPAIR LIGHT","7/3/2025","Técnico","7/3/2025","N/A",,"False","Camilo Hidalgo","8/7/2025","19803",,"7/11/2025","1","35","-27"
"ANSON ON PALMER RANCH","ANSON ON PALMER RANCH","5086","1,818","Converted","Filter","Blue Life","POOL- SMALL RECTANGULAR ANTHONY FILTER GRIDS, SPA- COMMERCIAL FILTER PML 200, FOUNTAIN- NEW COMMERCIAL POOL FILTERS C9002, D.E POWDER., FULL INSTALLATION FITERS FOR POOL, SPA AND FOUNTAIN","10/1/2025","Operaciones","10/2/2025","Manager","10/6/2025","True","Brayan Alvares","10/6/2025","20899","1818","10/9/2025","1","4","3"
"ANSON ON PALMER RANCH","ANSON ON PALMER RANCH","5289","380","Declined","Service Maintenance Equipment","Blue Life","NEW HOSE FOR FEEDER +<br>LINE FEEDER +<br>PRESSURE GAUGE + <br>VACUUM GAUGE +<br>CL","11/12/2025","Operaciones",,,,"True",,,,,,"0","0","0"
"ANSON ON PALMER RANCH","ANSON ON PALMER RANCH","5644","1,818","Converted","Feeders,Service Maintenance Equipment,Thermometer","Blue Life","NEW CHEMICAL STENNER PUMP - PH FEEDERS FOR POOL AND SPA, NEW HOSE FOR FEEDER +<br>LINE FEEDER +<br>PRESSURE GAUGE + <br>VACUUM GAUGE +<br>CL, NEW THERMOMETER., INSTALLATION","2/16/2026","Operaciones","2/24/2026","Manager","2/26/2026","True","Camilo Hidalgo","2/26/2026","22503","1818","2/26/2026",,,
"ANSON ON PALMER RANCH","ANSON ON PALMER RANCH","5768","250","Converted","Lid","Blue Life","VALPACK LID REPAIR, PARTS AND LABOR","3/11/2026","Operaciones","3/12/2026","Manager","3/14/2026","True","Brayan Alvares","3/14/2026","22876","250","3/17/2026",,,
"ANSON ON PALMER RANCH","ANSON ON PALMER RANCH","6421","508","Pending","Steps",,"NEW STAINLESS STEEL STEP., INSTALLATION","6/10/2026",,,,,"False",,,,,,,,
"ANSON ON PALMER RANCH","ANSON ON PALMER RANCH","6623","619","Accepted","Feeders","Blue Life","POOL: NEW CHEMICAL STENNER PUMP - CHLORINE FEEDER, INSTALLATION","7/8/2026","Operaciones","7/8/2026","Manager","7/10/2026","True","Miguel Morales",,,,,,,
"ANSON ON PALMER RANCH","ANSON ON PALMER RANCH","6666","948","Converted","Main Drain,Steps","Blue Life","SPA: Commercial Main Drain cover VGB., POOL: 3 NEW STAINLESS STEEL STEP., INSTALLATION","7/15/2026","Health Deparment","8/3/2026","Manager","8/14/2026","True","Brayan Alvares","8/14/2026","25146","948","8/19/2026",,,
"ANSON ON PALMER RANCH","ANSON ON PALMER RANCH","6669","619","Converted","Feeders","Blue Life","POOL: NEW CHEMICAL STENNER PUMP - PH FEEDER, INSTALLATION","7/15/2026","Operaciones","7/16/2026","Manager","7/20/2026","True","Miguel Morales","7/22/2026","24721","619","7/22/2026",,,
"ANSON ON PALMER RANCH","ANSON ON PALMER RANCH","6733",,"Converted","Steps","Blue Life","POOL:  6 NEW STAINLESS STEEL STEP., INSTALLATION","7/31/2026","Health Deparment","8/3/2026","Manager","8/14/2026","True","Brayan Alvares","8/7/2026","25081","816","8/7/2026",,,
"ANSON ON PALMER RANCH","ANSON ON PALMER RANCH","6824",,"Converted","Motors","Blue Life","WARRANTY:
NEW COMMERCIAL MOTOR 3HP SQUARE, FULL INSTALLATION","8/19/2026","Operaciones","8/19/2026","Manager","8/22/2026","True","Brayan Alvares","8/20/2026","25164","300","8/21/2026",,,
"ANTHEM CLEARWATER","ANTHEM CLEARWATER","4797","1,212","Converted","Lights","Blue Life","(#4797)NEW LED WHITE LIGHT +NEW LIGHT WEDGE","8/12/2025","Técnico","8/14/2025","N/A",,"False","Yasiel Amador","8/22/2025","20191","$1,212.00","8/25/2025","2","8","3"
"ANTHEM CLEARWATER","ANTHEM CLEARWATER","4803","1,344","Converted","Filter","Blue Life","COMMERCIAL POOL FILTER DISK POOL # 1 +D.E POWDER+COMMERCIAL POOL FILTER DISK. POOL # 2 +D.E POWDER+FULL INSTALLATION","8/13/2025","Técnico","9/22/2025","Manager",,"False","Brayan Alvares","9/26/2025","20859","1344","10/1/2025","40","4","5"
"ANTHEM CLEARWATER","ANTHEM CLEARWATER","3714","120","Converted","Service Call","Blue Life","(#3714) Remove the chairs from the pool.","1/21/2025","Técnico",,,,"False",,,"17027","120","1/23/2025","0","0",
"ANTHEM CLEARWATER","ANTHEM CLEARWATER","4746","440","Converted","Thermometer","Blue Life","(#4746) 2 NEW THERMOMETER","7/24/2025","Técnico","7/24/2025","N/A",,"False","Brayan Alvares","8/4/2025","20122",,"8/8/2025","1","11","4"
"ANTHEM CLEARWATER","ANTHEM CLEARWATER","4501","1,212","Converted","Lights","Blue Life","(#4501 ) NEW LED WHITE LIGHT +NEW LIGHT WEDGE","7/14/2025","Técnico","7/16/2025","N/A",,"False","Yasiel Amador","8/1/2025","20126",,"8/8/2025","2","16","7"
"ANTHEM CLEARWATER","ANTHEM CLEARWATER","3753","358","Converted","Flow Meter","Blue Life","(#3753) FLOW METER 3 "" PARA COMPLETAR HD","2/6/2025","Health Department","2/17/2025","N/A",,"False",,,"17263",,,"11","0",
"ANTHEM CLEARWATER","ANTHEM CLEARWATER","5848","213","Converted","Safety Equipment","Blue Life","POOL 2: SAFETY LINE ROPE., POOL 2: NEW ANCHORS., POOL 2: BLUE AND WHITE SAFETY FLOATS.","3/20/2026","Operaciones","3/20/2026","Manager","3/30/2026","True","Camilo Leon","3/30/2026","23234","213","4/1/2026",,,
"ANTHEM CLEARWATER","ANTHEM CLEARWATER","6178","892","Converted","Plunger","Blue Life","VAKPAK INTERNAL ASSEMBLY PLUNGER 6"", INSTALLATION","5/6/2026","Operaciones","5/6/2026","Manager","5/8/2026","True","Brayan Alvares","5/8/2026","23746","892","5/8/2026",,,
"ANTHEM CLEARWATER","ANTHEM CLEARWATER","6191","327","Pending","Safety Equipment",,"SAFETY LINE ROPE., BLUE AND WHITE SAFETY FLOATS., NEW ANCHORS., INSTALLATION","5/7/2026",,,,,"False",,,,,,,,
"ANTHEM CLEARWATER","ANTHEM CLEARWATER","6215","75","Converted","Skimmer Gutter","Blue Life","SKIMMER GUTTER., INSTALLATION","5/11/2026","Operaciones","5/11/2026","Manager","5/13/2026","True","Brayan Alvares","5/13/2026","23765","75","5/15/2026",,,
"ANTHEM CLEARWATER","ANTHEM CLEARWATER","6450","540","Converted","Main Drain","Blue Life","Commercial Main Drain cover VGB OFFICE, INSTALLATION","6/15/2026","Health Deparment","6/15/2026","Manager","6/18/2026","True","Brayan Alvares","6/18/2026","24248","540","6/18/2026",,,
"ANTHEM CLEARWATER","ANTHEM CLEARWATER","6776",,"Converted","Pumps","Blue Life","1.5 HP VST SUPERFLO <br>VARIABLE SPEED PUMP, INSTALLATION","8/11/2026","Operaciones","8/11/2026","Manager","8/12/2026","True","Brayan Alvares","8/12/2026","25111","2,150","8/13/2026",,,
"Anthony Miele","Anthony Miele","6221","286","Accepted","Steps","Blue Life","NEW STAINLESS STEEL STEP., INSTALLATION","6/11/2026","Operaciones","6/11/2026","Manager","6/12/2026","True","Brayan Alvares",,,,,,,
"ANTIGUA AT LAKEWOOD RANCH","ANTIGUA AT LAKEWOOD RANCH","6451","2,300","Converted","Flow Meter,Feeders","Blue Life","SPA: NEW CHEMICAL STENNER PUMP - PH AND CHLORINE FEEDER, POOL: NEW CHEMICAL STENNER PUMP - PH FEEDER, COMMERCIAL FLOW METER 3 inc INSTALLATION","6/15/2026","Operaciones","7/20/2026","Manager","7/31/2026","True","Brayan Alvares","7/27/2026","24742","2,234","7/28/2026",,,
"ANTIGUA AT LAKEWOOD RANCH","ANTIGUA AT LAKEWOOD RANCH","6780",,"Converted","Filter","Blue Life","SPA: COMMERCIAL POOL FILTERS PLM300, COMMERCIAL FLOW METER 2&quot;., INSTALLATION","8/11/2026","Operaciones","8/19/2026","Manager","8/20/2026","True","Camilo Hidalgo","8/20/2026","25162","1,090","8/21/2026",,,
"ARABELLE CLEARWATER","Arabelle Clearwater","5721","4,479","Converted","Acid Wash,Gutter Grates,Filter","Blue Life","PARTIAL ACID WASH, GUTTER GRATES, FULL INSTALLATION GUTTER GRATES, COMMERCIAL POOL FILTER ST155., COMMERCIAL POOL FILTER ST105., FULL INSTALLATION COMMERCIAL POOL FILTERS","3/12/2026","Operaciones","3/11/2026","Manager","4/24/2026","True","Camilo Leon","4/24/2026","23361","4,479","4/24/2026",,,
"ARABELLE CLEARWATER","Arabelle Clearwater","5958","340","Converted","Flow Meter","Blue Life","commercial 2inc flow meter, INSTALLATION","4/1/2026","Operaciones","4/1/2026","Manager","4/3/2026","True","Camilo Leon","4/3/2026","23261","340","4/3/2026",,,
"ARABELLE RIVERWALK","Arabelle Riverwalk","6009","500","Converted","Start Up",,"COMMERCIAL POOL - SPECIAL <br>POOL CLEANING FOR START UP AND BLACK ALGAE TREATMENT<","4/10/2026","Operaciones","4/11/2026","Manager",,"False",,"4/14/2026","23312","500","4/16/2026",,,
"ARABELLE RIVERWALK","Arabelle Riverwalk","6011","2,900","Converted","Filter,Service Maintenance Equipment","Blue Life","COMMERCIAL POOL FILTERS PLM300, FILTER INSTALLATION, POOL KIT: NEW HOSE FOR FEEDER +<br>LINE FEEDER +<br>PRESSURE GAUGE + <br>VACUUM GAU","4/10/2026","Operaciones","6/19/2026","Manager","6/26/2026","True","Brayan Alvares","6/26/2026","24282","2,900","6/26/2026",,,
"ARABELLE RIVERWALK","Arabelle Riverwalk","6012","3,278","Declined","Filter,Feeders,Service Maintenance Equipment",,"COMMERCIAL SPA FILTERS PLM200., FILTER INSTALLATION, SPA: NEW CHEMICAL STENNER PUMP - CHLORINE AND PH FEEDER, CHLORINE AND PH FEEDER INSTALLATION, 2 SPA KITS: NEW HOSE FOR FEEDER + LINE FEEDER +<br>PRESSURE GAUGE + <br>VACUUM GAUG","4/10/2026",,,,,"False",,,,,,,,
"ARABELLE RIVERWALK","Arabelle Riverwalk","6013","1,936","Converted","Motors,Filter","Blue Life","COMMERCIAL FILTER PLM200 FOR WATER FEATURE., FILTER INSTALLATION, NEW 3HP-3PHASES MOTOR <br>FOR WATER FEATURE, IMPELLER, MOTOR SEAL, MOTOR INSTALLATION","4/10/2026","Operaciones","6/19/2026","Manager","6/26/2026","True","Brayan Alvares","6/26/2026","24283","1,936","6/26/2026",,,
"ARABELLE RIVERWALK","Arabelle Riverwalk","6014","1,600","Pending","Acid Wash",,"PARTIAL ACID WASH, We recommend changing all covers to prevent the stains from reappearing","4/10/2026",,,,,"False",,,,,,,,
"ARABELLE RIVERWALK","Arabelle Riverwalk","6015","900","Converted","Leak","Roger/BigBlue","Commercial full leak detection.","4/10/2026","Comercial","5/1/2026","Manager","6/18/2026","False","No Aplica","6/18/2026","24240","900","6/18/2026",,,
"ARABELLE RIVERWALK","Arabelle Riverwalk","6016","570","Converted","Electrical","Brian/ Responsable Pools","Electrical Troubleshooting<br>The scope of work includes identifying electrical iss","4/10/2026","Operaciones","4/16/2026","Manager","6/29/2026","False","No Aplica","6/29/2026","24636","570","7/3/2026",,,
"ARABELLE RIVERWALK","Arabelle Riverwalk","6043","2,716.06","Converted","Chemical Controller","Blue Life","SPA 1: NEW CHEMICAL CONTROLLER HAYWARD HCC2000., INSTALLATION","4/15/2026","Operaciones","6/19/2026","Manager","6/26/2026","True","Brayan Alvares","6/26/2026","24284","2,716.06","6/26/2026",,,
"ARABELLE RIVERWALK","Arabelle Riverwalk","6044","535","Pending","Salt Cell","Blue Life","SPA 2: POOL SALT SYSTEM REPAIR, SALT","4/15/2026","Operaciones","4/16/2026","Manager",,"False",,,,,,,,
"ARABELLE RIVERWALK","Arabelle Riverwalk","6433","67","Converted","Gauges","Blue Life","POOL PRESSURE GAUGE., INSTALLATION","6/11/2026","Operaciones","6/15/2026","Manager","6/26/2026","True","Brayan Alvares","6/26/2026","24287","67","6/26/2026",,,
"ARABELLE RIVERWALK","Arabelle Riverwalk","6558","1,724","Converted","Electrical","Brian/ Responsable Pools","EMERGENCY SHUT OFF, TIMER MECH","6/29/2026","Operaciones","6/29/2026","Manager","7/3/2026","False","No Aplica","7/3/2026","24681","1,724","7/10/2026",,,
"ARABELLE RIVERWALK","Arabelle Riverwalk","6771",,"Pending","[]",,"Remove and replace the loose and deteriorated white tile located along the upper se","8/11/2026",,,,,"False",,,,,,,,
"ARABELLE RIVERWALK","Arabelle Riverwalk","6772",,"Pending","[]",,"Remove and replace all existing white tile throughout the fountain, including the u","8/11/2026",,,,,"False",,,,,,,,
"ARBOR VILLAS","ARBOR VILLAS","3965","900","Converted","Tiles","Blue Life","(#3965) POOL TILE REPAIR","4/9/2025","Técnico","4/10/2025","N/A",,"False",,,"17974","900","4/15/2025","1","0",
"ARBOR VILLAS","ARBOR VILLAS","4738","418","Converted","Line Chlorinator ,Vacuum Plug","Blue Life","RAINBOW 320 IN - LINE CHLORINATOR+VACCUM PLUG.+FULL INSTALLATION","7/23/2025","Técnico",,,,"False",,,"20199",,,"0","0","0"
"ARBOR VILLAS","ARBOR VILLAS","3870","430","Converted","Vacuum Plug,Lid","Blue Life","(#3870) 1 VACUUM PLUG +VALPACK LID REPAIR","3/21/2025","Health Department",,,,"False",,,"17877",,,"0","0","0"
"ARBOR VILLAS","ARBOR VILLAS","4166","809","Converted","Filter","Blue Life","(#4166) 14 COMMERCIAL POOL FILTER DISK +D.E POWER","6/2/2025","Técnico","6/9/2025","N/A",,"False","Brayan Alvares","6/11/2025","18698",,"6/11/2025","7","2","1"
"ARBOR VILLAS","ARBOR VILLAS","5974","211","Converted","Flotador","Blue Life","WATER LEVEL CONTROL VALVE VAKPAK SYSTEM., INSTALLATION","4/3/2026","Operaciones","4/3/2026","Manager","5/8/2026","True","Brayan Alvares","5/8/2026","23742","211","5/8/2026",,,
"ARBOR VILLAS","ARBOR VILLAS","6581","809","Converted","Filter","Blue Life","13 COMMERCIAL POOL FILTER DISC., D.E POWDER., INSTALLATION","7/1/2026","Operaciones","7/1/2026","Manager","7/3/2026","True","Brayan Alvares","8/22/2026","25172","772","8/24/2026",,,
"Arbors at Carrollwood","Arbors at Carrollwood","5100","800","Converted","Leak","Roger/BigBlue","Commercial full leak detection.","10/7/2025","Operaciones","1/28/2026","Manager",,"False",,"2/23/2026","22820","800","3/2/2026","113","0","0"
"Arbors at Carrollwood","Arbors at Carrollwood","5099","2,996","Converted","Filter,Toro Valve,Flotador,Service Maintenance Equipment","Blue Life","COMMERCIAL POOL FILTER DISK., D.E POWDER, FULL INSTALLATION FILTERS, WATER TORO VALVE, WATER LEVEL CONTROL VALVE VAKPAK SYSTEM., FULL INSTALLATION TORO VALVE, WATER LEVEL CONTROL, NEW HOSE FOR FEEDER +LINE FEEDER +PRESSURE GAUGE + VACUUM GAUGE","10/7/2025","Health Department","10/23/2025","Quickbooks","10/27/2025","True","Brayan Alvares","10/27/2025","21258","2.996",,"16","4",
"Arbors at Carrollwood","Arbors at Carrollwood","5421","540","Converted","Main Drain","Blue Life","(1) Commercial Main Drain cover VGB., FULL INSTALLATION","1/5/2026","Operaciones","1/5/2025","Manager","3/5/2026","True","Brayan Alvares","3/5/2026","22833","540","3/6/2026","-365","0","0"
"Arbors at Carrollwood","Arbors at Carrollwood","5741","120","Converted","Lights","Blue Life","PUT ON A LOOSE LIGHT","3/9/2026","Operaciones","3/9/2026","Manager","3/9/2026","True","Camilo Leon","3/9/2026","22847","120","3/9/2026",,,
"Arbors at Carrollwood","Arbors at Carrollwood","6031","19,800","Declined","Leak",,"Drill 3/8 inch holes on both sides, at an angle, take number three rebar, and befor","4/13/2026",,,,,"False",,,,,,,,
"Arbors at Carrollwood","Arbors at Carrollwood","6615","80","Converted","Backwash Hose","Blue Life","Blue backwash hose part and labor","7/7/2026","Operaciones","7/7/2026","Manager","8/20/2026","True","Angel Viña","8/20/2026","25159","80","8/21/2026",,,
"Arbors at Carrollwood","Arbors at Carrollwood","6835",,"Pending","[]",,"COMMERCIAL POOL FILTER DISC., D.E POWDER., INSTALLATION","8/20/2026",,,,,"False",,,,,,,,
"Arbors at Carrollwood","Arbors at Carrollwood","6836",,"Pending","[]",,"DEEP CLEANING OF THE PIT","8/20/2026",,,,,"False",,,,,,,,
"ARBOUR PONDS APARTMENTS","ARBOUR PONDS APARTMENTS","4752","1,451","Converted","Filter","Blue Life","(#4752) 30 RECTANGULAR ANTHONY FILTER GRIDS + D.E POWE","7/26/2025","Operaciones","8/29/2025","Manager","10/10/2025","False","Yasiel Amador","10/10/2025","20907","1,451","10/13/2025","34","42","3"
"ARBOUR PONDS APARTMENTS","ARBOUR PONDS APARTMENTS","3876","3,238","Converted","Motors","Blue Life","(#3876) NEW COMMERCIAL 5HP MOTOR #EEQ500 + IMPELLER + SEAL","3/25/2025","Operaciones","5/23/2025","N/A",,"False","Brayan Alvares","5/25/2025","18390",,"5/26/2025","59","2","1"
"ARBOUR PONDS APARTMENTS","ARBOUR PONDS APARTMENTS","4850","380","Pending","Service Maintenance Equipment","Blue Life","(#4850) SERVICE MAINTENANCE EQUIPMENT PRESSURE GAUGE + VACUUM GAUGE + CLAMP FLOW METER + INSTALLATION ","8/27/2025","Operaciones",,,,"False",,,,,,"0","0","0"
"ARBOUR PONDS APARTMENTS","ARBOUR PONDS APARTMENTS","5062","830","Converted","Motors","Blue Life","NEW COMMERCIAL POOL MOTOR 1HP., MOTOR IMPELLER, MOTOR SEAL, REGULAR LABOR","9/26/2025","Operaciones","9/26/2025","Giovanny","10/8/2025","False","Yasiel Amador","10/8/2025","21271","830","11/12/2025","1","12","35"
"ARBOUR PONDS APARTMENTS","ARBOUR PONDS APARTMENTS","5758","200","Pending","Toro Valve","Blue Life","WATER TORO VALVE., INSTALLATION","3/10/2026",,,,,"False",,,,,,,,
"ARBOUR PONDS APARTMENTS","ARBOUR PONDS APARTMENTS","5635","1,238","Pending","Feeders",,"NEW CHEMICAL STENNER PUMP - PH AND CHLORINE FEEDER, PH AND CHLORINE FEEDER INSTALLATION","4/16/2026",,,,,"False",,,,,,,,
"ARBOUR PONDS APARTMENTS","ARBOUR PONDS APARTMENTS","6777",,"Pending","[]",,"New Hayward commercial salt system, POOL: NEW CHEMICAL STENNER PUMP - CHLORINE FEEDER, SALT BAGS, FULL INSTALLATION","8/11/2026",,,,,"False",,,,,,,,
"ARIA BRADENTON","ARIA BRADENTON","5038","1,790","Converted","Filter","Blue Life","(7) PENTAIR FILTERS ELEMENT","6/26/2025","Técnico",,,,"False","Camilo Hidalgo","6/26/2025","18761","1,790","6/26/2025","0",,"1"
"ARIA BRADENTON","ARIA BRADENTON","5799","1,790","Converted","Filter","Blue Life","7 FILTERS ELEMENT ST155., INSTALLATION","3/13/2026","Operaciones","4/22/2026","Manager","4/29/2026","True","Brayan Alvares","4/29/2026","23383","1,790","4/29/2026",,,
"ARIA BRADENTON","ARIA BRADENTON","6863",,"Pending","[]",,"POOL: RULES SING","8/26/2026",,,,,"False",,,,,,,,
"ARIEL SPRINGS APARTMENT HOMES","ARIEL SPRINGS APARTMENT HOMES","3920","325","Converted","Plunger","Blue Life","VAKPAK  REPAIR KIT PLUNGER+FULL INSTALLATION","4/4/2025","Técnico","10/3/2025","Manager","10/8/2025","True","Camilo Leon","10/8/2025","20900","325","10/9/2025","182","5","1"
"ARIEL SPRINGS APARTMENT HOMES","ARIEL SPRINGS APARTMENT HOMES","3701","481","Converted","Line Chlorinator ","Blue Life","CHLORINATOR TABS+FULL INSTALLATION","1/16/2025","Técnico","10/3/2025","Manager","10/6/2025","True","Camilo Leon","10/6/2025","20912","481","10/16/2025","260","3","10"
"ARIEL SPRINGS APARTMENT HOMES","ARIEL SPRINGS APARTMENT HOMES","4736","963","Converted","Motors","Blue Life","(# 4736)NEW COMMERCIAL 2.2HP MOTOR + SEAL + IMPELLER","7/22/2025","Técnico","7/22/2025","N/A",,"False","Brayan Alvares","7/25/2025","19836","963.0","7/25/2025","1","3","1"
"ARIEL SPRINGS APARTMENT HOMES","ARIEL SPRINGS APARTMENT HOMES","3896","1,663","Converted","Plunger,Filter","Blue Life","(#3896) 1 VAKPAK REPAIR KIT PLUNGER 8'' + 36 COMMERCIAL POOL FILTER DISK +D.E. POWER","3/28/2025","Técnico","3/28/2025","N/A",,"False","Brayan Alvares","4/6/2025","17949","1665.0","4/8/2025","1","9","2"
"ARIEL SPRINGS APARTMENT HOMES","ARIEL SPRINGS APARTMENT HOMES","5217","397","Converted","Flow Meter","Blue Life","COMMERCIAL FLOW METER, FULL INSTALLATION","10/28/2025","Operaciones","10/30/2025","Manager","10/30/2025","True","Camilo Leon","10/30/2025","21253","397","11/4/2025","2","1","5"
"ARIEL SPRINGS APARTMENT HOMES","ARIEL SPRINGS APARTMENT HOMES","5233","4,760","Pending","Pumps,Valves,Plumbing","Blue Life","NEW PENTAIR COMMERCIAL 5HP SINGLE SPEED PUMP., CHECK VALVE, FULL INSTALLATION, CONCRETE PAD AND PLUMBING","11/3/2025","Operaciones",,,,"True",,,,,,"0","0","0"
"ARIEL SPRINGS APARTMENT HOMES","ARIEL SPRINGS APARTMENT HOMES","5943","75","Converted","Safety Equipment,ESCUTCHEON PLATE","Blue Life","SAFETY THROW ROPE., ESCUTCHEON PLATE STAINLESS STEEL.","3/31/2026","Operaciones","3/31/2026","Manager","4/3/2026","True","Alexander Lara","4/3/2026","23262","75","4/3/2026",,,
"ARIEL SPRINGS APARTMENT HOMES","ARIEL SPRINGS APARTMENT HOMES","5959","1,623","Converted","Filter","Blue Life","FILTER DISC., D.E POWDER., INSTALLATION","4/2/2026","Manager","5/20/2026","Manager","5/25/2026","True","Brayan Alvares","5/25/2026","23792","1,623","5/20/2026",,,
"ARIEL SPRINGS APARTMENT HOMES","ARIEL SPRINGS APARTMENT HOMES","6180","880","Converted","Main Drain","Blue Life","1 Commercial Main Drain cover VGB., INSTALLATION","5/6/2026","Operaciones","5/7/2026","Manager","7/2/2026","True","Brayan Alvares","7/2/2026","25144","440","8/19/2026",,,
"Arium Citrus Run","Arium Citrus Run","6819",,"Converted","[]","Blue Life","FULL ACID WASH","8/26/2026","Comercial","8/24/2026","Manager","8/27/2026","True",,"8/27/2026",,,,,,
"Arium Grove Walk","Arium Grove Walk","6820",,"Converted","Acid Wash","Blue Life","FULL ACID WASH","8/26/2026","Comercial","8/24/2026","Manager","8/26/2026","False","Brayan Alvares",,,,,,,
"ARMATURE PLACE APARTMENTS","ARMATURE PLACE APARTMENTS","3068","6,200","Pending","Leak","Roger/BigBlue","Scum gutters service .The work is to make a proper fix around every scum gutter grates. The scum gutters are almost completely covered by old pool finishing where we can barely see inside the pipes.","3/5/2025","Técnico",,,,"False",,,,,,"0","0","0"
"ARMATURE PLACE APARTMENTS","ARMATURE PLACE APARTMENTS","5043","957","Converted","Filter","Blue Life","18 COMMERCIAL POOL FILTER DISK., D.E POWDER., FULL INSTALLATION","11/4/2025","Operaciones","11/6/2025","Manager","11/17/2025","False","Brayan Alvares","11/14/2025","21299","957","11/18/2025","2","8","4"
"ARMATURE PLACE APARTMENTS","ARMATURE PLACE APARTMENTS","5367","150","Converted","Plumbing","Blue Life","Pressure plumbing repair. Labor and Materials.","12/5/2025","Operaciones","12/8/2025","Regional","12/10/2025","False","Camilo Hidalgo","12/10/2025","21687","150","12/15/2025","3","2","5"
"ARMATURE PLACE APARTMENTS","ARMATURE PLACE APARTMENTS","5378","47,850","Pending","Resurface","Blue Life","Scum gutters service .The work is to make a proper fix around<br>every scum gutter , Refinish pool surface Marquis bluestone<br>Pool<br>grind around lights and all fitt, Commercial full leak detection before the resurface to avoid any issue in the futur","12/10/2025","Operaciones",,,,"False",,,,,,"0","0","0"
"ARMATURE PLACE APARTMENTS","ARMATURE PLACE APARTMENTS","5697","65","Converted","Feeders","Blue Life","NEW HOSE FOR FEEDERS., INSTALLATION","2/26/2026","Operaciones","3/2/2026","Manager","3/4/2026","True","No Aplica","3/4/2026","22827","65","3/4/2026",,,
"ARMATURE PLACE APARTMENTS","ARMATURE PLACE APARTMENTS","5936","675","Pending","ESCUTCHEON PLATE,Feeders",,"ESCUTCHEON PLATE STAINLESS STEEL., NEW CHEMICAL STENNER PUMP - PH FEEDER, PH FEEDER INSTALLATION","3/31/2026",,,,,"False",,,,,,,,
"Armature Square","Armature Square","5715","1,293","Converted","Skimmer Gutter,Lid","Blue Life","SKIMMER GUTTER., VALPACK LID REPAIR, MAIN DRAIN AND ESCUTCHEON PLATE","3/10/2026","Operaciones","4/10/2026","Manager","4/21/2026","True","Brayan Alvares","4/21/2026","23334","1,293","4/22/2026",,,
"Armature Square","Armature Square","6156","1,450","Converted","Leak","Blue Life","Replace vacuum Fitting on pool wall (Leak repair):<br>The pool will be drained belo","5/1/2026","Operaciones","6/22/2026","Quickbooks",,"False",,"7/17/2026","24705","1,450","7/17/2026",,,
"Armature Square","Armature Square","6168","211","Converted","Flotador","Blue Life","WATER LEVEL CONTROL BLACK VALVE VAKPAK SYSTEM., INSTALLATION","5/5/2026","Operaciones","5/6/2026","Manager","5/13/2026","True","Brayan Alvares","5/13/2026","23724","211","5/7/2026",,,
"ASCEND MIRADA","ASCEND MIRADA","5437","380","Converted","Service Maintenance Equipment","Blue Life","NEW HOSE FOR FEEDER +<br>LINE FEEDER +<br>PRESSURE GAUGE + <br>VACUUM GAUGE +<br>CL","1/6/2026","Operaciones","1/28/2026","Manager","2/10/2026","True","Camilo Leon","2/10/2026","22439","380","2/11/2026","22","13","1"
"ASCEND MIRADA","ASCEND MIRADA","5572","3,106","Pending","Filter","Blue Life","VAC FILTER ELEMENTS, FULL INSTALLATION","2/3/2026","Operaciones",,,,"False",,,,,,"0","0","0"
"ASCOTT PLACE APARTMENTS","ASCOTT PLACE APARTMENTS","3969","134","Converted","Safety Equipment","Blue Life","(#3969) 6 BLUE AND WHITE SAFETY FLOATS","4/10/2025","Técnico","5/7/2025","N/A",,"False",,"5/9/2025","18385","134.0","5/24/2025","27","2","15"
"ASCOTT PLACE APARTMENTS","ASCOTT PLACE APARTMENTS","3858","619","Converted","Feeders","Blue Life","(#3858) 1 FEEDER FRON POOL","3/19/2025","Health Department",,,,"False",,,"17878","619.0","4/3/2025","0","0","0"
"ASCOTT PLACE APARTMENTS","ASCOTT PLACE APARTMENTS","4065","744","Converted","Motors","Blue Life","(#4065)1.1HP MOTOR NEW COMMERCIAL POOL + PUMP SEAL SEAL + IMPELLER","5/7/2025","Operaciones",,,,"False",,,"18324","744.0","5/11/2025","0","0",
"ASCOTT PLACE APARTMENTS","ASCOTT PLACE APARTMENTS","4134","105","Converted","Skimmer Gutter","Blue Life","(#4134) 3 SKIMMER GUTTER FOR THE POOL SMALL","5/22/2025","Técnico","6/9/2025","N/A",,"False","Camilo Leon","6/12/2025","18705","105.0","6/13/2025","18","3","1"
"ASCOTT PLACE APARTMENTS","ASCOTT PLACE APARTMENTS","4776","1,076","Converted","Gauges,Flow Meter,Feeders,Vacuum Plug","Blue Life","PRESSURE GAUGE + FLOW METER 3 INCHES + PH FEEDER + 2 VACUUM PLUGS","5/8/2025","Health Department",,,,"False","Camilo Leon",,"20504","1076","9/9/2025","0",,
"ASCOTT PLACE APARTMENTS","ASCOTT PLACE APARTMENTS","4849","1,140","Converted","Service Maintenance Equipment","Blue Life","(#4849) SERVICE MAINTENANCE EQUIPMENT","8/27/2025","Operaciones","10/1/2025","Manager","10/3/2025","True","Camilo Leon","10/3/2025","20886","1140","10/7/2025","35","2","4"
"ASCOTT PLACE APARTMENTS","ASCOTT PLACE APARTMENTS","4973","273","Converted","Safety Equipment","Blue Life","(#4973) SAFETY ROPE POOL 2 + 2 ANCHORS + 6 FLOATS","9/8/2025","Manager","9/10/2025","Manager",,"False","Camilo Leon","9/12/2025","#20540","$273","9/15/2025","2","2","3"
"ASCOTT PLACE APARTMENTS","ASCOTT PLACE APARTMENTS","5021","800","Converted","Leak","Roger/BigBlue","(#5021) LEAK DETECTION BACK POOL","9/17/2025","Técnico","9/17/2025","N/A","9/25/2025","False","No Aplica","9/25/2025","20889","800","10/7/2025","1","8","12"
"ASCOTT PLACE APARTMENTS","ASCOTT PLACE APARTMENTS","5031","370","Converted","Safety Equipment","Blue Life","SAFETY LINE ROPE OFFICE POOL, NEW ANCHORS OFFICE POOL, BLUE AND WHITE SAFETY FLOATS OFFICE POOL, SAFETY LINE ROPE BACK POOL, NEW ANCHORS BACK POOL, FULL INSTALLATION","9/18/2025","Técnico","9/26/2025","Manager","9/30/2025","False","Camilo Leon","9/30/2025","20891","370","10/7/2025","8","4","7"
"ASCOTT PLACE APARTMENTS","ASCOTT PLACE APARTMENTS","5118","2,500","Converted","Leak","Blue Life","(#5118) Surface patch hole back pool + scum gutter repair back pool","10/8/2025","Comercial","11/19/2025","Manager","12/19/2025","False","No Aplica",,"21732, 21734","2500","12/30/2025","42","0",
"ASCOTT PLACE APARTMENTS","ASCOTT PLACE APARTMENTS","5041","1,105","Converted","Filter","Blue Life","MIDDLE POOL- 17 COMMERCIAL POOL FILTER DISK., D.E POWDER., FULL INSTALLATION","11/10/2025","Operaciones","7/27/2026","Manager","8/7/2026","True","Brayan Alvares","8/13/2026","25117","920","8/13/2026","0","0","0"
"ASCOTT PLACE APARTMENTS","ASCOTT PLACE APARTMENTS","5040","883","Converted","Filter","Blue Life","BACK POOL- 22 COMMERCIAL POOL FILTER DISK., D.E POWDER., FULL INSTALLATION","11/10/2025","Operaciones","7/27/2026","Manager","8/7/2026","True","Brayan Alvares","8/13/2026","25118","1,105","8/13/2026","0","0","0"
"ASCOTT PLACE APARTMENTS","ASCOTT PLACE APARTMENTS","5039","883","Converted","Filter","Blue Life","FRONT POOL- 16 COMMERCIAL POOL FILTER DISK., D.E POWDER., FULL INSTALLATION","11/10/2025","Operaciones","7/27/2026","Manager","8/7/2026","True","Brayan Alvares","8/13/2026","25119","883","8/13/2026","0","0","0"
"ASCOTT PLACE APARTMENTS","ASCOTT PLACE APARTMENTS","5320","600","Converted","Sum Pump","Blue Life","SUM PUMP CH POOL, FULL INSTALLATION","11/19/2025","Manager","11/20/2025","Manager","11/24/2025","True","Camilo Hidalgo","11/24/2025","21337","600","11/28/2025","1","4","4"
"ASCOTT PLACE APARTMENTS","ASCOTT PLACE APARTMENTS","5381","1,230","Converted","Sum Pump,Motors","Blue Life","SUMP PUMP BACK POOL, FULL INSTALLATION SUMP PUMP, NEW COMMERCIAL POOL VACCUM MOTOR 1HP BACK POOL, IMPELLER, SEAL, FULL INSTALLATION","12/12/2025","Operaciones","12/17/2025","Manager","12/19/2025","True","Brayan Alvares","12/19/2025","21710","1230","12/19/2025","5","2","1"
"ASCOTT PLACE APARTMENTS","ASCOTT PLACE APARTMENTS","5937","56","Pending","ESCUTCHEON PLATE",,"ESCUTCHEON PLATE STAINLESS STEEL.","3/31/2026",,,,,"False",,,,,,,,
"ASCOTT PLACE APARTMENTS","ASCOTT PLACE APARTMENTS","6104","866","Pending","Motors,Seal Motor",,"POOL 1: NEW COMMERCIAL POOL MOTOR 1HP-1PHASE VACUUM, IMPELLER, MOTOR SEAL, INSTALLATION","4/23/2026",,,,,"False",,,,,,,,
"ASCOTT PLACE APARTMENTS","ASCOTT PLACE APARTMENTS","6000","5,297.5","Converted","Motors,Pumps,Sum Pump,Feeders,Flotador,Safety Equipment","Blue Life","BACK POOL. ESCUTCHEON PLATE, FRONT POOL : NEW COMMERCIAL POOL MOTOR 1HP-1PHASE VACUUM, FRONT POOL: IMPELLER, FRONT POOL: MOTOR SEAL, FRONT POOL: MOTOR INSTALLATION, FRONT POOL: SAFETY LINE ROPE., FRONT POOL: BLUE AND WHITE SAFETY FLOATS., FRONT POOL: NEW ANCHORS., FRONT POOL: NEW CHEMICAL <br>STENNER PUMP - CHLORINE <br>FEEDER, FRONT POOL: SUMP PUMP, FRONT POOL: WATER LEVEL CONTROL VALVE VAKPAK SYSTEM., FRONT POOL: CHLORINE FEEDER, SUMP PUMP AND WATER LEVEL CONTROL, INSTALLATION, OFFICE POOL: NEW COMMERCIAL 3HP PUMP, OFFICE POOL: NEW PLUMBING FOR THE INSTALLATION., OFFICE POOL: SUMP PUMP","6/4/2026","Manager","6/4/2026","Manager","6/5/2026","True","Brayan Alvares","6/5/2026","24199","5,297.50","6/5/2026",,,
"ASCOTT PLACE APARTMENTS","ASCOTT PLACE APARTMENTS","6496","2,820","Converted","Hinges","Brian/ Responsable Pools","ALUMINUM GATE POOL LATCH - BLACK, ALIMINUM HINGE - BLACK, MISCELLANEOUS, INSTALLATION","6/20/2026",,"7/10/2026","Manager","7/21/2026","False","No Aplica","7/21/2026","24706","2.820","7/21/2026",,,
"ASCOTT PLACE APARTMENTS","ASCOTT PLACE APARTMENTS","6752",,"Converted","Valves","Blue Life","POOL 1: HOSE BIBB VALVE AND INSTALLATION","8/4/2026","Operaciones","8/5/2026","Manager","8/15/2026","True","Camilo Leon","8/18/2026","25149","100","8/19/2026",,,
"ASCOTT PLACE APARTMENTS","ASCOTT PLACE APARTMENTS","6849",,"Repair Done","Feeders","Blue Life","NEW HOSE FOR FEEDERS PH AND CHLORINE, FULL INSTALLATION","8/24/2026","Operaciones","8/26/2026","Manager","8/29/2026","True","Adrian Suarez","8/27/2026",,,,,,
"ASCOTT PLACE APARTMENTS","ASCOTT PLACE APARTMENTS","6853",,"Declined","Sum Pump","Blue Life","POOL 1: SUMP PUMP., INSTALLATION","8/25/2026","Operaciones","8/26/2026","Manager",,"False",,,,,,,,
"ASHER APARTMENTS","ASHER APARTMENTS",,,,"Special Cleaning","Blue Life","Special Cleaning Due to Fecal Accident",,"Técnico",,,,"False"," Diego Avila","6/15/2025",,,"6/15/2025","0",,"1"
"ASHER APARTMENTS","ASHER APARTMENTS","4120","3,417","Converted","Chemical Controller,Feeders","Blue Life","(#4120)NEW CHEMICAL CONTROLLER HAYWARD HCC2000 SPA +NEW CHEMICAL STENNER PUMP OF THE CHLORINE (SPA) +RE LOCATED 2 CAT CO","5/19/2025","Operaciones","5/22/2025","N/A",,"False","Camilo Leon","6/16/2025","18708","3417.0","6/16/2025","3","25","1"
"ASHER APARTMENTS","ASHER APARTMENTS","3815","2,597","Converted","Pumps,Plumbing","Blue Life","(#3815) 1 MAX E PRO XF 3HP 3 PHASE , SPA JETS PUMP+PLUMBING","3/4/2025","Operaciones",,,,"False",,,"17647","2597.0","7/3/2025","0","0",
"ASHER APARTMENTS","ASHER APARTMENTS","4047","2,146","Converted","Filter","Blue Life","(#4047) 8 NEW PH155 FILTERS ( SPECIAL ORDER ) TAKE 7 DAYS.","5/2/2025","Operaciones","5/5/2025","N/A",,"False","Camilo Leon","5/12/2025","18330","2146.0","5/12/2025","3","7","1"
"ASHER APARTMENTS","ASHER APARTMENTS","5042","890","Converted","Filter","Blue Life","(1) COMMERCIAL SPA FILTERS PLM300, FULL INSTALLATION","9/23/2025","Operaciones","9/23/2025","Manager","10/2/2025","False","Alfredo Jimenez","10/2/2025","20888","890","10/7/2025","1","9","5"
"ASHER APARTMENTS","ASHER APARTMENTS","4618","8,840","Converted","Heaters","Blue Life","NEW POOL GAS HEATER, ASME COMMERCIAL APPLICATION, UNIT AND INSTALLATION WITH 2 YEAR, DELIVERY FROM MANUFACTURE 2-3 BUSINESS DAY","11/17/2025","Operaciones","11/17/2025","Quickbooks","11/26/2025","True","Brayan Alvares","11/26/2025","21327","8840","11/26/2025","1","9","1"
"ASHER APARTMENTS","ASHER APARTMENTS","5585","500","Converted","Returns Cover","Blue Life","SPA RETURN REPAIR","2/5/2026","Operaciones","2/5/2026","Manager","2/10/2026","True","Camilo Leon","2/11/2026","22442","500","2/11/2026","1","6","1"
"ASHER APARTMENTS","ASHER APARTMENTS","5829","2,936","Converted","Filter","Blue Life","NEW ST155 FILTERS ( SPECIAL <br>ORDER ) TAKE 7 DAYS., COMMERCIAL SPA FILTERS PLM300, INSTALLATION","3/19/2026","Operaciones","3/19/2026","Manager","4/4/2026","True","Camilo Leon","4/4/2026","23268","2.936","4/6/2026",,,
"ASHER APARTMENTS","ASHER APARTMENTS","6722",,"Converted","Heaters","Brian/ Responsable Pools","SPA: GAS HEATER, ASME<br>COMMERCIAL APPLICATION, UNIT<br>AND INSTALLATION WITH 2 YE, DELIVERY FROM MANUFACTURE<br>2-3 BUSINESS DAY","7/29/2026","Operaciones","8/3/2026","Manager","8/14/2026","True","No Aplica","8/14/2026","25161","9,485","8/21/2026",,,
"ATLAS AT BAY POINT","ATLAS AT BAY POINT","4230","619","Converted","Feeders","Blue Life","(#4230)NEW CHEMICAL STENNER PUMP FOR THE PH. ","6/18/2025","Técnico","7/24/2025","N/A",,"False",,"4/8/2025","#20194","$619",,"36","-107","0"
"ATLAS AT BAY POINT","ATLAS AT BAY POINT","3918","450","Converted","Leak","Roger/BigBlue","(#3918)CONCRETE POOL TANK LEAK REPAIR","4/4/2025","Técnico",,,,"False",,,"17961","450.0","4/11/2025","0","0",
"ATLAS AT BAY POINT","ATLAS AT BAY POINT","3881","299","Converted","Seal Motor","Blue Life","(#3881) SEAL + INTALLATION","3/26/2025","Técnico",,,,"False",,,"17972","299.0","4/15/2025","0","0",
"ATLAS AT BAY POINT","ATLAS AT BAY POINT",,,"Pending","Filter","Blue Life","(2) CC100, D.E POWDER, FULL INSTALLATION",,"Operaciones",,,,"True",,"3/17/2025",,,,"0",,"0"
"ATLAS AT BAY POINT","ATLAS AT BAY POINT","5653","350","Pending","Filter",,"FILTER CC200 STA RITE, INSTALLATION","2/17/2026",,,,,"False",,,,,,,,
"ATLAS AT BAY POINT","ATLAS AT BAY POINT","6097","321","Pending","Safety Equipment",,"COMMERCIAL SAFETY LIFE RING COAST GUARD APPROVED., SAFETY POLE 16&quot;., SAFETY THROW ROPE.","4/23/2026",,,,,"False",,,,,,,,
"AVENTON MEADOWS","AVENTON MEADOWS","4192","433","Converted","Autofill","Blue Life","(#4192)1 REGULAR AUTO LEVEL CONTROL VALVE +ROOF JACK 200# LOCKING 28 '’","6/11/2025","Operaciones","6/11/2025","N/A",,"False","Brayan Alvares",,"19106","433.0","8/7/2025","1","0",
"AVENTON MEADOWS","AVENTON MEADOWS","4786","377","Converted","Flow Meter","Blue Life","(#4786) FLOW METER 4”","8/8/2025","Técnico","8/8/2025","N/A",,"False","Camilo Leon","8/18/2025","20178","377.0","8/22/2025","1","10","4"
"AVENTON MEADOWS","AVENTON MEADOWS","4842","129","Converted","Service Maintenance Equipment","Blue Life","(#4842) NEW HOSE FOR FEEDERS ","8/25/2025","Técnico","8/25/2025","Manager",,"False","Angel Viña","9/3/2025","#20520","$129","9/9/2025","1","9","6"
"AVENTON MEADOWS","AVENTON MEADOWS","5264","380","Converted","Service Maintenance Equipment","Blue Life","NEW HOSE FOR FEEDER +<br>LINE FEEDER +<br>PRESSURE GAUGE + <br>VACUUM GAUGE +<br>CL","11/5/2025","Operaciones","11/5/2025","Quickbooks","11/6/2025","True","Camilo Leon","11/6/2025","21263","380","11/7/2025","1","1","1"
"AVENTON MEADOWS","AVENTON MEADOWS","5109","1,549","Pending","Filter","Blue Life","RECTANGULAR ANTHONY FILTER GRIDS, D.E POWDER., FULL INSTALLATION","11/10/2025","Operaciones",,,,"True",,,,,,"0","0","0"
"AVENTON MEADOWS","AVENTON MEADOWS","6112","80","Converted","Steps","Blue Life","STEEL STEP., INSTALLATION","4/24/2026","Operaciones","4/24/2026","Manager","4/27/2026","True","Camilo Leon","4/28/2026","23380","80","4/29/2026",,,
"AVENTON MEADOWS","AVENTON MEADOWS","6122","70","Converted","Feeders","Blue Life","INSTALLATION OF A NEW HOSE FOR FEEDER - CHLORINE FEEDER","4/27/2026","Operaciones","4/27/2026","Manager","4/28/2026","True","Camilo Leon","4/28/2026","23381","70","4/29/2026",,,
"AVENTON MEADOWS","AVENTON MEADOWS","6416","400","Pending","Lid",,"LABOR AND MATERIALS - <br>REPAIR TWO LID HINCHES","6/10/2026",,,,,"False",,,,,,,,
"AVENTON MEADOWS","AVENTON MEADOWS","6463","153","Converted","Lights","Blue Life","POOL LIGHT WEDGE., INSTALLATION","6/16/2026","Operaciones","6/16/2026","Manager","6/30/2026","True","Camilo Leon","6/30/2026","24307","153","6/30/2026",,,
"AVENTON MEADOWS","AVENTON MEADOWS","6774",,"Converted","Feeders","Blue Life","POOL: NEW CHEMICAL STENNER PUMP - PH FEEDER, INSTALLATION","8/11/2026","Operaciones","8/11/2026","Manager","8/14/2026","True","Angel Viña","8/14/2026","25133","619","8/17/2026",,,
"AVIDITY LIVING","AVIDITY LIVING","3686","1,278.78","Converted","Filter","Blue Life","(#3686) 27 RECTANGULAR ANTHONY FILTERS GRIDS +D.E. POWER","1/14/2025","Técnico","3/11/2025","N/A",,"False","Yasiel Amador","3/12/2025","17666","1278.78","3/14/2025","56","1","2"
"AVIDITY LIVING","AVIDITY LIVING","4995","380","Converted","Service Maintenance Equipment","Blue Life","NEW HOSE FOR FEEDER +LINE FEEDER +PRESSURE GAUGE + VACUUM GAUGE ","9/12/2025","Técnico",,"Quickbooks",,"False","Camilo Leon","10/2/2025","20875","380","10/6/2025",,,"4"
"AVIDITY LIVING","AVIDITY LIVING","5184","200","Converted","Thermometer","Blue Life","NEW THERMOMETER., STANDAR LABOR","10/22/2025","Técnico","10/24/2025","Quickbooks","10/28/2025","True","Camilo Leon","10/28/2025","21235","200","11/3/2025","2","4","6"
"AVIDITY LIVING","AVIDITY LIVING","5079","1,238","Converted","Feeders","Blue Life","NEW CHEMICAL STENNER PUMP - CL FEEDER, PH FEEDER INSTALLATION","2/3/2026","Operaciones","4/25/2026","Manager","4/29/2026","True"," Diego Avila","5/1/2026","23699","1,238","5/1/2026","0","0","0"
"AVIDITY LIVING","AVIDITY LIVING","5652","80","Converted","Nets",,"NETS","2/17/2026","Operaciones","2/19/2026","Manager","2/24/2026","True","Camilo Leon","2/24/2026","22495","80","2/25/2026",,,
"AVIDITY LIVING","AVIDITY LIVING","5960","1,425","Pending","Filter",,"RECTANGULAR ANTHONY FILTER GRIDS, D.E POWDER., INSTALLATION","4/2/2026",,,,,"False",,,,,,,,
"AVIDITY LIVING","AVIDITY LIVING","5985","1,800","Pending","Acid Wash",,"PARTIAL ACID WASH, We recommend changing all covers to <br>prevent the stains from reappearing","4/6/2026",,,,,"False",,,,,,,,
"AVIDITY LIVING","AVIDITY LIVING","6690","4,592.5","Converted","Pumps","Blue Life","NEW PENTAIR COMMERCIAL 5HP VARIABLE SPEED PUMP., INSTALLATION","7/22/2026","Operaciones","7/27/2026","Manager","8/7/2026","True","Brayan Alvares","8/3/2026","24991","4,592.50","8/3/2026",,,
"AVION AT CARROLWOOD","AVION AT CARROLWOOD","2758","1,031","Converted","Filter","Blue Life","(#2758) 20 COMMERCIAL POOL FILTER DISK + D.E POWDER","3/9/2025","Técnico","5/22/2025","N/A",,"True","Brayan Alvares","6/8/2025","18693","1031.0","6/11/2025","74","17","3"
"AVION AT CARROLWOOD","AVION AT CARROLWOOD","4860","380","Converted","Service Maintenance Equipment","Blue Life","(#4860) NEW HOSE FOR FEEDER +LINE FEEDER +PRESSURE GAUGE + VACUUM GAUGE +CL","9/2/2025","Técnico","9/4/2025","Quickbooks",,"False","Camilo Leon","9/7/2025","20524","380","9/9/2025","2","3","2"
"AVION AT CARROLWOOD","AVION AT CARROLWOOD","5513","1,246","Converted","Motors","Blue Life","NEW 3HP POOL MOTOR - 1 PHASE, IMPELLER, MOTOR SEAL, FULL INSTALLATION","1/20/2026","Operaciones","1/23/2026",,,"False","Brayan Alvares","1/26/2025","22102","1246","1/27/2026","3","-362","366"
"AVION AT CARROLWOOD","AVION AT CARROLWOOD","5789","619","Converted","Feeders","Blue Life","NEW CHEMICAL STENNER PUMP - PH FEEDER, PH FEEDER INSTALLATION","3/12/2026","Operaciones","3/19/2026","Manager","3/20/2026","True","Camilo Leon","3/20/2026","22899","619","3/20/2026",,,
"AVION AT CARROLWOOD","AVION AT CARROLWOOD","5842","350","Pending","Service Call",,"Break up concrete and install new plumbing.","3/20/2026",,,,,"False",,,,,,,,
"AVION AT CARROLWOOD","AVION AT CARROLWOOD","5938","412","Converted","Flow Meter,ESCUTCHEON PLATE","Blue Life","COMMERCIAL FLOW METER 3 inc, ESCUTCHEON PLATE STAINLESS STEEL., FLOW METER AND ESCUTCHEON INSTALLATION","3/31/2026","Operaciones","4/15/2026","Manager","4/25/2026","True","Brayan Alvares","4/25/2026","23366","412","4/27/2026",,,
"AVION AT CARROLWOOD","AVION AT CARROLWOOD","6537","1,031","Converted","Filter","Blue Life","COMMERCIAL POOL FILTER DISC., D.E POWDER., INSTALLATION","6/25/2026","Operaciones","7/7/2026","Manager","7/31/2026","True","Brayan Alvares","8/22/2026","25171","1.031","8/24/2026",,,
"AVION AT CARROLWOOD","AVION AT CARROLWOOD","6684","496.5","Converted","Seal Motor,Clamps","Blue Life","MOTOR CLAMP, MOTOR SEAL., INSTALLATION","7/20/2026","Operaciones","7/21/2026","Manager","7/31/2026","True","Brayan Alvares","8/4/2026","25068","496.50","8/5/2026",,,
"AVION AT CARROLWOOD","AVION AT CARROLWOOD","6766",,"Accepted","Plumbing","Blue Life","Plumbing repair for a leak","8/7/2026","Operaciones","8/26/2026","Manager","8/29/2026","True","Brayan Alvares",,,,,,,
"AZALEA EAST TAMPA","AZALEA EAST TAMPA","3872","4,070","Converted","Pumps","Blue Life","(#3872)NEW SPEEK 5HP PUMP 3 PHASE + INSTALLATION","3/24/2025","Operaciones",,,,"False",,,"17677","4070.0","3/25/2025","0","0","0"
"AZALEA EAST TAMPA","AZALEA EAST TAMPA","5095","397","Converted","Flow Meter","Blue Life","COMMERCIAL FLOW METER 4""., INSTALLATION","10/2/2025","Técnico","10/3/2025","Manager","10/8/2025","True","Camilo Hidalgo","10/8/2025","20903","397","10/9/2025","1","5","1"
"AZALEA EAST TAMPA","AZALEA EAST TAMPA","5219","800","Pending","Leak","Roger/BigBlue","Commercial full leak detection.","11/10/2025","Operaciones",,,,"True",,,,,,"0","0","0"
"AZALEA EAST TAMPA","AZALEA EAST TAMPA","5471","1,253","Pending","Filter","Blue Life","RECTANGULAR ANTHONY FILTER GRIDS, D.E POWDER., FULL INSTALLATION","1/9/2026","Operaciones",,,,"False",,,,,,"0","0","0"
"AZALEA EAST TAMPA","AZALEA EAST TAMPA","5483","180","Converted","Plumbing","Blue Life","LABOR AND MATERIAL PLUMBING REPAIR","1/13/2026","Operaciones","1/21/2026","Manager ","1/23/2026","True","Brayan Alvares","1/23/2026","22094","180","1/23/2026","8","2","1"
"AZALEA EAST TAMPA","AZALEA EAST TAMPA","5514","380","Converted","Service Maintenance Equipment","Blue Life","NEW HOSE FOR FEEDER +<br>LINE FEEDER +<br>PRESSURE GAUGE + <br>VACUUM GAUGE +<br>CL","1/20/2026","Operaciones","3/17/2026","Manager","3/18/2026","True","Camilo Leon","3/19/2026","22898","380","3/19/2026","0","0","0"
"AZALEA EAST TAMPA","AZALEA EAST TAMPA","5872","1,238","Converted","Feeders","Blue Life","NEW CHEMICAL STENNER PUMP - PH AND CHLORINE FEEDER, PH AND CHLORINE FEEDER INSTALLATION","3/24/2026","Operaciones","5/21/2026","Manager","5/25/2026","True","Angel Hernandez","5/25/2026","23817","1,238","5/25/2026",,,
"AZALEA EAST TAMPA","AZALEA EAST TAMPA","6617","290","Converted","Pumps","Blue Life","PUMP SEALS., PUMP SEALS INSTALLATION","7/7/2026","Operaciones","7/20/2026","Manager","7/24/2026","True","Brayan Alvares","7/24/2026","24733","290","7/24/2026",,,
"AZOLA SOUTH TAMPA","AZOLA SOUTH TAMPA","3722","264.25","Converted","Pumps","Blue Life","CLAMP FOR VACUUM PUMP+FULL INSTALLATION","1/22/2025","Técnico",,,,"False",,,"17212","264.25","2/3/2025","0","0","0"
"AZOLA SOUTH TAMPA","AZOLA SOUTH TAMPA","3923","1,253","Converted","Filter","Blue Life","(#3923) 26 RECTANGULAR ANTHONY FILTER GRIDS +D.E POWER","4/5/2025","Operaciones","4/8/2025","N/A",,"False","No Aplica","4/16/2025","17982","1253","4/17/2025","3","8","1"
"AZOLA SOUTH TAMPA","AZOLA SOUTH TAMPA","3772","1,028.75","Converted","Lights","Blue Life","(#3772) 4 WHITE LIGHT BLUB + 4 LIGHT SEAL","2/13/2025","Técnico",,,,"False",,,"17612","1028.75","1/3/2025","0","0",
"AZOLA SOUTH TAMPA","AZOLA SOUTH TAMPA","5053","380","Converted","Service Maintenance Equipment","Blue Life","NEW HOSE FOR FEEDER +LINE FEEDER +PRESSURE GAUGE + VACUUM GAUGE ","9/23/2025","Operaciones","11/20/2025","Manager","12/8/2025","True","Brayan Alvares",,"21675","380","12/10/2025","58","0",
"AZOLA SOUTH TAMPA","AZOLA SOUTH TAMPA","5475","1,300","Pending","Lights","Blue Life","NEW LED WHITE LIGHT., FULL INSTALLATION","1/12/2026","Operaciones",,,,"False",,,,,,"0","0","0"
"AZOLA SOUTH TAMPA","AZOLA SOUTH TAMPA","5465","619","Converted","Feeders","Blue Life","NEW CHEMICAL STENNER PUMP, CHLORINE FEEDER, CHLORINE FEEDER INSTALLATION","2/12/2026","Operaciones","6/30/2026","Manager","7/4/2026","True","Brayan Alvares","7/4/2026","24650","619","7/6/2026","0","0","0"
"AZOLA SOUTH TAMPA","AZOLA SOUTH TAMPA","5961","1,333","Converted","Filter","Blue Life","RECTANGULAR ANTHONY FILTER GRIDS, D.E POWDER., INSTALLATION","4/2/2026","Operaciones","7/1/2026","Manager","7/4/2026","True","Brayan Alvares","7/4/2026","24652","1,333","7/6/2026",,,
"AZOLA SOUTH TAMPA","AZOLA SOUTH TAMPA","6503","153","Converted","Lights","Blue Life","POOL LIGHT WEDGE., INSTALLATION","6/22/2026","Operaciones","6/30/2026","Manager","7/4/2026","True","Brayan Alvares","7/4/2026","24654","153","7/6/2026",,,
"AZURE EAST APARTMENT","AZURE EAST APARTMENT","4774","933","Converted","Filter","Blue Life","(#4774) 16 COMMERCIAL POOL FILTER DISK +D.E POWDER+FULL INSTALLATION","8/5/2025","Técnico","9/19/2025","N/A",,"False","Brayan Alvares","9/22/2025","20576","933","9/29/2025","45","3","7"
"AZURE EAST APARTMENT","AZURE EAST APARTMENT","5832","692","Converted","Special Cleaning,Gauges,Safety Equipment,Throw Rope","Blue Life","COMMERCIAL SAFETY LIFE RING COAST GUARD APPROVED., SAFETY THROW ROPE., SPECIAL POOL CLEANING FOR START UP","5/5/2026","Operaciones","5/5/2026","Manager","5/7/2026","True","Miguel Morales","5/7/2026","23732","692","5/7/2026",,,
"AZURE EAST APARTMENT","AZURE EAST APARTMENT","6193","280","Converted","Skimmer Gutter","Blue Life","4 SKIMMER GUTTER., INSTALLATION","5/7/2026","Operaciones","5/8/2026","Manager","5/8/2026","True","Brayan Alvares","5/8/2026","23748","280","5/8/2026",,,
"AZURE EAST APARTMENT","AZURE EAST APARTMENT","6287","163","Converted","Safety Equipment,Safety Line Rope","Blue Life","SAFETY LINE ROPE, BLUE AND WHITE SAFETY FLOATS","5/21/2026","Operaciones","5/28/2026","Manager","5/30/2026","True","Miguel Morales","5/30/2026","24166","163","6/1/2026",,,
"AZURE EAST APARTMENT","AZURE EAST APARTMENT","6528","1,200","Converted","Main Drain,Valves","Blue Life","Drain 80% of the pool<br>Replace Main drain and skimmer valves<br>Fill the pool and","6/24/2026","Operaciones","6/26/2026","Manager","7/8/2026","True","Brayan Alvares","7/25/2026","24740","1,200","7/28/2026",,,
"AZURE EAST APARTMENT","AZURE EAST APARTMENT","6773",,"Converted","Sum Pump","Blue Life","SUMP PUMP., FULL INSTALLATION","8/11/2026","Operaciones","8/11/2026","Manager","8/15/2026","True","Brayan Alvares","8/17/2026","25141","550","8/17/2026",,,
"AZURE EAST APARTMENT","AZURE EAST APARTMENT","6839",,"Converted","Toro Valve,Flotador","Blue Life","WATER LEVEL CONTROL VALVE VAKPAK SYSTEM., WATER TORO VALVE., FULL INSTALLATION","8/21/2026","Operaciones","8/21/2026","Manager","8/28/2026","True","Brayan Alvares","8/24/2026","25181","411","8/24/2026",,,
"BALCARA 301 SUN CITY","BALCARA 301 SUN CITY",,,"Converted","Filter","Blue Life","(12) RECTANGULAR ANTHONY FILTER GRIDS",,"Operaciones",,,,"False","Yasiel Amador","3/3/2025","17636","725.52","3/6/2025","0",,"3"
"BALCARA 301 SUN CITY","BALCARA 301 SUN CITY","5056","2,200","Pending","Leak","Blue Life","Add French drain at vac pack to prevent flooding into motor in future.<br><br>15 fe","11/10/2025","Operaciones",,,,"True",,,,,,"0","0","0"
"BALCARA 301 SUN CITY","BALCARA 301 SUN CITY","5353","1,850","Converted","Pumps","Blue Life","NEW 2.2 HP VS COMMERCIAL POOL PUMP, FULL INSTALLATION","12/1/2025","Operaciones","12/1/2025","Manager","12/4/2025","True","Camilo Hidalgo",,"21674","2050","12/10/2025","1","0",
"BALCARA 301 SUN CITY","BALCARA 301 SUN CITY","5962","795","Converted","Filter","Blue Life","12 RECTANGULAR ANTHONY FILTER GRIDS, D.E POWDER., INSTALLATION","4/2/2026","Operaciones","8/12/2026","Manager","8/21/2026","True","Brayan Alvares","8/18/2026","25143","795","8/19/2026",,,
"BALCARA 301 SUN CITY","BALCARA 301 SUN CITY","6599","320","Accepted","Lid","Blue Life","LABOR AND MATERIALS - LID <br>HINGES","7/3/2026","Operaciones","7/8/2026","Manager","7/16/2026","True","Brayan Alvares",,,,,,,
"BAY POINT COLONY","BAY POINT COLONY","4063","619","Converted","Feeders","Blue Life","(#4063)  NEW CHEMICAL STENNER PUMP","5/6/2025","Técnico","5/29/2025","N/A",,"False","Camilo Hidalgo","5/30/2025","18674","619.0","3/6/2025","23","1","-85"
"BAY POINT COLONY","BAY POINT COLONY","4150","943","Converted","Motors","Blue Life","(#4150) 1 NEW COMMERCIAL 2.2HP MOTOR + SEAL + IMPELLER","5/27/2025","Técnico","5/29/2025","N/A",,"False","Camilo Hidalgo","5/30/2025","18673","943.0","3/6/2025","2","1","-85"
"BAY POINT COLONY","BAY POINT COLONY","3507","684","Converted","Filter","Blue Life","(#3507) 1 NEW DE FILTERS GRIDS","4/28/2025","Operaciones","5/3/2025","N/A",,"False","Yasiel Amador","5/6/2025","18303","684","8/5/2025","5","3","91"
"BAYOU POINT PINELLAS PARK","BAYOU POINT PINELLAS PARK","4213","1,330","Converted","Pumps,Plumbing","Blue Life","(#4213 ) NEW 1HP PENTAIR PUMP + PLUMBING ","6/16/2025","Técnico","6/19/2025","N/A",,"False","Brayan Alvares","6/25/2025","19040","1330.0","2/7/2025","3","6","-138"
"BAYOU POINT PINELLAS PARK","BAYOU POINT PINELLAS PARK","5018","1,650","Converted","Motors","Blue Life","NEW 2.5 HP POOL MOTOR CLUBHOUSE POOL, IMPELLER, SEAL, NEW PLUMBING FOR THE INSTALLATION, HOUSING, FULL INSTALLATION","9/22/2025","Técnico","9/22/2025","N/A",,"False","Brayan Alvares","9/24/2025","20580","1650","9/29/2025","1","2","5"
"BAYOU POINT PINELLAS PARK","BAYOU POINT PINELLAS PARK","5017","2,890","Pending","Pumps,Plumbing","Blue Life","NEW COMMERCIAL 3HP VARIABLE SPEED PUMP CLUBHOUSE, NEW PLUMBING FOR THE INSTALLATION, FULL INSTALLATION","11/10/2025","Operaciones",,,,"True",,,,,,"0","0","0"
"BAYOU POINT PINELLAS PARK","BAYOU POINT PINELLAS PARK","5061","1,740","Pending","Pumps","Blue Life","OFFICE POOL - NEW 2.2 HP VS COMMERCIAL POOL PUMP., INSTALLATION","11/10/2025","Operaciones",,,,"True",,,,,,"0","0","0"
"BAYOU POINT PINELLAS PARK","BAYOU POINT PINELLAS PARK","5309","772","Converted","Filter,Autofill","Blue Life","FILTERS DISK CLUB HOUSE POOL 2- COMMERCIAL POOL FILTER DISK. 13, AUTOFILL PLUMBING, CLUB HOUSE POOL 2.","11/18/2025","Health Department","12/10/2025","Manager","12/15/2025","True","Brayan Alvares","12/15/2025","21700","772","12/17/2025","22","5","2"
"BAYOU POINT PINELLAS PARK","BAYOU POINT PINELLAS PARK","5945","1,014","Converted","Feeders,Line Chlorinator ",,"OFFICE POOL: NEW CHEMICAL STENNER PUMP - PH FEEDER, RAINBOW 320 IN - LINE CHLORINATOR, INSTALLATION","3/31/2026","Operaciones","5/6/2026","Manager","5/13/2026","True","Brayan Alvares","8/19/2026","23759","1,014","5/15/2026",,,
"BAYOU POINT PINELLAS PARK","BAYOU POINT PINELLAS PARK","6286","1","Pending","Lid",,"LABOR AND MATERIALS - <br>REPAIR TWO LID HINCHES","5/21/2026",,,,,"False",,,,,,,,
"BAYOU POINT PINELLAS PARK","BAYOU POINT PINELLAS PARK","6296","1,814","Pending","Filter,Lid",,"OFFICE POOL: FILTER DISC., D.E POWDER., FILTER INSTALLATION, LABOR AND MATERIASL - REPAIR TWO LID HINGES","5/21/2026",,,,,"False",,,,,,,,
"BAYOU POINT PINELLAS PARK","BAYOU POINT PINELLAS PARK","6296","1,814","Pending","Filter,Separation Tank",,"OFFICE POOL: FILTER DISC., D.E POWDER., OFFICE POOL: SEPARATION TANK, DURAGLASS CLEAR STRAINER COVER, FILTER, SEPARATION TANK, AND DURAGLSS COVER INSTALLATION","5/25/2026",,,,,"False",,,,,,,,
"BAYVUE APARTMENT HOMES","BAYVUE APARTMENT HOMES","3811","202","Converted","Gauges","Blue Life","(#3811) 2 PRESSURE GAUGE + 2 SKIMMER GUTTER COMPLETAR HD","3/3/2025","Health Department",,,,"False",,,"17670","202.0","3/19/2025","0","0","0"
"BAYVUE APARTMENT HOMES","BAYVUE APARTMENT HOMES","3536","809","Converted","Filter","Blue Life","(#3536) POOL 2 (DE ATRÁS) 13 COMMERCIAL POOL FILTER DISK + D.E POWER","4/5/2025","Operaciones","4/7/2025","N/A",,"False","No Aplica","4/8/2025","17962","809","4/11/2025","2","1","3"
"BAYVUE APARTMENT HOMES","BAYVUE APARTMENT HOMES","5404","1,050","Converted","Separation Tank","Blue Life","PENTAIR SEPARATION TANK, FULL INSTALLATION","12/19/2025","Operaciones","12/22/2025","Manager","12/26/2025","True","Brayan Alvares","12/26/2025","21720","1050","12/26/2025","3","4","1"
"BAYVUE APARTMENT HOMES","BAYVUE APARTMENT HOMES","5748","153","Converted","Lights","Blue Life","POOL LIGHT WEDGE., LIGHT INSTALLATION","3/10/2026","Operaciones","3/10/2026","Manager","3/12/2026","True","Camilo Leon","3/12/2026","22861","153","3/13/2026",,,
"BAYVUE APARTMENT HOMES","BAYVUE APARTMENT HOMES","5990","772","Converted","Filter","Blue Life","POOL 2: FILTER DISC., D.E POWDER., INSTALLATION","4/7/2026","Operaciones","4/8/2026","Manager","4/17/2026","True","Brayan Alvares","4/17/2026","23322","772","4/17/2026",,,
"BAYVUE APARTMENT HOMES","BAYVUE APARTMENT HOMES","6718",,"Converted","Motors,Seal Motor","Blue Life","POOL: NEW COMMERCIAL MOTOR 3HP - 1 SINGLE PHASE, IMPELLER., MOTOR SEAL., INSTALLATION","7/29/2026","Operaciones","7/29/2026","Manager","8/7/2026","True","Brayan Alvares","8/4/2026","25070","1,246","8/5/2026",,,
"BB LIVING","BB LIVING","5685","800","Converted","Leak","Roger/BigBlue","Commercial full leak detection.","2/23/2026","Operaciones","3/10/2026","Manager",,"False","No Aplica","4/13/2026","23302","800","4/15/2026",,,
"BB Living at Wellen Park","BB Living at Wellen Park","6769",,"Converted","Motors","Blue Life","POOL: NEW COMMERCIAL MOTOR 3HP - SINGLE PHASE, IMPELLER, MOTOR SEAL., 2 PRESSURE GAUGE., FULL INSTALLATION","8/14/2026","Operaciones","8/10/2026","Manager","8/17/2026","True","Miguel Morales","8/17/2026","25135","1,400","8/17/2026",,,
"BB Living at Wellen Park","BB Living at Wellen Park","6801",,"Converted","Valves","Blue Life","SPA: ORP SENSOR, SPA: PH SENSOR, SPA: Complete Molded Flow Cell with Valves and two hoses, FULL INSTALLATION","8/17/2026","Operaciones","8/17/2026","Manager","8/21/2026","True","Brayan Alvares","8/20/2026","25163","1,645","8/21/2026",,,
"BB Living at Wellen Park","BB Living at Wellen Park","6846",,"Pending","[]",,"SAFETY THROW ROPE.","8/24/2026",,,,,"False",,,,,,,,
"Beacon 430","Beacon 430","6745",,"Pending","[]",,"Renovate the existing pool deck by <br>repairing deteriorated areas, preparing <br>","8/4/2026",,,,,"False",,,,,,,,
"BELLA SOL APARTMENTS","BELLA SOL APARTMENTS","5481","1,604","Pending","Main Drain,Flow Meter,Safety Equipment","Blue Life","Commercial Main Drain cover VGB Pool 1 and 2, FULL INSTALLATION MAIN DRAINS, COMMERCIAL FLOW METER 1.5. Pool 2, SAFETY POLE 16&quot; Pool 2, SAFETY HOOK Pool 2, FULL INSTALLATION AND DELIVERY","1/13/2026","Operaciones",,,,"False",,,,,,"0","0","0"
"BELLA SOL APARTMENTS","BELLA SOL APARTMENTS","5609","675","Converted","Filter","Blue Life","COMMERCIAL FILTER PLM 200, SKIMMER GUTTER FOR OFFICE POOL, INSTALLATION","2/11/2026","Operaciones","2/11/2026","Manager","2/14/2026","True","Brayan Alvares","2/14/2026","22460","675","2/16/2026","1","0","0"
"BELLA SOL APARTMENTS","BELLA SOL APARTMENTS","5695","395","Pending","Line Chlorinator ",,"BACK POOL: RAINBOW 320 IN - LINE CHLORINATOR, INSTALLATION","2/26/2026",,,,,"False",,,,,,,,
"BELLA SOL APARTMENTS","BELLA SOL APARTMENTS","6132","1,200","Declined","Leak","Blue Life","BACK POOL: Emergency Leak Repair<br>The return line has broken, and the <br>only so","4/28/2026","Operaciones","7/29/2026","Manager",,"False",,,,,,,,
"BELLA SOL APARTMENTS","BELLA SOL APARTMENTS","6467","175","Converted","Skimmer Gutter,Life Hook","Blue Life","FRONT POOL: 2 SKIMMER GUTTER. AND BACK POOL: 3 SKIMMER GUTTER INSTALLATION","6/17/2026","Operaciones","6/17/2026","Manager","6/19/2026","True","Guillermo Fernandez","7/13/2026","24686","175","7/13/2026",,,
"BELLA SOL APARTMENTS","BELLA SOL APARTMENTS","5481","1,602","Converted","Main Drain,Flow Meter,Skimmer Gutter,Pressure Gauge,Vacuum Gauge","Blue Life","Commercial Main Drain cover VGB Pool 1 and 2, FULL INSTALLATION MAIN DRAINS, 1 SKIMMER GUTTER Pool 2, SAFETY HOOK Pool 2, POOLPRESSURE/VACCUM GAUGE Pool 2, FULL INSTALLATION AND DELIVERY","7/15/2026","Health Deparment","7/14/2026","Manager","7/24/2026","True","Brayan Alvares","7/28/2026","24747","1,317","7/28/2026",,,
"BELLA SOL APARTMENTS","BELLA SOL APARTMENTS","6768",,"Converted","Pressure Gauge","Blue Life","POOL 1: 2 PRESSURE GAUGE., INSTALLATION","8/10/2026","Operaciones","8/10/2026","Manager","8/14/2026","True","Guillermo Fernandez","8/15/2026","25132","154","8/17/2026",,,
"BELMOND RESERVE","BELMOND RESERVE","4086","204","Converted","Safety Equipment","Blue Life","(#4086) 2 RULES","5/12/2025","Técnico","5/12/2025","Quickbooks",,"True","Angel Hernandez","8/22/2025","18345","204","5/15/2025","1","102","-99"
"BELMOND RESERVE","BELMOND RESERVE","4137","2,424","Converted","Lights","Blue Life","(#4137) 2 NEW LED WHITE LIGHT + 2NEW LIGHT WEDGE","5/22/2025","Técnico","5/27/2025","N/A",,"False","Camilo Leon","6/3/2025","18685","2424.0","6/4/2025","5","7","1"
"BELMOND RESERVE","BELMOND RESERVE","3883","1,919","Converted","Filter","Blue Life","(#3883) 45 RECTANGULAR ANTHONY FILTER GRIDS + D.E. POWDER","3/26/2025","Técnico","4/29/2025","N/A",,"False","Yasiel Amador","5/2/2025","18282","1919","5/5/2025","34","3","3"
"BELMOND RESERVE","BELMOND RESERVE","4989","380","Converted","Service Maintenance Equipment","Blue Life","NEW HOSE FOR FEEDER +LINE FEEDER +PRESSURE GAUGE + VACUUM GAUGE","9/11/2025","Técnico",,,"10/3/2025","False","Brayan Alvares","10/3/2025","20874","380","10/6/2025","0",,"3"
"BELMOND RESERVE","BELMOND RESERVE",,,"Converted","Safety Equipment","Blue Life","2 POOL RULES",,"Técnico",,"Manager","1/23/2026","False","Angel Hernandez","1/23/2026","22104","204","1/28/2026","0",,"5"
"BELMOND RESERVE","BELMOND RESERVE","5816","204","Pending","Rules Sing",,"Rules Sing.","3/17/2026",,,,,"False",,,,,,,,
"BELMOND RESERVE","BELMOND RESERVE","5898","153","Converted","Lights","Blue Life","POOL LIGHT WEDGE., LIGHT INSTALLATION","3/26/2026","Operaciones","3/26/2026","Manager","4/14/2026","True","Brayan Alvares","4/14/2026","23300","153","4/15/2026",,,
"BELMOND RESERVE","BELMOND RESERVE","6778",,"Converted","Lights","Blue Life","POOL: LIGHT WEDGE., INSTALLATION","8/11/2026","Operaciones","8/12/2026","Manager","8/11/2026","True","Camilo Hidalgo","8/11/2026","25113","153","8/13/2026",,,
"BELMONT HEIGHTS 1028 (3540)","BELMONT HEIGHTS 1028 (3540)","3859","622","Converted","Main Drain","Blue Life","(#3859)VACCUM PLUG FOR THE POOL PHASE 1 +Commercial Main Drain cover VGB","3/19/2025","Técnico",,,,"False",,,"17984","622.0","4/17/2025","0","0",
"BELMONT HEIGHTS 1028 (3540)","BELMONT HEIGHTS 1028 (3540)","3808","3,886","Converted","Pumps,Lid,Gauges,Basket","Blue Life","(#3808) 3HP PUMP THE POOL PHASE 1 +PLUMBING +VALPACK LID REPAIR +FLOW METER 3 +PRESSURE/VAC GAUGUE +SKIMMER BASKET","2/28/2025","Operaciones",,,,"False",,,"17950","3833.0","4/7/2025","0","0",
"BELMONT HEIGHTS 1028 (3540)","BELMONT HEIGHTS 1028 (3540)","3788","2,053.25","Converted","Filter","Blue Life","(#3788) 20 POOL FILTERS DISK + CHLORINATOR TABS + STARD UP","2/21/2025","Técnico","2/21/2025","N/A",,"False","Camilo Hidalgo","2/25/2025","17621","2053.25","3/6/2025","1","4","9"
"BELMONT HEIGHTS 1028 (3540)","BELMONT HEIGHTS 1028 (3540)","5540","740","Pending","Filter","Blue Life","FILTER DISC., D.E POWDER., FULL INSTALLATION","1/28/2026","Operaciones",,,,"False",,,,,,"0","0","0"
"BELMONT HEIGHTS 1028 (3540)","BELMONT HEIGHTS 1028 (3540)","5608","140","Pending","Plumbing",,"WASTE LINE, PLUMBING REPAIR, PARTS AND LABOR","2/11/2026","Operaciones",,,,"False",,,,,,"0","0","0"
"BELMONT HEIGHTS 1028 (3540)","BELMONT HEIGHTS 1028 (3540)","5875","140","Converted","Plumbing","Blue Life","NEW PLUMBING FOR THE 
INSTALLATION.","3/25/2026","Operaciones","3/26/2026","Manager","4/1/2026","True","Brayan Alvares","4/1/2026","23242","140","4/1/2026",,,
"BELMONT HEIGHTS 1028 (3540)","BELMONT HEIGHTS 1028 (3540)","5907","35","Converted","Basket","Blue Life","SKIMER BASKET.","3/27/2026","Operaciones","3/30/2026","Manager","4/8/2026","True","Nelson Suarez","4/8/2026","23283","35","4/8/2026",,,
"BELMONT HEIGHTS 1028 (3540)","BELMONT HEIGHTS 1028 (3540)","6862",,"Pending","[]",,"SPECIAL POOL CLEANING FOR START UP","8/26/2026",,,,,"False",,,,,,,,
"BELMONT HEIGHTS 1032 (2419)","BELMONT HEIGHTS 1032 (2419)","4152","1,158","Converted","Motors","Blue Life","NEW 3HP POOL MOTOR+IMPELLER+SEAL+FULL INSTALLATION","5/28/2025","Técnico",,,,"False",,,"18675","1158.0","6/2/2025","0","0","0"
"BELMONT HEIGHTS 1032 (2419)","BELMONT HEIGHTS 1032 (2419)","3809","1,855","Converted","Safety Equipment","Blue Life","NEW COMMERCIAL 1.5 HP MOTOR OF THE POOL PHASE 2+IMPELLER+SEAL+PRESSURE/VAC GAUGUE FOR  POOL PHASE 2+COMMERCIAL FLOW METER FOR POOL PHASE 2+INSTALLATION POOL LID HINGES+SAFETY THROW ROPE FOR POOL PHASE 2+FULL INSTALLATION","2/28/2025","Técnico",,,,"False","Brayan Alvares","2/25/2025","20954","1855","10/29/2025","0",,"246"
"BELMONT HEIGHTS 1032 (2419)","BELMONT HEIGHTS 1032 (2419)","3789","2,592","Converted","Filter","Blue Life","(#3789) POOL FILTERS DISK PHASE 2 + CHLORINATOR TABS + STAR UP","2/21/2025","Técnico","2/21/2025","N/A",,"False","Brayan Alvares","2/25/2025","17622","2592","6/3/2025","1","4","98"
"BELMONT HEIGHTS 1032 (2419)","BELMONT HEIGHTS 1032 (2419)","5087","120","Converted","Plumbing","Blue Life","LABOR AND MATERIALS OF THE PRESSURE PUMP PLUMBING REPAIR .","10/1/2025","Operaciones","10/2/2025","Manager","10/29/2025","True","Brayan Alvares","10/29/2025","21287","120","11/13/2025","1","27","15"
"BELMONT HEIGHTS 1032 (2419)","BELMONT HEIGHTS 1032 (2419)","5157","1,000","Converted","Main Drain","Blue Life","2 Commercial Main Drain cover VGB, FULL INSTALLATION","10/16/2025","Operaciones","10/17/2025","Manager","10/22/2025","True","Camilo Leon","10/22/2025","20949","1000","10/24/2025","1","5","2"
"BELMONT HEIGHTS 1032 (2419)","BELMONT HEIGHTS 1032 (2419)","5349","635","Converted","Motors","Blue Life","NEW 3HP POOL MOTOR. (SECOND MOTOR), IMPELLER, MOTOR SEAL, FULL INSTALLATION","12/1/2025","Operaciones","12/8/2025","Manager","12/10/2025","False","Brayan Alvares",,"21678","1158","12/10/2025","7","0",
"BELMONT HEIGHTS 1032 (2419)","BELMONT HEIGHTS 1032 (2419)","5541","1,184","Converted","Filter","Blue Life","22 COMMERCIAL POOL FILTER DISK PHASE 2 POOL., D.E POWDER., FULL INSTALLATION","1/28/2026","Operaciones","7/27/2026","Manager","8/7/2026","True","Brayan Alvares","8/10/2026","25082","1,105","8/11/2026","0","0","0"
"BELMONT HEIGHTS 1032 (2419)","BELMONT HEIGHTS 1032 (2419)","5815","846","Pending","Ligth Blub",,"NEW WHITE LIGHT BLUB., INSTALLATION","3/17/2026",,,,,"False",,,,,,,,
"BELMONT HEIGHTS 1032 (2419)","BELMONT HEIGHTS 1032 (2419)","6046","1,280","Pending","Toro Valve,Lights",,"NEW WHITE LIGHT BLUB., POOL LIGHT WEDGE., LIGHTS INSTALLATION, WATER TORO VALVE., TORO VALVE INSTALLATION","4/16/2026",,,,,"False",,,,,,,,
"BERRY BAY","BERRY BAY","3680","2,282","Converted","Filter","Blue Life","FIRST PART - RECTANGULAR ANTHONY FILTER GRIDS+FULL INSTALLATION OF FILTERS","1/9/2025","Técnico","1/15/2025","N/A",,"False","Yasiel Amador","1/22/2025","#20147","2282","1/22/2025","6","7","1"
"BERRY BAY","BERRY BAY","4211","350","Converted","Service Call","Blue Life","TROUBLESHOOTING ","6/16/2025","Técnico",,,,"False",,,"18772","350.0","6/26/2025","0","0","0"
"BERRY BAY","BERRY BAY","5234","2,426","Declined","Filter","Blue Life","SECOND PART - RECTANGULAR ANTHONY FILTER GRIDS, FULL INSTALLATION OF FILTERS","10/31/2025","Operaciones",,,,"True",,,,,,"0","0","0"
"BERRY BAY","BERRY BAY","5411","290","Converted","Safety Equipment","Blue Life","COMMERCIAL SAFETY LIFE RING COAST GUARD APPROVED., SAFETY THROW ROPE.","1/2/2026","Manager","1/2/2026","Manager","1/9/2026","False","Camilo Hidalgo","1/9/2026","22048","384","1/9/2026","1","7","1"
"BERRY BAY","BERRY BAY","5441","380","Converted","Service Maintenance Equipment","Blue Life","NEW HOSE FOR FEEDER +<br>LINE FEEDER +<br>PRESSURE GAUGE + <br>VACUUM GAUGE +<br>CL","1/6/2026","Operaciones","1/6/2026","Manager","1/15/2026","True","Camilo Hidalgo","1/15/2026","22063","380","1/16/2026","1","9","1"
"BERRY BAY","BERRY BAY","5704","619","Converted","Feeders","Blue Life","NEW CHEMICAL STENNER PUMP - PH FEEDER, PH FEEDER INSTALLATION","2/27/2026","Técnico","2/27/2026","Manager","3/6/2026","True","Camilo Leon","3/6/2026","22843","619","3/6/2026",,,
"BERRY BAY","BERRY BAY","5746","619","Converted","Feeders","Blue Life","NEW CHEMICAL STENNER PUMP - CHLORINE FEEDER, CHLORINE FEEDER INSTALLATION","3/10/2026","Operaciones","3/10/2026","Manager","3/11/2026","True","Angel Hernandez","3/11/2026","22854","619","3/11/2026",,,
"BERRY BAY","BERRY BAY","5731","4,547","Converted","Filter","Blue Life","FIRST HALF RECTANGULAR ANTHONY FILTER GRIDS, SECOND HALF RECTANGULAR ANTHONY FILTER GRIDS, D.E POWDER., INSTALLATION","5/20/2026","Operaciones","5/20/2026","Manager","5/28/2026","True","Brayan Alvares","5/28/2026","23852","4,547","5/29/2026",,,
"BERRY BAY","BERRY BAY","6435","193","Converted","Lights","Blue Life","POOL LIGHT WEDGE., INSTALLATION, NET","6/11/2026","Operaciones","6/12/2026","Manager","6/24/2026","True","Brayan Alvares","6/24/2026","24279","193","6/24/2026",,,
"BERRY BAY","BERRY BAY","6480","200","Converted","Special Cleaning","Blue Life","The process will include applying <br>strong chemical treatment, deep <br>cleaning ","6/18/2026","Operaciones","6/18/2026","Manager","6/18/2026","True","Dany Lopez","6/18/2026","24254","200","6/19/2026",,,
"BERRY BAY","BERRY BAY","6554","400","Converted","Lid","Blue Life","LABOR AND MATERIALS - LID HINGES","6/29/2026","Operaciones","6/29/2026","Manager","7/3/2026","True","Brayan Alvares","8/18/2026","25145","400","8/19/2026",,,
"BERRY BAY","BERRY BAY","6673","100","Pending","Leak",,"REPAIRING A LEAK IN A PIPE","7/16/2026",,,,,"False",,,,,,,,
"BIG OAKS APARTMENTS","BIG OAKS APARTMENTS","4734","311","Converted","Ladder","Blue Life","(#4734) ESCUTCHEON PLATE + NEW STAINLESS STEEL STEP.","7/22/2025","Técnico","7/22/2025","Manager",,"False","Camilo Leon","8/4/2025","#20521","$311","9/9/2025","1","13","36"
"BIG OAKS APARTMENTS","BIG OAKS APARTMENTS","3830","141","Converted","Air Relief Valve","Blue Life","(#3830) AIR RELIEF VALVE","3/7/2025","Técnico",,,,"False",,,"19041","141","9/9/2025","0","0",
"BIG OAKS APARTMENTS","BIG OAKS APARTMENTS","4259","187","Converted","Air Relief Valve","Blue Life","(#4259)NEW AIR RELIEF VALVE","6/26/2025","Técnico","6/27/2025","N/A",,"False","Brayan Alvares","6/30/2025","19041","187.0","2/7/2025","1","3","-143"
"BIG OAKS APARTMENTS","BIG OAKS APARTMENTS","3968","735","Converted","Filter","Blue Life","(#3968) 12 RECTANGULAR ANTHONY FILTER GRIDS +D.E POWDER","5/23/2025","Técnico","6/27/2025","N/A",,"False","Brayan Alvares","6/30/2025","19058","735.0","2/7/2025","35","3","-143"
"BIG OAKS APARTMENTS","BIG OAKS APARTMENTS","3817","65.48","Converted","Vacuum Plug","Blue Life","(#3817) 1 VACCUM PLUG","3/4/2025","Health Department","3/4/2025","N/A",,"False",,,"17648","65.48","7/3/2025","1","0",
"BIG OAKS APARTMENTS","BIG OAKS APARTMENTS","4967","1,215","Pending","Lights","Blue Life","NEW LED WHITE LIGHT., POOL LIGHT WEDGE., INSTALLATION","9/5/2025","Técnico",,,,"False",,,,,,"0","0","0"
"BIG OAKS APARTMENTS","BIG OAKS APARTMENTS","5057","380","Pending","Service Maintenance Equipment","Blue Life","NEW HOSE FOR FEEDER +LINE FEEDER +PRESSURE GAUGE +VACUUM GAUGE +CL","9/23/2025","Operaciones",,,,"False",,,,,,"0","0","0"
"BIG OAKS APARTMENTS","BIG OAKS APARTMENTS","5500","75","Pending","Basket","Blue Life","POOL BASKET","1/16/2026","Operaciones",,,,"False",,,,,,"0","0","0"
"Blue Heron Living","Blue Heron Living ","6807",,"Pending","[]",,"FOUNTAIN: COMMERCIAL POOL FILTER CCP100, FOUNTAIN: CENTER CORE FILTER CCP100, FULL INSTALLATION","8/17/2026",,,,,"False",,,,,,,,
"Blue Heron Living","Blue Heron Living ","6803",,"Pending","[]",,"BLUE POOL: Adjust the pressure to prime the pump., BLUE POOL: NEW HOSE FOR FEEDER +<br>LINE FEEDER +<br>PRESSURE GAUGE + <br>VACUUM GA, SPA - BLUE POOL: NEW HOSE FOR FEEDER +<br>LINE FEEDER +<br>PRESSURE GAUGE + <br>VAC","8/17/2026",,,,,"False",,,,,,,,
"BONTERRA PARC","BONTERRA PARC","4812","85","Converted","Skimmer Gutter","Blue Life","(#4812) 2 SKIMMER GUTTER.","8/18/2025","Técnico","8/19/2025","Manager",,"False"," Diego Avila","9/3/2025","20535","$85","9/9/2025","1","15","6"
"BONTERRA PARC","BONTERRA PARC","3664","172.88","Converted","Feeders","Blue Life","(#3664) LINE FEEDER + NEW HOSE FOR FEEDERS","1/3/2025","Técnico",,,,"False",,,"16924","172.88","1/8/2025","0","0",
"BONTERRA PARC","BONTERRA PARC","3733","102.13","Converted","Safety Equipment","Blue Life","(#3733) RULES SIGN","1/29/2025","Técnico",,,,"False",,,"17227","95","2/15/2025","0","0",
"BONTERRA PARC","BONTERRA PARC","3721","2,557.5","Converted","Chemical Controller","Blue Life","NEW CHEMICAL CONTROLLER HAYWARD HCC2000+FULL INSTALLATION","1/22/2025","Técnico",,,,"False",,,"17228","2557.5","2/14/2025","0","0","0"
"BONTERRA PARC","BONTERRA PARC","4112","1,155","Converted","Filter","Blue Life","(#4112) 22 POOL RECTANGULAR ANTHONY FILTER GRIDS +D.E POWDER","5/14/2025","Técnico","7/7/2025","N/A",,"False","Brayan Alvares","7/25/2025","19837","1155.0","7/25/2025","54","18","1"
"BONTERRA PARC","BONTERRA PARC","4992","380","Converted","Service Maintenance Equipment","Blue Life","(#4992) NEW HOSE FOR FEEDER +LINE FEEDER +PRESSURE GAUGE + VACUUM GAUGE ","9/11/2025","Técnico","9/11/2025","Manager",,"False","Camilo Leon","9/17/2025","#20565","$380","9/23/2025","1","6","6"
"BONTERRA PARC","BONTERRA PARC","5028","35","Converted","Basket","Blue Life","SKIMER BASKET.","9/18/2025","Técnico","9/18/2025","N/A","9/29/2025","False","Camilo Leon","9/29/2025","20879","35","10/6/2025","1","11","7"
"BONTERRA PARC","BONTERRA PARC","5058","600","Converted","Filter","Blue Life","COMMERCIAL SPA FILTERS PLM200., INSTALLATION","9/23/2025","Operaciones","10/30/2025","Quickbooks","11/3/2025","True","Camilo Leon","11/3/2025","21255","600","11/5/2025","37","4","2"
"BONTERRA PARC","BONTERRA PARC","5243","380","Converted","Service Maintenance Equipment","Blue Life","SPA SYSTEM NEW HOSE FOR FEEDER +LINE FEEDER +PRESSURE GAUGE ","11/4/2025","Operaciones","11/20/2025","Manager","12/5/2025","True","Camilo Hidalgo",,"21672","380","12/10/2025","16","0",
"BONTERRA PARC","BONTERRA PARC","5242","1,090","Converted","Pumps","Blue Life","NEW 1HP PENTAIR PUMP., FULL INSTALLATION","11/4/2025","Operaciones","11/7/2025","Manager","11/10/2025","True","Brayan Alvares","11/10/2025","21275","1.090","11/12/2025","3","3","2"
"BONTERRA PARC","BONTERRA PARC","5417","180","Converted","Heaters","Brian/ Responsable Pools","Gas heater service call","1/2/2026","Operaciones","1/7/2026","Manager","1/15/2026","False","No Aplica","1/19/2026","22069","180","1/19/2026","5","12","1"
"BONTERRA PARC","BONTERRA PARC","5564","8,805","Pending","Heaters",,"HAYWARD 250K BTU ASME<br>Labor and Overhead, SACRIFICIAL ANODE<br>Labor and Overhead, ELECTRONIC EXTERNAL FLOW <br>SWITCH<br>Labor and Overhead","3/24/2026",,,,,"False",,,,,,,,
"BONTERRA PARC","BONTERRA PARC","5877","265","Converted","Toro Valve","Blue Life","WATER TORO VALVE., New floor return., FULL INSTALLATION","3/25/2026","Operaciones","5/27/2026","Manager","7/6/2026","True","Brayan Alvares","7/6/2026","24651","265","7/6/2026",,,
"BONTERRA PARC","BONTERRA PARC","6349","540","Converted","Main Drain","Blue Life","Commercial Main Drain cover VGB. POOL, FULL INSTALLATION","5/28/2026","Operaciones","5/28/2026","Manager","7/6/2026","True","Brayan Alvares","7/6/2026","24653","540","7/6/2026",,,
"BONTERRA PARC","BONTERRA PARC","6546","1,290","Converted","Feeders,Thermometer,Basket,Flotador,Returns Cover","Blue Life","POOL: NEW CHEMICAL STENNER PUMP - CHLORINE FEEDER, NEW THERMOMETER., WEIR DOOR SKIMMER BASKET, WATER LEVEL CONTROL VALVE VAKPAK SYSTEM., NEW FLOOR RETURN, INSTALLATION","6/25/2026","Operaciones","6/29/2026","Manager","7/17/2026","True","Brayan Alvares","7/22/2026","24723","1,290","7/23/2026",,,
"BRIXLEY APARTMENTS","BRIXLEY APARTMENTS","3675","620.6","Converted","Feeders","Blue Life","(#3675) NEW CHEMICAL STENNER PUMP","1/7/2025","Técnico",,,,"False",,,"17007","620.6","1/14/2025","0","0","0"
"BRIXLEY APARTMENTS","BRIXLEY APARTMENTS","4170","1,300","Converted","J-Box,Exhaust Fan","Blue Life","(#4170) J- BOX EXHAUST FAN 220v OR 1220V OVERLOAD THERMAL SWTCH","6/4/2025","Operaciones","6/6/2025",,,"False","No Aplica","6/13/2025","18704","1300.0","6/13/2025","2","7","1"
"BRIXLEY APARTMENTS","BRIXLEY APARTMENTS","4866","4,022","Converted","Motors","Blue Life","(#4866) NEW PENTAIR ORIGINAL MOTOR 7.5 HP SINGLE PHASE + PUMP SEAL EQ SERIES + LABOR","8/29/2025","Operaciones","9/1/2025","Manager",,"False","Brayan Alvares","9/3/2025","20500","4022","9/3/2025","3","2","1"
"BRIXLEY APARTMENTS","BRIXLEY APARTMENTS","4964","1,650","Converted","Motors","Blue Life","(#4964) Add French drain at vac pack to prevent flooding into motor in future.","9/4/2025","Manager","9/4/2025","Manager",,"False","No Aplica","9/5/2025","20517","1650","9/9/2025","1","1","4"
"BRIXLEY APARTMENTS","BRIXLEY APARTMENTS","5274","380","Converted","Service Maintenance Equipment","Blue Life","NEW HOSE FOR FEEDER +<br>LINE FEEDER +<br>PRESSURE GAUGE + <br>VACUUM GAUGE +<br>CL","11/7/2025","Operaciones","11/19/2025","Quickbooks","11/24/2025","True","Camilo Leon","11/21/2025","21321","380","11/25/2025","12","2","4"
"BRIXLEY APARTMENTS","BRIXLEY APARTMENTS",,,"Converted","Filter","Blue Life","(36) RECTANGULAR ANTHONY FILTER GRIDS, D.E POWDER., FULL INSTALLATION",,"Operaciones",,,,"True","Brayan Alvares","7/2/2025","18702","1673","7/2/2025","0",,"1"
"BRIXLEY APARTMENTS","BRIXLEY APARTMENTS","5567","559","Converted","Feeders","Blue Life","NEW CHEMICAL STENNER PUMP - PH FEEDER, PH FEEDER INSTALLATION","2/3/2026","Operaciones","2/4/2026","Manager","2/13/2026","True","Orlando Gonzales","2/13/2026","22450","619","2/13/2026","1","9","0"
"BRIXLEY APARTMENTS","BRIXLEY APARTMENTS","6176","500","Converted","Toro Valve,Feeders,Thermometer","Blue Life","WATER TORO VALVE., NEW HOSE FOR FEEDERS PH AND CHLORINE FEEDER, NEW THERMOMETER., INSTALLATION","5/5/2026","Operaciones","5/6/2026","Manager","5/8/2026","True","Gustavo Barrero","5/8/2026","23745","500","5/8/2026",,,
"BRIXLEY APARTMENTS","BRIXLEY APARTMENTS","6867",,"Accepted","GFCI Breaker","Blue Life","Replacement of the contactor and breaker and labor - materials","8/27/2026","Operaciones","8/28/2026","Manager",,"False",,,,,,,,
"BROADSTONE MARINA  BAY","BROADSTONE MARINA BAY",,,"Pending","Filter","Blue Life","FILTERS",,"Operaciones",,,,"True",,"7/30/2025",,,,"0",,"0"
"CALAIS PARK","CALAIS PARK","3751","5,731","Converted","Heaters","Blue Life","(#3751) GAS HEATER 200 BTU FOR THE SPA + SACRIFICIAL ANODE","2/5/2025","Técnico","3/10/2025","N/A",,"False",,,"17661","5731.0","3/12/2025","33","0",
"CALAIS PARK","CALAIS PARK","4863","619","Pending","Feeders","Blue Life","(#4863) NEW CHEMICAL STENNER PUMP - CHLORINE (POOL)","8/29/2025","Técnico",,,,"False",,,,,,"0","0","0"
"CALAIS PARK","CALAIS PARK","4864","760","Converted","Service Maintenance Equipment","Blue Life","(#4864)  SERVICE MAINTENANCE EQUIPMENT Pool and spa + New Hose for feeder + Line feeder + Pressure gauge + Vacuum gauge + clamp flow meter","8/29/2025","Operaciones","9/11/2025","Manager",,"False","Camilo Leon","9/16/2025","#20564","$760","9/22/2025","13","5","6"
"CALAIS PARK","CALAIS PARK","5142","3,409","Converted","Feeders,Chemical Controller","Blue Life","HAYWARD SPA CHEMICAL CONTROLLER, WITH SENSORS, FLOW SWITCH AND HOSE + NEW CHEMICAL POOL STENNER PH PUMP, FULL INSTALLATION","10/15/2025","Health Department","10/23/2025","Manager","10/24/2025","True","Camilo Leon","10/24/2025","20957","3409","10/30/2025","8","1","6"
"CALAIS PARK","CALAIS PARK","4758","1,785","Pending","Filter","Blue Life","COMMERCIAL POOL FILTER DISK POOL, D.E POWDER, NEW COMMERCIAL SPA FILTERS C9002, FULL INSTALLATION","11/18/2025","Operaciones",,,,"True",,,,,,"0","0","0"
"CALAIS PARK","CALAIS PARK","4622","400","Pending","Plumbing","Blue Life","POOL PUMPS SUCTION AND PRESSURE PLUMBING REPAIR","11/18/2025","Operaciones",,,,"True",,,,,,"0","0","0"
"CALAIS PARK","CALAIS PARK","5709","425","Converted","Flow Meter,Steps","Blue Life","COMMERCIAL FLOW METER POOL., ESCUTCHEON PLATE STAINLESS STEEL POOL., FULL INSTALLATION","3/4/2026","Operaciones","3/6/2026","Quickbooks","3/13/2026","True","Camilo Leon","3/13/2026","22866","425","3/13/2026",,,
"CALAIS PARK","CALAIS PARK","6199","446","Converted","Plunger","Blue Life","VAKPAK INTERNAL ASSEMBLY PLUNGER - 6 INCHES, INSTALLATION","5/8/2026","Operaciones","5/8/2026","Manager","5/25/2026","True","Brayan Alvares","5/25/2026","23823","446","5/25/2026",,,
"CALAIS PARK","CALAIS PARK","6249","226","Converted","Returns Cover","Blue Life","RETURN COVER., INSTALLATION","5/15/2026","Operaciones","6/22/2026","Quickbooks","7/1/2026","True","Brayan Alvares","7/1/2026","24605","226","7/2/2026",,,
"CALAIS PARK","CALAIS PARK","6252","310","Converted","Lid","Blue Life","HAYWARD FILTER LID, INSTALLATION","5/15/2026","Operaciones","6/22/2026","Quickbooks","7/1/2026","True","Brayan Alvares","7/1/2026","24606","310","7/2/2026",,,
"CALAIS PARK","CALAIS PARK","6578","537","Converted","Pumps","Blue Life","MAX E PRO HOUSING, INSTALLATION","7/1/2026","Operaciones","7/21/2026","Manager","7/31/2026","True","Brayan Alvares","7/23/2026","24730","537","7/23/2026",,,
"CALAIS PARK","CALAIS PARK","6838",,"Accepted","Valves","Blue Life","POOL: CHECK VALVE., SPA: CHECK VALVE., FULL INSTALLATION","8/21/2026","Operaciones","8/21/2026","Manager","8/28/2026","True",,,,,,,,
"CANOPY AT CITRUS PARK","CANOPY AT CITRUS PARK","5160","2,500","Pending","Acid Wash","Blue Life","FULL ACID WASH","10/17/2025","Operaciones",,,,"True",,,,,,"0","0","0"
"CANOPY AT CITRUS PARK","CANOPY AT CITRUS PARK","5510","41,500","Declined","Resurface","Blue Life","B-Bluestone Pool<br>Plaster pool using Premix Marbletite --<br>Bluestone<br>Commerc, if the customer need new 6x6 tile all around and replace all fountain wall tile wil","1/20/2026","Comercial",,,,"False",,,,,,"0","0","0"
"CANOPY AT CITRUS PARK","CANOPY AT CITRUS PARK","5828","530","Converted","Plunger","Blue Life","VAKPAK REPAIR KIT PLUNGER 6"", INSTALLATION","3/19/2026","Operaciones","3/19/2026","Manager","3/27/2026","True","Dany Lopez","3/27/2026","22919","530","3/27/2026",,,
"CANOPY AT CITRUS PARK","CANOPY AT CITRUS PARK","5901","377","Converted","Flow Meter","Blue Life","COMMERCIAL FLOW METER, INSTALLATION","3/27/2026","Operaciones","3/30/2026","Manager","3/27/2026","True","Dany Lopez","3/27/2026","23239","377","4/1/2026",,,
"CANOPY AT CITRUS PARK","CANOPY AT CITRUS PARK","6390","892","Converted","Plunger","Blue Life","VAKPAK INTERNAL ASSEMBLY PLUNGER 6&quot;, INSTALLATION","6/16/2026","Operaciones","6/18/2026","Manager","6/20/2026","True","Brayan Alvares","6/20/2026","24268","892","6/22/2026",,,
"CANOPY AT CITRUS PARK","CANOPY AT CITRUS PARK","6555","619","Converted","Feeders","Blue Life","POOL: NEW CHEMICAL STENNER PUMP -  PH FEEDER, INSTALLATION","6/29/2026","Operaciones","7/2/2026","QuickBooks","7/9/2026","True","Nelson Belauzaran","7/14/2026","24691","619","7/16/2026",,,
"CANTABRIA BRADENTON","CANTABRIA BRADENTON","4791","55","Converted","Basket","Blue Life","(#4791) NEW BASKET FOR PUMP","8/12/2025","Técnico","8/12/2025","N/A",,"False"," Diego Avila","8/21/2025","20179","55.0","8/22/2025","1","9","1"
"CANTABRIA BRADENTON","CANTABRIA BRADENTON","3687","1,540","Converted","Filter","Blue Life","(#3687) 2 PLM300 FILTERS","4/13/2025","Técnico","7/1/2025","N/A",,"False"," Diego Avila","7/3/2025","19103","1540.0","7/7/2025","79","2","4"
"CANTABRIA BRADENTON","CANTABRIA BRADENTON","5082","777","Converted","Service Maintenance Equipment","Blue Life","NEW HOSE FOR FEEDER +LINE FEEDER +PRESSURE GAUGE + VACUUM GAUGE + COMMERCIAL FLOW METER, FULL INSTALLATION","10/1/2025","Operaciones","10/8/2025","Manager","10/20/2025","True","Brayan Alvares","10/20/2025","20931","777","10/21/2025","7","12","1"
"CANTABRIA BRADENTON","CANTABRIA BRADENTON","5897","80","Pending","Feeders",,"NEW HOSE FOR CHLORINE FEEDER, INSTALLATION","3/26/2026",,,,,"False",,,,,,,,
"CANTABRIA BRADENTON","CANTABRIA BRADENTON","6071","1,540","Converted","Filter","Blue Life","COMMERCIAL SPA FILTERS PLM300, INSTALLATION","4/20/2026","Operaciones","4/21/2026","Manager","4/24/2026","True","Alfredo Jimenez","4/24/2026","23360","1,540","4/24/2026",,,
"CANTABRIA BRADENTON","CANTABRIA BRADENTON","6313","180","Converted","Thermometer",,"NEW THERMOMETER., FULL INSTALLATION","5/26/2026","Health Deparment","5/26/2026",,"7/9/2026","True","Miguel Morales","7/10/2026","24676","180","7/10/2026",,,
"CANTABRIA BRADENTON","CANTABRIA BRADENTON","6638","1,238","Pending","Feeders",,"POOL: NEW CHEMICAL STENNER PUMP - CHLORINE AND PH FEEDER, INSTALLATION","7/10/2026",,,,,"False",,,,,,,,
"CANTABRIA BRADENTON","CANTABRIA BRADENTON","6735",,"Pending","[]",,"Basket Pump","7/31/2026",,,,,"False",,,,,,,,
"CANTERBURY TRAIL AT CROSS CREEK HOA","CANTERBURY TRAIL AT CROSS CREEK HOA","4180","651","Converted","Filter","Blue Life","(1) POOL REGULAR FILTER MODEL # DEV60 + D.E POWER","6/6/2025","Técnico","1/6/2026","Manager ","1/9/2026","True","Brayan Alvares","1/12/2026","22053","651","1/12/2026","214","6","1"
"CANTERBURY TRAIL AT CROSS CREEK HOA","CANTERBURY TRAIL AT CROSS CREEK HOA","4886","250","Pending","Pavers","Blue Life","LABOR AND MATERIALS PAVER REPAIR","9/2/2025","Técnico",,,,"False",,,,,,"0","0","0"
"CANTERBURY TRAIL AT CROSS CREEK HOA","CANTERBURY TRAIL AT CROSS CREEK HOA","5067",,"Pending","Service Maintenance Equipment","Blue Life","POOL- NEW HOSE FOR FEEDER +<br>LINE FEEDER +<br>PRESSURE GAUGE + <br>VACUUM GAUGE +","9/30/2025","Operaciones",,,,"False",,,,,,"0","0","0"
"CANTERBURY TRAIL AT CROSS CREEK HOA","CANTERBURY TRAIL AT CROSS CREEK HOA","5068","380","Converted","Service Maintenance Equipment","Blue Life","NEW HOSE FOR FEEDER +<br>LINE FEEDER +<br>PRESSURE GAUGE + <br>VACUUM GAUGE +<","9/30/2025","Operaciones","1/20/2026","Manager","1/20/2026","True","Camilo Leon","1/20/2026","22082","380","1/21/2026","112","1","1"
"CANTERBURY TRAIL AT CROSS CREEK HOA","CANTERBURY TRAIL AT CROSS CREEK HOA","5069","180","Converted","Filter","Blue Life","SPA NEW POOL CARTIAGE FILTERS CC150, INSTALLATION","9/30/2025","Operaciones","1/6/2026","Manager","1/12/2026","True","Camilo Leon","1/12/2026","22059","180","1/13/2026","98","6","1"
"CANTERBURY TRAIL AT CROSS CREEK HOA","CANTERBURY TRAIL AT CROSS CREEK HOA","3654","410.25","Pending","Toro Valve,Flotador","Blue Life","WATER TORO VALVE, WATER LEVEL CONTROL VALVE VAKPAK SYSTEM, STANDAR LABOR","11/10/2025","Operaciones",,,,"True",,,,,,"0","0","0"
"CANTERBURY TRAIL AT CROSS CREEK HOA","CANTERBURY TRAIL AT CROSS CREEK HOA","6476","567","Converted","Main Drain,Gauges","Blue Life","PRESSURE GAUGE POOL, Commercial Main Drain cover VGB POOL, INSTALLATION","6/17/2026","Operaciones","6/24/2026","Manager","6/26/2026","True","Brayan Alvares","7/22/2026","24717","567","7/22/2026",,,
"CANTERBURY TRAIL AT CROSS CREEK HOA","CANTERBURY TRAIL AT CROSS CREEK HOA","6477","567","Converted","Gauges,Main Drain","Blue Life","PRESSURE GAUGE SPA, Commercial Main Drain cover VGB SPA, INSTALLATION","6/17/2026","Operaciones","6/24/2026","Manager","6/26/2026","True","Brayan Alvares","7/22/2026","24718","567","7/22/2026",,,
"CARLOS OSORIO","CARLOS OSORIO","5218","500","Converted","Leak","Roger/BigBlue","Residencial full leak detection.","10/28/2025","Operaciones","10/28/2025","Quickbooks","11/6/2025","True","No Aplica","11/7/2025","21286","500","11/13/2025","1","10","6"
"CARLOS OSORIO","CARLOS OSORIO","2352","169","Converted","Filter","Blue Life","(1) NEW PENTAIR RESIDENCIAL POOL FILTER, FULL INSTALATION","9/1/2023","Técnico","9/1/2023","Manager","9/11/2023","True","Camilo Hidalgo","9/11/2023","12610","169.00","9/11/2023","1","10","1"
"CARLOS OSORIO","CARLOS OSORIO","5335","3,000","Converted","Leak","Roger/BigBlue","Permanent Leak Repair Plan – Structural Beam Crack<br><br>Issue Identified:<br>The ","11/25/2025","Operaciones","12/4/2025",,"5/13/2026","False",,"5/13/2026","23839","6000","6/27/2026","9","0","0"
"CARLOS OSORIO","CARLOS OSORIO","5906","30","Pending","Lid","Blue Life","ROUND SKIMMER LID","3/27/2026","Operaciones",,,,"False",,,,,,,,
"CARLOS OSORIO","CARLOS OSORIO","6200","5,915","Declined","Ligth Blub","Blue Life","NEW LED WHITE LIGHT., INSTALLATION","5/8/2026",,,,,"False",,,,,,,,
"CARLOS OSORIO","CARLOS OSORIO","6203","1,238.5","Converted","Ligth Blub","Blue Life","POOL LIGHT WEDGE., NEW WHITE LIGHT BLUB., INSTALLATION","5/8/2026","Operaciones","5/11/2026","Owner","5/27/2026","True","Dany Lopez","5/27/2026","23843","309.63","5/29/2026",,,
"CARMEN DOMINGUEZ","CARMEN DOMINGUEZ",,,"Pending","Filter","Blue Life",,,"Operaciones",,,,"True",,"7/28/2020",,,,"0",,"0"
"CARMEN DOMINGUEZ","CARMEN DOMINGUEZ","5933","80","Pending","Backwash Hose",,"Blue backwash hose part and labor","3/31/2026",,,,,"False",,,,,,,,
"CARMEN DOMINGUEZ","CARMEN DOMINGUEZ","5933","80","Pending","Backwash Hose",,"Blue backwash hose part and labor","5/29/2026",,,,,"False",,,,,,,,
"Cassandra Chong","Cassandra Chong",,,"Pending","Filter","Blue Life",,,"Operaciones",,,,"True",,"7/14/2020",,,,"0",,"0"
"Cassandra Chong","Cassandra Chong","5534","140","Pending","Filter",,"REGULAR FILTERS PENTAIR CC100.","2/12/2026","Operaciones",,,,"False",,,,,,"0","0","0"
"CHARLESTON ON 66TH","CHARLESTON ON 66TH","3994","1,453","Converted","Filter","Blue Life","(#3994) 26 FILTERS RECTANGULAR ANTHONY + D.E POWER + DEEP CLEANING","4/15/2025","Técnico","4/17/2025","N/A",,"False","No Aplica","4/18/2025","#17994","1453","4/21/2025","2","1","3"
"CHARLESTON ON 66TH","CHARLESTON ON 66TH","5064","380","Converted","Service Maintenance Equipment","Blue Life","NEW HOSE FOR FEEDER +LINE FEEDER +PRESSURE GAUGE + VACUUM GAUGE ","9/26/2025","Operaciones","9/26/2025","Quickbooks","10/1/2025","True","Camilo Leon","10/1/2025","20881","380","10/6/2025","1","5","5"
"CHARLESTON ON 66TH","CHARLESTON ON 66TH","6210","619","Converted","Feeders,Pumps","Blue Life","NEW CHEMICAL STENNER PUMP - PH FEEDER, INSTALLATION","5/11/2026","Operaciones","6/22/2026","Quickbooks","6/29/2026","True","Gustavo Barrero","6/29/2026","24300","619","6/30/2026",,,
"CHARLESTON ON 66TH","CHARLESTON ON 66TH","6515","1,391","Converted","Filter","Blue Life","25 COMMERCIAL POOL RECTANGULAR ANTHONY FILTER GRIDS, D.E POWDER., INSTALLATION","6/23/2026","Operaciones","7/3/2026","Manager","7/10/2026","True","Brayan Alvares","7/16/2026","24703","1,391","7/17/2026",,,
"Charlestons Corner Recreational Complex","Charlestons Corner Recreational Complex","5512","19,200","Pending","Resurface","Blue Life","Texture and paint deck (fill in rock bed with concrete,<br>pressure wash deck, cut ","1/20/2026","Comercial",,,,"False",,,,,,"0","0","0"
"Charlestons Corner Recreational Complex","Charlestons Corner Recreational Complex","6797",,"Pending","[]",,"POOL: NEW 7.5 HP COMMERCIAL MOTOR , MOTOR SEAL AND INSTALLATION","8/14/2026",,,,,"False",,,,,,,,
"CHRIS BALL","CHRIS BALL",,,"Converted","Filter","Blue Life","(8) CC100 FILTERS, FULL INSTALLATION",,"Técnico",,,,"True","Camilo Leon","10/17/2025","21291","1,859.25","10/20/2025","0",,"3"
"CHRIS BALL","CHRIS BALL",,,"Converted","Heaters","Brian/ Responsable Pools","Heaters","1/22/2026","Manager","1/21/2026",,"1/22/2026","False","No Aplica","1/22/2025","22088","427.25","1/22/2026",,"0","0"
"CINNAMON COVE","CINNAMON COVE","4853","1,280","Converted","Pumps","Blue Life","(#4853) PENTAIR PUMP 1HP + PLUMBING + LABOR","8/28/2025","Operaciones","9/2/2025","Manager",,"False","Brayan Alvares","9/5/2025","20519","1280","9/9/2025","5","3","4"
"CINNAMON COVE","CINNAMON COVE","4854","930","Converted","Filter","Blue Life","(#4854) 20 FILTERS DISK + DE POWDER + LABOR","8/28/2025","Operaciones","9/2/2025","Manager",,"False","Brayan Alvares","9/5/2025","20530","930","9/10/2025","5","3","5"
"CINNAMON COVE","CINNAMON COVE","4971","991.41","Converted","Motors","Blue Life","(#4971) NEW COMMERCIAL POOL MOTOR 2HP., SEAL MOTOR 2 HP., IMPELLER., FULL INSTALLATION.","9/8/2025","Operaciones","9/8/2025","Manager",,"False","No Aplica","9/12/2025","#20541","$991,41","9/15/2025","1","4","3"
"CINNAMON COVE","CINNAMON COVE","5156","800","Converted","Leak","Roger/BigBlue","Commercial full leak detection.","10/16/2025","Operaciones","10/17/2025","Manager","10/23/2025","True","No Aplica","10/23/2025","20946","800","10/24/2025","1","6","1"
"CINNAMON COVE","CINNAMON COVE","3989","3,800","Pending","Leak","Roger/BigBlue","Scope of Work – Main Drain Permanent Repair Back pool<br><br>Objective:<br>This pro","10/24/2025","Operaciones",,,,"True",,,,,,"0","0","0"
"CINNAMON COVE","CINNAMON COVE","5860","40","Converted","Skimmer Gutter","Blue Life","INSTALLATION OF GUTTER GRATE, IT IS NECESSARY TO SCRAPE AND PUT CEMENT.","3/23/2026","Operaciones","3/24/2026","Manager","3/26/2026","True","Brayan Alvares","3/26/2026","22917","40","3/26/2026",,,
"CLAUDIA LOPEZ","CLAUDIA LOPEZ",,,"Converted","Filter","Blue Life","(1) CC100, FULL INSTALLATION",,"Operaciones",,,,"True","Camilo Leon","5/29/2024",,,,"0",,"0"
"COLONY BAY","Colony Bay","5710","1,242","Converted","Filter","Blue Life","FILTER DISC., D.E POWDER., FULL INSTALLATION 20 FILTER DISC., WATER LEVEL CONTROL VALVE VAKPAK SYSTEM., INSTALLATION WATER LEVEL CONTROL VALVE VAKPAK SYSTEM.","3/3/2026","Operaciones","3/19/2026","Manager","4/15/2026","True","Brayan Alvares","4/15/2026","23309","1242","4/16/2026",,,
"COLONY BAY","Colony Bay","5711","800","Converted","Leak","Blue Life","2 Plunger Repairs – Removal of old and broken plungers.<br><br>Seal the 6-inch PVC ","3/3/2026","Operaciones","3/19/2026","Manager","4/15/2026","True","Brayan Alvares","4/15/2026","23310","800","4/16/2026",,,
"CORA","CORA APARTMENTS","4747","1,200","Pending","Chemical Controller","Blue Life","NEW HAYWARD CAT CONTROLLER SENSOR+FULL INSTALLATION","7/24/2025","Técnico",,,,"False",,,,,,"0","0","0"
"CORA","CORA APARTMENTS","3474","3,122.4","Converted","Filter","Blue Life","(#3474) 28 NEW SAND COMMERCIAL + REMOVE OLD SAND FROM THE FILTERS INTALL","3/4/2025","Técnico",,,,"False","No Aplica","3/26/2025","17660","3,122.40","3/12/2025","0",,"-14"
"CORA APARTMENTS","CORA APARTMENTS","6185","1,650","Converted","Motors","Blue Life","Collect the engine with several people, take it to the factory, collect it. Rebuild the motor","5/7/2026","Operaciones","5/13/2026","Manager","5/22/2026","True","Brayan Alvares","5/22/2026","23812","1,650","5/22/2026",,,
"CORA APARTMENTS","CORA APARTMENTS","6449","280","Pending","Feeders",,"LINE FEEDER, NEW HOSE FOR FEEDERS PH AND CHLORINE","6/15/2026",,,,,"False",,,,,,,,
"CORALIA CAPDEVILLA","CORALIA CAPDEVILLA",,,"Converted","Filter","Blue Life","(1) CC150, FULL INSTALLATION",,"Operaciones",,,,"True","Camilo Leon","8/7/2024",,,,"0",,"0"
"CORALIA CAPDEVILLA","CORALIA CAPDEVILLA","6533","35","Pending","Basket",,"SKIMER BASKET.","6/25/2026",,,,,"False",,,,,,,,
"CORALIA CAPDEVILLA","CORALIA CAPDEVILLA","6608","280","Pending","Filter",,"COMMERCIAL POOL FILTERS CC150, INSTALLATION","7/3/2026",,,,,"False",,,,,,,,
"CORTEZ PLAZA","CORTEZ PLAZA","4001","540","Converted","Main Drain","Blue Life","(#4001) MAIN DRAIN COVER","4/16/2025","Técnico",,,,"False",,,"18017","540.0","4/28/2025","0","0",
"CORTEZ PLAZA","CORTEZ PLAZA","3880","206","Converted","Steps","Blue Life","(#3880) 1 NEW STAINLESS STEEL STEP","3/26/2025","Técnico",,,,"False",,,"17853","206.0","1/4/2025","0","0",
"CORTEZ PLAZA","CORTEZ PLAZA","3196","1,948.75","Converted","Filter","Blue Life","(2) NEW COMMERCIAL FILTER CCP420, FULL INSTALLATION, NEW PLUMBING FOR THE INSTALLATION","6/28/2024","Operaciones","6/28/2024","Manager","4/18/2024","True","No Aplica","4/18/2024","15280","1,948.75","7/15/2024","1","-71","88"
"CORTEZ PLAZA","CORTEZ PLAZA","5995","708","Converted","Filter","Blue Life","FILTERS CCP420 CARTRIDGE 4 PACK, INSTALLATION","4/8/2026","Operaciones","4/8/2026","Manager","4/22/2026","True","Alfredo Jimenez","4/22/2026","23348","708","4/22/2026",,,
"CORTEZ PLAZA","CORTEZ PLAZA","6066","213","Converted","Safety Equipment","Blue Life","SAFETY LINE ROPE., NEW ANCHORS., BLUE AND WHITE SAFETY FLOATS.","4/20/2026","Operaciones","5/13/2026","Manager","5/20/2026","True","Miguel Morales","5/20/2026","23797","213","5/20/2026",,,
"CORTEZ PLAZA","CORTEZ PLAZA","6502","65","Converted","Safety Equipment","Blue Life","SAFETY HOOK AND POOL: SAFETY LINE ROPE. ","6/22/2026","Operaciones","6/22/2026","Manager","8/4/2026","True","Guillermo Fernandez","8/4/2026","25075","130","8/7/2026",,,
"CORTEZ PLAZA","CORTEZ PLAZA","6619","910","Converted","Feeders,Flotador","Blue Life","WATER LEVEL CONTROL VALVE VAKPAK SYSTEM., POOL: NEW CHEMICAL STENNER PUMP - PH FEEDER, FEEDER, WATER LEVEL CONTROL, AND CONNECTION INSTALLATION,","7/8/2026","Operaciones","7/8/2026","Manager","7/9/2026","True","Brayan Alvares","7/20/2026","24711","910","7/21/2026",,,
"CORTLAND BOWERY",,"5314","39,500","Declined","Resurface","Blue Life","Refinish pool surface Marquis bluestone<br>Pool<br>grind around lights and all fitt","11/19/2025","Comercial",,,,"True",,,,,,"0","0","0"
"COTTAGE COURT APARTMENTS","COTTAGE COURT APARTMENTS","4753","811","Converted","Main Drain","Blue Life","(#4753) MAIN DRAIN + RULES + HOSE FEEDER","7/28/2025","Health Department","7/28/2025","N/A",,"False","Camilo Leon","8/18/2025","20180","811.0","8/22/2025","1","21","4"
"COTTAGE COURT APARTMENTS","COTTAGE COURT APARTMENTS","4013","1,055","Converted","Motors","Blue Life","(#4013) MOTOR 2.5 HP + IMPELLER + SEAL","4/18/2025","Técnico","5/19/2025","N/A",,"False",,,"18380","1055.0","5/22/2025","31","0",
"COTTAGE COURT APARTMENTS","COTTAGE COURT APARTMENTS","4165","809","Converted","Filter","Blue Life","(#4165) 14 COMMERCIAL POOL FILTER DISK +D.E POWER","6/2/2025","Técnico","6/2/2025","N/A",,"False","Brayan Alvares","6/11/2025","18699","809.0","6/11/2025","1","9","1"
"COTTAGE COURT APARTMENTS","COTTAGE COURT APARTMENTS","4961","380","Converted","Service Maintenance Equipment","Blue Life","NEW HOSE FOR FEEDER +<br>LINE FEEDER +<br>PRESSURE GAUGE + <br>VACUUM GAUGE +<br>CL","11/10/2025","Operaciones","11/21/2025","Manager","12/11/2025","True","Camilo Leon","12/11/2025","21689","380","12/15/2025","11","20","4"
"COTTAGE COURT APARTMENTS","COTTAGE COURT APARTMENTS","5954","295","Converted","Flotador,ESCUTCHEON PLATE","Blue Life","WATER LEVEL CONTROL VALVE VAKPAK SYSTEM., INSTALLATION, 3 ESCUTCHEON PLATE STAINLESS STEEL.","4/1/2026","Operaciones","4/2/2026","Manager","4/24/2026","True","Alexander Lara","4/24/2026","23357","295","4/24/2026",,,
"COTTAGE COURT APARTMENTS","COTTAGE COURT APARTMENTS","6181","400","Accepted","Lid","Blue Life","POOL LABOR AND MATERIALS - REPAIR TWO HEAVY SYSTEM LIDS","5/6/2026","Operaciones","5/6/2026","Manager","5/9/2026","True","Brayan Alvares",,,,,,,
"COTTAGE COURT APARTMENTS","COTTAGE COURT APARTMENTS","6580","809","Pending","Filter",,"COMMERCIAL POOL FILTER DISC., D.E POWDER., INSTALLATION","7/1/2026",,,,,"False",,,,,,,,
"CROWN POINTE APARTMENTS","CROWN POINTE APARTMENTS","3795","723","Converted","Filter","Blue Life","(#3795) 1 HAYWARD POOL FILTERS GRIDS 6020 + D.E POWER","2/24/2025","Técnico","2/25/2025","N/A",,"False","Yasiel Amador","8/4/2025","17951","725","8/4/2025","1","160","1"
"CROWN POINTE APARTMENTS","CROWN POINTE APARTMENTS","3904","281","Converted","Safety Equipment","Blue Life","(#3904) 1 FNS PLUS MANIFOLD +1 SAFETY LINE ROPE","4/1/2025","Técnico","6/10/2025","N/A",,"False","Camilo Leon","7/31/2025","20119","281.0","8/8/2025","70","51","8"
"CROWN POINTE APARTMENTS","CROWN POINTE APARTMENTS","5107","959","Converted","Motors","Blue Life","NEW COMMERCIAL POOL MOTOR 2HP, IMPELLER, SEAL, FULL INSTALLATION","11/10/2025","Operaciones","11/21/2025","Manager","11/24/2025","True","Brayan Alvares","11/24/2025","21332","959","11/28/2025","11","3","4"
"CROWN POINTE APARTMENTS","CROWN POINTE APARTMENTS","6133","725","Converted","Filter","Blue Life","HAYWARD POOL FILTERS GRIDS 6020., D.E POWDER., INSTALLATION","4/28/2026","Operaciones","4/28/2026","Manager","4/30/2026","True","Brayan Alvares","4/30/2026","23394","725","4/30/2026",,,
"CROWN POINTE APARTMENTS","CROWN POINTE APARTMENTS","6284","311","Converted","Flotador","Blue Life","WATER LEVEL CONTROL VALVE VAKPAK SYSTEM, GATE VALVE, INSTALLATION","5/21/2026","Operaciones","5/21/2026","Manager","5/30/2026","True","Brayan Alvares","5/30/2026","24165","311","6/1/2026",,,
"CROWN POINTE APARTMENTS","CROWN POINTE APARTMENTS","6532","40","Converted","Nets","Blue Life","NET","6/25/2026","Operaciones","6/25/2026","Manager","6/30/2026","True","Angel Hernandez","6/30/2026","24310","40","6/30/2026",,,
"CROWN POINTE APARTMENTS","CROWN POINTE APARTMENTS","6687","775","Converted","Skimmer Gutter,Pressure Gauge,Vacuum Plug,Safety Equipment,Safety Line Rope","Blue Life","3 SKIMMER GUTTER., 1 PRESSURE GAUGE 1 VACCUM GAUGE, VACCUM PLUG., SAFETY POLE 16""., SAFETY HOOK, SAFETY LINE ROPE., BLUE AND WHITE SAFETY FLOATS., SAFETY HOOKS, INSTALLATION","7/21/2026","Health Deparment","7/22/2026","Manager","7/31/2026","True","Angel Hernandez","8/8/2026","25177","775","8/24/2026",,,
"CROWN POINTE APARTMENTS","CROWN POINTE APARTMENTS","6703","500","Accepted","Tiles","Blue Life","Remove damaged tile around the skimmer opening, rebuild the area with new cement, r","7/24/2026","Operaciones","7/27/2026","Manager",,"False",,,,,,,,
"DANIEL ANAYA","DANIEL ANAYA","4754","1,379","Converted","Filter","Blue Life","(#4754)System 3 DE filters elements set +D.E POWDER +HAYWARD MULTIPORT VALVE +NEW PLUMBING FOR THE INSTALLATION +FULL IN","7/28/2025","Técnico","8/18/2025","N/A",,"False","Brayan Alvares","8/25/2025","#20197","$1,379.00","8/26/2025","21","7","1"
"DANIEL ANAYA","DANIEL ANAYA","4620","9,350","Pending","Heaters","Brian/ Responsable Pools","Iq-30A, Built right 135k heat on","11/17/2025","Comercial",,,,"True",,,,,,"0","0","0"
"DANIEL ANAYA","DANIEL ANAYA","5394","5,875","Converted","Heaters","Brian/ Responsable Pools","MASTER HEATER 400K BTU, REMOVE AND DISPOSAL OLD HEAT PUMP AND GAS HEATER, Iq-30A","12/18/2025","Comercial","12/22/2025","Manager","12/29/2025","True","No Aplica","12/26/2025","21723","8605","12/29/2025","4","4","3"
"DANIEL ANAYA","DANIEL ANAYA","6083","35","Pending","Basket",,"SKIMER BASKET.","4/21/2026",,,,,"False",,,,,,,,
"DANNY & HEIDY CELIS","DANNY & HEIDY CELIS",,,"Pending","Filter","Blue Life",,,"Operaciones",,,,"True",,"2/21/2019",,,,"0",,"0"
"DEERPATH ON THE LAKE APARTMENTS","DEERPATH ON THE LAKE APARTMENTS","4751","301","Converted","Safety Equipment","Blue Life","(#4751 ) 1 SAFETY POLE 16"" +1 LIFE HOOK +1 SAFETY THROW ROPE ","7/25/2025","Técnico","7/25/2025","N/A",,"False","Camilo Leon","7/31/2025","20115","301.0","4/8/2025","1","6","-114"
"DEERPATH ON THE LAKE APARTMENTS","DEERPATH ON THE LAKE APARTMENTS","3874","2,400","Converted","Leak","Roger/BigBlue","(#3874) Front pool equipment fens. wood fens with black paint to match the office pool fens, 1 gate. all materiales and labor included","3/24/2025","Operaciones",,,,"False",,,"17992","2400.0","4/21/2025","0","0",
"DEERPATH ON THE LAKE APARTMENTS","DEERPATH ON THE LAKE APARTMENTS","3862","1,940","Converted","Pumps,Plumbing","Blue Life","(#3862) 2HP PUMP + PLUMBING","3/19/2025","Técnico",,,,"False",,,"17993","1940.0","4/21/2025","0","0",
"DEERPATH ON THE LAKE APARTMENTS","DEERPATH ON THE LAKE APARTMENTS","4851","760","Pending","Service Maintenance Equipment","Blue Life","(#4851) SERVICE MAINTENANCE EQUIPMENT NEW HOSE FOR FEEDER + LINE FEEDER + PRESSURE GAUGE + VACUUM GAUGE + CLAMP FLOW METER + INSTALLATION X2","8/27/2025","Operaciones",,,,"False",,,,,,"0","0","0"
"DEERPATH ON THE LAKE APARTMENTS","DEERPATH ON THE LAKE APARTMENTS","4968","800","Converted","Leak","Roger/BigBlue","(#4968) LEAK DETECTION OFFICE POOL","9/5/2025","Operaciones","10/15/2025","Manager","11/8/2025","False",,"11/8/2025","21249","800","11/4/2025","40","24","-4"
"DEERPATH ON THE LAKE APARTMENTS","DEERPATH ON THE LAKE APARTMENTS","3538","883","Converted","Filter","Blue Life","COMMERCIAL POOL FILTER DISK, D.O POWER, FULL INSTALLATION","3/5/2025","Técnico","4/7/2025","N/A",,"False","Brayan Alvares","4/16/2025","17933","1200","4/17/2025","33","9","1"
"DEERPATH ON THE LAKE APARTMENTS","DEERPATH ON THE LAKE APARTMENTS","5297","4,600","Pending","Leak","Roger/BigBlue","Main drain box permanent repair Main Pool: <br>The job is designed to provide a per","11/13/2025","Operaciones","2/18/2026","Manager",,"True","No Aplica",,,,,"0","0","0"
"DEERPATH ON THE LAKE APARTMENTS","DEERPATH ON THE LAKE APARTMENTS","5356","4,700","Converted","Leak","Roger/BigBlue","PROPOSED REPAIR PROCEDURE SMALL POOL<br>We will apply pressure to the main drain li","12/2/2025","Operaciones","2/18/2026","Manager","6/15/2026","False","No Aplica","6/15/2026","24257","4700","6/19/2026","0","0","0"
"DEERPATH ON THE LAKE APARTMENTS","DEERPATH ON THE LAKE APARTMENTS","6080","619","Pending","Feeders",,"POOL 1: NEW CHEMICAL STENNER PUMP - CHLORINE FEEDER, CHLORINE FEEDER INSTALLATION","4/21/2026",,,,,"False",,,,,,,,
"DEERPATH ON THE LAKE APARTMENTS","DEERPATH ON THE LAKE APARTMENTS","6081","153","Converted","Lights","Blue Life","POOL 2: POOL LIGHT WEDGE., POOL LIGHT WEDGE INSTALLATION","4/21/2026","Operaciones","4/29/2026",,"5/8/2026","True","Brayan Alvares","5/8/2026","23743","153","5/8/2026",,,
"DEERPATH ON THE LAKE APARTMENTS","DEERPATH ON THE LAKE APARTMENTS","6188","120","Declined","Gate Valve","Blue Life","Office Pool: Gate valve, parts and labor.","5/7/2026","Operaciones","5/13/2026","Manager","5/19/2026","True","Brayan Alvares","5/19/2026","23787","120","5/20/2026",,,
"DEERPATH ON THE LAKE APARTMENTS","DEERPATH ON THE LAKE APARTMENTS","6396","846","Converted","Filter","Blue Life","POOL 1: 15 COMMERCIAL POOL FILTER DISC., D.E POWDER., INSTALLATION","6/4/2026","Operaciones","7/17/2026","Manager","7/24/2026","True","Brayan Alvares","8/1/2026","24979","846","8/3/2026",,,
"DEERPATH ON THE LAKE APARTMENTS","DEERPATH ON THE LAKE APARTMENTS","6397","883","Converted","Filter","Blue Life","POOL 2: 16 COMMERCIAL POOL FILTER DISC., D.E POWDER., INSTALLATION","6/4/2026","Operaciones","7/17/2026","Manager","7/24/2026","True","Brayan Alvares","7/27/2026","24750","883","7/28/2026",,,
"DISSTON PLACE APARMENTS","DISSTON PLACE APARMENTS","3988","1,297","Converted","Filter,Chlorinator Tabs,Safety Equipment","Blue Life","COMMERCIAL POOL FILTER DISK., D.E POWDER., CHLORINATOR TABS, RULES SING, FULL INSTALLATION","10/24/2025","Health Department",,"Manager","10/27/2025","True","Brayan Alvares","10/27/2025","20964","1.297","10/30/2025",,,"3"
"DISSTON PLACE APARMENTS","DISSTON PLACE APARMENTS","5343","53","Converted","Pumps","Blue Life","PUMP SEAL, FULL INSTALLATION","12/1/2025","Operaciones","12/1/2025","Manager","12/8/2025","True","Brayan Alvares",,"21673","213","12/10/2025","1","0",
"DISSTON PLACE APARMENTS","DISSTON PLACE APARMENTS","5831","587","Converted","Safety Equipment,Main Drain","Blue Life","Commercial Main Drain cover VGB., SAFETY THROW ROPE., FULL INSTALLATION","3/19/2026","Operaciones","3/24/2026","Manager","3/25/2026","True","Camilo Leon","3/25/2026","22909","587","3/25/2026",,,
"DISSTON PLACE APARMENTS","DISSTON PLACE APARMENTS","6492","1,116","Converted","Motors","Blue Life","NEW COMMERCIAL POOL MOTOR 2HP - 1PHASE, IMPELLER, MOTOR SEAL, INSTALLATION","6/19/2026","Operaciones","6/26/2026","Manager","6/30/2026","True","Brayan Alvares","6/30/2026","24309","1,116","6/30/2026",,,
"ELEMENTS ON THIRD","ELEMENTS ON THIRD","5166","2,831","Converted","Filter,Service Maintenance Equipment,Special Cleaning","Blue Life","(20) COMMERCIAL POOL FILTER DISK BACK POOL,  NEW 3HP POOL MOTOR BACK POOL,SERVICE MAINTENANCE EQUIPMENT,SPECIAL POOL CLEANING FOR START UP BACK POOL","11/19/2025","Operaciones","11/20/2025","Manager","11/21/2025","False","Brayan Alvares","11/21/2025","21338","2.831","11/28/2025","1","1","7"
"ELEMENTS ON THIRD","ELEMENTS ON THIRD","5167","6,288.5","Converted","Pumps,Filter,Special Cleaning,Service Maintenance Equipment","Blue Life","NEW PENTAIR COMMERCIAL 5HP PUMP, 3 PHASE. CLUB HOUSE POOL,(25) RECTANGULAR ANTHONY FILTER GRIDS CLUB HOUSE, PUMP CLAMP VACUUM PUMP CLUB HOUSE, SPECIAL POOL CLEANING FOR START UP CLUB HOUSE, SERVICE MAINTENANCE EQUIPMENT","11/19/2025","Operaciones","11/20/2025","Manager","11/21/2025","True","Brayan Alvares","12/4/2025","21326","6.288.50","11/25/2025","1","14","-9"
"ELEMENTS ON THIRD","ELEMENTS ON THIRD","5497","277","Converted","Flow Meter","Blue Life","COMMERCIAL FLOW METER OFFICE POOL, RULES SIGN OFFICE POOL, FULL INSTALLATION","1/15/2026","Operaciones","1/15/2026",,"1/19/2026","True","Camilo Leon","1/19/2026","22079","529","1/20/2026","1","4","1"
"ELEMENTS ON THIRD","ELEMENTS ON THIRD","5498","800","Converted","Leak,Flotador","Roger/BigBlue","Commercial full leak detection small pool, WATER LEVEL CONTROL VALVE VAKPAK SYSTEM. SMALL POOL, FULL INSTALLATIONHG","1/15/2026","Operaciones","2/3/2026","Manager","2/13/2026","False","Camilo Leon","2/16/2026","22463","1051","2/16/2026","19","0","0"
"ELEMENTS ON THIRD","ELEMENTS ON THIRD","5640","3,700","Converted","Leak",,"Permanent Repair – Cracked Pool Light Housing<br>The purpose of this repair is to p","2/16/2026",,,,,"False","No Aplica","4/27/2026","23770","3700","5/22/2026",,,
"ELEMENTS ON THIRD","ELEMENTS ON THIRD","6113","305","Converted","Plunger","Blue Life","VAKPAK REPAIR KIT PLUNGER 6 INCHES, INSTALLATION","4/24/2026","Operaciones","4/30/2026","Manager","5/1/2026","True","Brayan Alvares","5/1/2026","23703","305","5/1/2026",,,
"ELEMENTS ON THIRD","ELEMENTS ON THIRD","6179","330","Declined","Flow Meter","Blue Life","FLOW METER 2 1/2""., INSTALLATION","5/6/2026","Operaciones",,"Manager",,"False","Brayan Alvares",,,,,,,
"ELEMENTS ON THIRD","ELEMENTS ON THIRD","6216","70","Converted","Feeders","Blue Life","LINE FEEDER, INSTALLATION","5/11/2026","Operaciones","5/11/2026","Manager","5/13/2026","True","Brayan Alvares","5/13/2026","23766","70","5/15/2026",,,
"ELEMENTS ON THIRD","ELEMENTS ON THIRD","6817",,"Pending","[]",,"Remove and prepare the existing pool finish for resurfacing. Install new Mini Pebbl","8/18/2026",,,,,"False",,,,,,,,
"ELEMENTS ON THIRD","ELEMENTS ON THIRD","6816",,"Pending","[]",,"Remove and prepare the existing pool finish for resurfacing. Install new Quartz Fin","8/18/2026",,,,,"False",,,,,,,,
"ELEMENTS ON THIRD","ELEMENTS ON THIRD","6861",,"Pending","[]",,"POOL: NEW COMMERCIAL MOTOR 3HP - SINGLE PHASE, IMPELLER, MOTOR SEAL., FULL INSTALLATION","8/26/2026",,,,,"False",,,,,,,,
"Ellenton Crossing","Ellenton Crossing ","6493","619","Pending","Feeders",,"NEW CHEMICAL STENNER PUMP - PH FEEDER, INSTALLATION","6/19/2026",,,,,"False",,,,,,,,
"EMERALD METWEST RESIDENTIAL","Emerald Metwest residential","6337","200","Converted","Special Cleaning","Blue Life","COMMERCIAL POOL - SPECIAL <br>POOL CLEANING FOR START UP","5/27/2026","Operaciones","6/4/2026","Manager","6/4/2026","True","Camilo Leon","6/4/2026","24186","200","6/4/2026",,,
"ENCLAVE AT SABAL POINTE - WELLER","ENCLAVE AT SABAL POINTE - WELLER","3955","1,056","Converted","Motors","Blue Life","(#3955) 1NEW 3HP POOL MOTOR +SEAL + IMPELLER","4/7/2025","Operaciones",,"Manager","4/15/2025","False","Rodi Diaz","4/15/2025","17971","1,056.00","4/14/2025","0","0",
"ENCLAVE AT SABAL POINTE - WELLER","ENCLAVE AT SABAL POINTE - WELLER","4841","183","Converted","Lights","Blue Life","POOL LIGHT WEDGE + REINSTALL POOL LIGHT","8/25/2025","Técnico","10/4/2025","Manager","10/7/2025","True","Camilo Leon","10/7/2025","20901","183","10/9/2025","40","3","2"
"ENCLAVE AT SABAL POINTE - WELLER","ENCLAVE AT SABAL POINTE - WELLER","4026","172","Converted","Air Relief Valve","Blue Life","(#4026 ) NEW AIR RELIEF VALVE","4/23/2025","Técnico","5/29/2025","N/A",,"False","Brayan Alvares",,"18686","172.0","6/3/2025","36","0","0"
"ENCLAVE AT SABAL POINTE - WELLER","ENCLAVE AT SABAL POINTE - WELLER","3851","229","Pending","Safety Equipment","Blue Life","(#3851) SAFETY POLE 16 "" + SAFETY HOOK + DELIVERY","3/17/2025","Técnico",,,,"False",,,,,,"0","0","0"
"ENCLAVE AT SABAL POINTE - WELLER","ENCLAVE AT SABAL POINTE - WELLER","4154","1,149","Converted","Filter","Blue Life","(#4154) 2 PENTAIR FILTERS ELEMENT FOR FNS PLUS GRIDS 48 +D.E. POWDER","5/28/2025","Técnico","5/29/2025","N/A",,"True","Brayan Alvares","6/1/2025","18676","1149.0","6/3/2025","1","3","2"
"ENCLAVE AT SABAL POINTE - WELLER","ENCLAVE AT SABAL POINTE - WELLER","4004","250","Converted","Special Cleaning","Blue Life","(#4004) PUMP ROOM SPECIAL CLEANING ","4/17/2025","Operaciones","4/29/2025","N/A",,"False",,,"18182","250.0","5/5/2025","12","0",
"ENCLAVE AT SABAL POINTE - WELLER","ENCLAVE AT SABAL POINTE - WELLER","5294","1,160","Converted","Filter","Blue Life","MULTIPORT VALVE PENTAIR HI-FLOW 2 FNS PLUS FILTER, FULL INSTALLATION","11/12/2025","Operaciones","11/19/2025","Camilo H","11/19/2025","True","Camilo Leon","11/19/2025","21314","1.160","11/21/2025","7","1","2"
"ENCLAVE AT SABAL POINTE - WELLER","ENCLAVE AT SABAL POINTE - WELLER","5581","3,850","Pending","Pumps","Blue Life","OFFICE POOL: NEW PENTAIR COMMERCIAL 5HP VARIABLE SPEED PUMP., FULL INSTALLATION","2/5/2026","Operaciones",,,,"False",,,,,,"0","0","0"
"ENCLAVE AT SABAL POINTE - WELLER","ENCLAVE AT SABAL POINTE - WELLER","5580","624","Pending","Motors,Feeders,Leak","Roger/BigBlue","BACK POOL: NEW 3HP POOL MOTOR., IMPELLER, PUMP SEAL, NEW CHEMICAL STENNER PUMP - CHLORINE AND PH FEEDER, FULL INSTALLATION, Commercial full leak detection.","2/5/2026","Operaciones",,,,"False",,,,,,"0","0","0"
"ENCLAVE AT SABAL POINTE - WELLER","ENCLAVE AT SABAL POINTE - WELLER","5839","153","Converted","Lights","Blue Life","POOL LIGHT WEDGE., LIGHT INSTALLATION","3/19/2026","Operaciones","3/20/2026","Manager","3/26/2026","True","Camilo Leon","3/26/2026","22916","153","3/26/2026",,,
"ENCLAVE AT SABAL POINTE - WELLER","ENCLAVE AT SABAL POINTE - WELLER","6095","180","Converted","Plumbing","Blue Life","NEW PLUMBING FOR THE INSTALLATION.","4/23/2026","Operaciones","4/23/2026","Manager","4/24/2026","True","Brayan Alvares","4/24/2026","23374","180","4/27/2026",,,
"ENCLAVE AT SABAL POINTE - WELLER","ENCLAVE AT SABAL POINTE - WELLER","6238","1,149","Converted","Filter","Blue Life","PENTAIR FILTERS ELEMENT FOR<br>FNS PLUS GRIDS 48, D.E POWDER., INSTALLATION","5/14/2026","Operaciones","6/18/2026","Manager","7/1/2026","True","Brayan Alvares","7/1/2026","24604","1,149","7/2/2026",,,
"ENCLAVE AT SABAL POINTE - WELLER","ENCLAVE AT SABAL POINTE - WELLER","6661","153","Converted","Lights","Blue Life","POOL: LIGHT WEDGE., INSTALLATION","7/14/2026","Operaciones","7/15/2026","Manager","7/24/2026","True","Brayan Alvares","7/23/2026","24727","153","7/23/2026",,,
"ENCLAVE AT TRANQUILITY LAKE","ENCLAVE AT TRANQUILITY LAKE","4070","80","Converted","Steps","Blue Life","(#4070 )REPAIR OF STAINLESS STEEL POOL STEP","5/7/2025","Técnico",,,,"False",,,"18354","80.0","5/15/2025","0","0",
"ENCLAVE AT TRANQUILITY LAKE","ENCLAVE AT TRANQUILITY LAKE","4027","1,179","Converted","Filter","Blue Life","(# 4027) 24 RECTANGULAR ANTHONY FILTER GRIDS +D.E POWDER","4/24/2025","Operaciones","4/29/2025","N/A",,"False","Yasiel Amador","5/21/2025","18379","1179.0","5/22/2025","5","22","1"
"ENCLAVE AT TRANQUILITY LAKE","ENCLAVE AT TRANQUILITY LAKE","3897","619","Converted","Feeders","Blue Life","(#3897) 1 FEEDER PUMP","3/28/2025","Técnico",,,,"False",,,"20885","619.0","4/21/2025","0","0",
"ENCLAVE AT TRANQUILITY LAKE","ENCLAVE AT TRANQUILITY LAKE","5025","619","Converted","Feeders","Blue Life","NEW CHEMICAL STENNER PUMP CHLORINE, FULL INSTALLATION","10/3/2025","Health Department","9/22/2025","Manager","10/6/2025","True","Angel Hernandez","10/6/2025","20885","619","10/7/2025","-11","14","1"
"ENCLAVE AT TRANQUILITY LAKE","ENCLAVE AT TRANQUILITY LAKE","4145","94","Converted","Safety Equipment","Blue Life","SAFETY THROW ROPE","12/22/2025","Operaciones",,"Manager","12/23/2025","False","Camilo Hidalgo",,"22039","94",,"0","0","0"
"ENCLAVE AT TRANQUILITY LAKE","ENCLAVE AT TRANQUILITY LAKE","5612","1,008","Converted","Filter","Blue Life","RECTANGULAR ANTHONY FILTER GRIDS, D.E POWDER., INSTALLATION","2/12/2026","Operaciones","3/4/2026","Manager","3/5/2026","False","Brayan Alvares","3/5/2026","22834","1.299","3/6/2026","0","0","0"
"ENCLAVE AT TRANQUILITY LAKE","ENCLAVE AT TRANQUILITY LAKE","5613","1,118","Pending","Feeders",,"NEW CHEMICAL STENNER PUMP - CHLORINE AND PH FEEDER, INSTALLATION","2/12/2026","Operaciones",,,,"False",,,,,,"0","0","0"
"ENCLAVE AT TRANQUILITY LAKE","ENCLAVE AT TRANQUILITY LAKE","5614","485","Pending","Toro Valve",,"WATER TORO VALVE., THREE WAY VALVE, NEW PLUMBING FOR THE INSTALLATION., INSTALLATION","2/25/2026",,,,,"False",,,,,,,,
"ENCLAVE AT TRANQUILITY LAKE","ENCLAVE AT TRANQUILITY LAKE","6258","211","Pending","Flotador",,"WATER LEVEL CONTROL VALVE VAKPAK SYSTEM., INSTALLATION","5/18/2026",,,,,"False",,,,,,,,
"ENCLAVE AT WESLEY CHAPEL ","ENCLAVE AT WESLEY CHAPEL","4723","303","Converted","Motors","Blue Life","(#4723) SEAL OF THE MOTOR 2.2 HP","7/18/2025","Técnico","7/18/2025","N/A",,"False","Brayan Alvares","7/25/2025","19838","303.0","7/25/2025","1","7","1"
"ENCLAVE AT WESLEY CHAPEL ","ENCLAVE AT WESLEY CHAPEL","4017","1,984","Converted","Filter","Blue Life","(#4017) 32 COMMERCIAL POOL FILTER DISK +D.E POWER COMMERCIAL SPA FILTERS PLM200","4/21/2025","Operaciones","4/21/2025","Manager",,"False","Yasiel Amador","4/25/2025","#18018","1984","4/29/2025","1","4","4"
"ENCLAVE AT WESLEY CHAPEL ","ENCLAVE AT WESLEY CHAPEL","4847","446","Pending","Feeders,Thermometer","Blue Life","(#4847) NEW HOSE FOR FEEDERS SPA 2 + LINE FEEDER SPA 2 + IN LINE THERMOMETER","8/27/2025","Operaciones",,,,"False",,,,,,"0","0","0"
"ENCLAVE AT WESLEY CHAPEL ","ENCLAVE AT WESLEY CHAPEL","5224","9,139","Pending","Heaters","Brian/ Responsable Pools","Hayward H400 ASME Commercial<br>Heater, with sacrificial anode and<br>external flow","10/30/2025",,,,,"False","No Aplica",,,,,"0","0","0"
"ENCLAVE AT WESLEY CHAPEL ","ENCLAVE AT WESLEY CHAPEL","5225","7,759","Pending","Heaters","Brian/ Responsable Pools","Jandy JXI 400 Cupronickel heat exchanger. new heater comes with 1 year parts and la","10/30/2025","Operaciones",,,,"True",,,,,,"0","0","0"
"ENCLAVE AT WESLEY CHAPEL ","ENCLAVE AT WESLEY CHAPEL","5395","463","Converted","Motors","Blue Life","NEW COMMERCIAL POOL MOTOR 2HP., IMPELLER, SEAL, FULL INSTALLATION","12/18/2025","Operaciones","3/6/2026","Quickbooks","3/10/2026","True","Brayan Alvares","3/10/2026","22849","909","3/11/2026","0","0","0"
"ENCLAVE AT WESLEY CHAPEL ","ENCLAVE AT WESLEY CHAPEL","4846","559","Pending","Feeders","Blue Life","NEW CHEMICAL STENNER PUMP PH FEEDER SPA, NEW CHEMICAL STENNER PUMP CHLORINE FEEDER SPA, INSTALLATION FEEDERS","12/18/2025","Operaciones",,,,"False",,,,,,"0","0","0"
"ENCLAVE AT WESLEY CHAPEL","ENCLAVE AT WESLEY CHAPEL","5929","380","Converted","Service Maintenance Equipment","Blue Life","POOL: NEW HOSE FOR FEEDER +<br>LINE FEEDER +<br>PRESSURE GAUGE + <br>VACUUM GAUGE +","3/30/2026","Operaciones","3/30/2026","Manager","4/4/2026","True","Brayan Alvares","4/4/2026","23274","380","4/6/2026",,,
"ENCLAVE AT WESLEY CHAPEL","ENCLAVE AT WESLEY CHAPEL","5930","180","Pending","Service Call",,"Gas heater service call","3/30/2026",,,,,"False",,,,,,,,
"ENCLAVE AT WESLEY CHAPEL","ENCLAVE AT WESLEY CHAPEL","5971","619","Pending","Feeders",,"NEW CHEMICAL STENNER PUMP - CHLORINE FEEDER FOR POOL, CHLORINE FEEDERINSTALLATION","4/2/2026",,,,,"False",,,,,,,,
"ENCLAVE AT WESLEY CHAPEL","ENCLAVE AT WESLEY CHAPEL","5986","195","Converted","Timer","Blue Life","NEW ELECTRICAL TIMER., INSTALLATION","4/7/2026","Operaciones","4/7/2026","Manager","4/4/2026","True","Brayan Alvares","4/4/2026","23296","195","4/13/2026",,,
"ENCLAVE AT WESLEY CHAPEL","ENCLAVE AT WESLEY CHAPEL","6074","310","Converted","Flow Meter","Blue Life","COMMERCIAL FLOW METER 1.5 INCHES, INSTALLATION","4/20/2026","Operaciones","4/22/2026","Manager","4/30/2026","True","Brayan Alvares","4/30/2026","23392","310","4/30/2026",,,
"ENCLAVE AT WESLEY CHAPEL","ENCLAVE AT WESLEY CHAPEL","6417","250","Pending","Special Cleaning",,"DEEP CLEANING OF THE PIT AND <br>FILTERS","6/10/2026",,,,,"False",,,,,,,,
"ERIK GESSNER","ERIK GESSNER",,,"Pending","Filter","Blue Life","(1) CC150, FULL INSTALLATION ",,"Operaciones",,,,"True",,"2/19/2019",,,,"0",,"0"
"ESTATES AT COUNTRYSIDE","ESTATES AT COUNTRYSIDE","5783","462.05","Converted","Motors","Blue Life","3 HP CHALLENGER IMPELLER, CHALLENGER DIFFUSER, DEAL, FULL INSTALLATION","3/12/2026","Operaciones","3/13/2026","Manager","3/19/2026","True","Brayan Alvares","3/19/2026","22895","462.05","3/19/2026",,,
"ESTATES AT COUNTRYSIDE","ESTATES AT COUNTRYSIDE","6142","535.2","Pending","Pumps",,"MAX E PRO HOUSING, INSTALLATION","4/29/2026",,,,,"False",,,,,,,,
"EVERWELL AT BEXLEY","EVERWELL AT BEXLEY",,,"N/A","Feeders","Blue Life","CHLORINE FEEDER TUBING #5",,"Técnico",,,,"False","Brayan Alvares","7/2/2025",,,"7/2/2025","0",,"1"
"EVERWELL AT BEXLEY","EVERWELL AT BEXLEY","3743","139.1","Converted","Safety Equipment","Blue Life","(#3743) 1 POOL RULES","2/4/2025","Técnico","2/4/2025","N/A",,"False",,,"17229","139.1","2/14/2025","1","0",
"EVERWELL AT BEXLEY","EVERWELL AT BEXLEY",,,"Pending","Filter","Blue Life","FILTROS DE ARENA ",,"Operaciones",,,,"True",,"3/18/2024",,,,"0",,"0"
"EVERWELL AT BEXLEY","EVERWELL AT BEXLEY","5894","47","Converted","Throw Rope","Blue Life","SAFETY THROW ROPE.","3/26/2026","Operaciones","4/9/2026","Manager","4/11/2026","True","Angel Viña","4/11/2026","23293","47","4/13/2026",,,
"EVERWELL AT BEXLEY","EVERWELL AT BEXLEY","6052","3,774","Converted","Motors","Blue Life","NEW COMMERCIAL 5HP-3PHASES MOTOR, IMPELLER AND MOTOR SEAL, INSTALLATION","4/16/2026","Operaciones","4/22/2026","Manager","5/18/2026","True","Brayan Alvares","5/18/2026","23777","3,774","5/18/2026",,,
"FELIPE SANCHEZ","FELIPE SANCHEZ",,,"Pending","Filter","Blue Life","(1) PENTAIR CCRP150",,"Operaciones",,,,"True",,"1/5/2026",,,,"0",,"0"
"Four Points Tampa Airport","Four Points Tampa Airport ","6232","2,058","Converted","Filter,Vacuum Plug,Returns Cover,Skimmer Gutter","Blue Life","RETURN COVER., SKIMMER GUTTER., VACCUM PLUG., FILTER DISC., D.E POWDER., INSTALLATION","5/13/2026","Operaciones","5/13/2026","Manager","5/19/2026","True","Brayan Alvares","5/19/2026","23788","2,058","5/20/2026",,,
"Four Points Tampa Airport","Four Points Tampa Airport ","6233","377","Converted","Flow Meter","Blue Life","COMMERCIAL FLOW METER 4"", INSTALLATION","5/28/2026","Operaciones","5/28/2026","Manager","5/28/2026","True"," Diego Avila","5/28/2026","23849","377","5/29/2026",,,
"Four Points Tampa Airport","Four Points Tampa Airport ","6519","153","Converted","Lights","Blue Life","POOL LIGHT WEDGE., INSTALLATION","6/24/2026","Operaciones","6/29/2026","Manager","7/8/2026","True","Brayan Alvares","7/8/2026","24671","153","7/10/2026",,,
"Four Points Tampa Airport","Four Points Tampa Airport ","6754",,"Converted","Flow Meter","Blue Life","COMMERCIAL FLOW METER 2""., INSTALLATION","8/5/2026","Operaciones","8/5/2026","Manager","8/14/2026","True","Brayan Alvares","8/11/2026","25095","340","8/11/2026",,,
"Four Points Tampa Airport","Four Points Tampa Airport ","6765",,"Pending","[]",,"POOL: RULES SING","8/7/2026",,,,,"False",,,,,,,,
"Four Points Tampa Airport","Four Points Tampa Airport ","6818",,"Pending","[]",,"Completely rework equipment room: completely rework entire equipment room set 4&quo","8/18/2026",,,,,"False",,,,,,,,
"FREEDOM GARDENS","FREEDOM GARDENS","4744","500","Converted","Ladder","Blue Life","(# 4744)Repair for the pool ladder, including materials and labor .","7/24/2025","Técnico","7/31/2025","N/A",,"False","No Aplica","8/7/2025","20127","500.0","8/8/2025","7","7","1"
"FREEDOM GARDENS","FREEDOM GARDENS","2870","957","Converted","Filter","Blue Life","(#2870) 18 RECTANGULAR ANTHONY FILTER GRIDS + D.E. POWER ","4/7/2025","Técnico","6/12/2025","N/A",,"False","Brayan Alvares","6/18/2025","18740","957.0","6/19/2025","66","6","1"
"FREEDOM GARDENS","FREEDOM GARDENS","4823","950","Converted","Tiles","Blue Life","(#4823) Raise the skimmer collar to be able to level with the pavers on the Deck.","8/20/2025","Técnico","8/24/2025","N/A",,"False",,"9/17/2025","20561","950","9/22/2025","4","24","5"
"FREEDOM GARDENS","FREEDOM GARDENS","4048","619","Converted","Feeders","Blue Life","(#4048) 1 FEEDER FOR THE CHLORINE","5/2/2025","Técnico","6/12/2025","N/A",,"False","Brayan Alvares","6/18/2025","18741","619.0","6/19/2025","41","6","1"
"FREEDOM GARDENS","FREEDOM GARDENS","5123","1,096","Converted","Main Drain,Safety Equipment,Service Maintenance Equipment","Blue Life","Commercial Main Drain cover VGB + FULL INSTALLATION MAIN DRAIN + SAFETY POLE 16 + SAFETY THROW + ROPE + NEW HOSE FOR FEEDER +LINE FEEDER + PRESSURE GAUGE + VACUUM GAUGE + CLAMP + FLOW METER","10/9/2025","Health Department","10/28/2025","Manager","10/29/2025","True","Camilo Leon","10/29/2025","21260","1.096","11/5/2025","19","1","7"
"FREEDOM GARDENS","FREEDOM GARDENS","5570","1,764","Pending","Lights","Blue Life","NEW LED WHITE LIGHT, INSTALLATION","2/3/2026","Operaciones",,,,"False",,,,,,"0","0","0"
"FREEDOM GARDENS","FREEDOM GARDENS","5565","559","Pending","Feeders","Blue Life","NEW CHEMICAL STENNER PUMP - PH FEEDER, FULL INSTALLATION","2/3/2026","Operaciones",,,,"False",,,,,,"0","0","0"
"FREEDOM GARDENS","FREEDOM GARDENS","6218","446","Converted","Plunger","Blue Life","VAKPAK INTERNAL ASSEMBLY PLUNGER - 6 INCHES, INSTALLATION","5/12/2026","Operaciones","5/18/2026","Manager","5/25/2026","True","Brayan Alvares","5/25/2026","23825","446","5/25/2026",,,
"FREEDOM GARDENS","FREEDOM GARDENS","6251","475","Converted","ESCUTCHEON PLATE,Safety Equipment",,"ESCUTCHEON PLATE STAINLESS STEEL., WEIR DOORS SKIMMER BASKETS, SAFETY THROW ROPE., RULES SIGN., HOSE BIBB VALVE VACCUM BREAKER, FULL INSTALLATION","5/15/2026","Health Deparment","5/18/2026","Supervisor mantenimiento","5/25/2026","True","Camilo Leon","5/25/2026","23834","475","5/26/2026",,,
"FREEDOM GARDENS","FREEDOM GARDENS","6263","211","Converted","Flotador","Blue Life","WATER LEVEL CONTROL VALVE VAKPAK SYSTEM., INSTALLATION","5/18/2026","Operaciones","5/19/2026","Manager","5/25/2026","True","Camilo Leon","5/25/2026","23835","211","5/26/2026",,,
"FREEDOM GARDENS","FREEDOM GARDENS","6523","600","Converted","ESCUTCHEON PLATE","Blue Life","Install a stainless steel cylinder inside <br>and then reinforce it with concrete <","6/24/2026","Operaciones","6/26/2026","Manager","7/2/2026","True","Brayan Alvares","7/2/2026","24642","600","7/3/2026",,,
"FREEDOM GARDENS","FREEDOM GARDENS","6584","1,047","Pending","Filter",,"COMMERCIAL POOL RECTANGULAR ANTHONY FILTER GRIDS, D.E POWDER., INSTALLATION","7/1/2026",,,,,"False",,,,,,,,
"FRENCH QUARTER APARTMENTS","FRENCH QUARTER APARTMENTS","3768","649.9","Pending","Safety Equipment","Blue Life","SAFETY LINE ROPE+BLUE AND WHITE SAFETY FLOATS+NEW ANCHORS+RETURN COVER+FULL INSTALLATION","2/11/2025","Técnico",,,,"False",,,,,,"0","0","0"
"FRENCH QUARTER APARTMENTS","FRENCH QUARTER APARTMENTS","4804","936","Converted","Motors","Blue Life","(#4804)NEW COMMERCIAL POOL MOTOR 2HP +IMPELLER + SEAL","8/13/2025","Técnico","8/22/2025","N/A",,"False",,,"20205","936","8/28/2025","9","0",
"FRENCH QUARTER APARTMENTS","FRENCH QUARTER APARTMENTS",,,"Pending","Filter","Blue Life",,,"Operaciones",,,,"True",,"4/22/2021",,,,"0",,"0"
"FRENCH QUARTER APARTMENTS","FRENCH QUARTER APARTMENTS","5432","559","Converted","Feeders","Blue Life","NEW CHEMICAL STENNER PUMP, CHLORINE FEEDER, INSTALLATION","1/6/2026","Operaciones","2/12/2026","Manager","2/16/2026","True","Camilo Leon","2/16/2026","22465","619","2/17/2026","37","0","0"
"FRENCH QUARTER APARTMENTS","FRENCH QUARTER APARTMENTS","5648","241","Converted","Safety Equipment","Blue Life","SAFETY POLE 16""., SAFETY THROW ROPE., SAFETY LINE ROPE.","2/17/2026","Operaciones","2/17/2026","Manager","2/18/2026","True","Camilo Leon","2/18/2026","22475","241","2/18/2026",,,
"FRENCH QUARTER APARTMENTS","FRENCH QUARTER APARTMENTS","6172","130","Pending","Skimmer Gutter,Service Maintenance Equipment",,"SKIMMER GUTTER., PRESSURE/VAC GAUGE., FULL INSTALLATION","5/5/2026",,,,,"False",,,,,,,,
"FRENCH QUARTER APARTMENTS","FRENCH QUARTER APARTMENTS","6631","1,200","Converted","Special Cleaning","Blue Life","SPECIAL POOL CLEANING FOR START UP","7/9/2026","Operaciones","7/9/2026","Manager","7/22/2026","True","Camilo Hidalgo","7/22/2026","24726","1,200","7/23/2026",,,
"FRENCH QUARTER APARTMENTS","FRENCH QUARTER APARTMENTS","6706","1,060","Pending","Filter,Valves",,"COMMERCIAL POOL FILTER DISC., D.E POWDER., CHECK VALVE., FULL INSTALLATION","7/24/2026",,,,,"False",,,,,,,,
"FRENCH QUARTER APARTMENTS","FRENCH QUARTER APARTMENTS","6707","1,042","Converted","Feeders,Vacuum Gauge,Safety Line Rope,Safety Equipment","Blue Life","POOL: 1 NEW CHEMICAL STENNER PUMP - PH FEEDER, 2 VACCUM GAUGE., INSTALLATION","7/24/2026","Health Deparment","8/3/2026","Manager","8/7/2026","True","Camilo Hidalgo","8/12/2026","25130","713","8/17/2026",,,
"FUSION 1560","Sole On Central","4267","1,470","Converted","Main Drain","Blue Life","(#4267) 3 MAIN DRAINS","6/30/2025","Técnico","7/3/2025","N/A",,"False","Camilo Leon","7/14/2025","18786","1470.0","7/18/2025","3","11","4"
"FUSION 1560","Sole On Central","4806","4,860","Converted","Lights","Blue Life","(#4806) 4NEW LED WHITE LIGHT. + 4 POOL LIGHT WEDGE PREGUNTAR SI SE FACTURANRON 3 O 4","8/14/2025","Técnico","8/23/2025","N/A",,"False",,,"20509","$4860","9/9/2025","9","0",
"FUSION 1560","Sole On Central","3867","838","Converted","Filter","Blue Life","(#3867) 8 HAYWARD C 3025","3/19/2025","Técnico","4/2/2025","N/A",,"False","Brayan Alvares","4/4/2025","17989","838","4/17/2025","14","2","13"
"FUSION 1560","Sole On Central","3863","2,000","Converted","Special Cleaning","Blue Life","(#3863)  BLEACH WASH FOR THE POOL AND SPA","3/19/2025","Técnico","3/20/2025","N/A",,"False",,,"17682","2000.0","3/25/2025","1","0",
"FUSION 1560","Sole On Central","3692","1,065","Converted","Motors","Blue Life","(#3692) SPA MOTOR 3HP + IMPELLER + SEAL","1/15/2025","Técnico",,,,"False",,,"17854","1065.0","1/4/2025","0","0",
"FUSION 1560","Sole On Central","4986","380","Pending","Service Maintenance Equipment","Blue Life","SPA NEW HOSE FOR FEEDER +LINE FEEDER +PRESSURE GAUGE + VACUUM GAUGE","9/11/2025","Técnico",,,,"False",,,,,,"0","0","0"
"FUSION 1560","Sole On Central","4987","380","Pending","Service Maintenance Equipment","Blue Life","POOL NEW HOSE FOR FEEDER +LINE FEEDER +PRESSURE GAUGE + VACUUM GAUGE","9/11/2025","Técnico",,,,"False",,,,,,"0","0","0"
"FUSION 1560","Sole On Central","5121","2,700","Converted","Ladder","Blue Life","CUSTOM COMMERCIAL HANDRAIL, DELIVERY, FULL INSTALLATION","10/8/2025","Operaciones","10/14/2025","Manager","11/28/2025","True","Camilo Hidalgo","12/1/2025","21600","2700","12/1/2025","6","48","1"
"FUSION 1560","Sole On Central","5743","211","Converted","Flotador","Blue Life","WATER LEVEL CONTROL VALVE VAKPAK SYSTEM., INSTALLATION","3/9/2026","Operaciones","3/11/2026","Manager","3/17/2026","True","Camilo Leon","3/17/2026","22887","211","3/18/2026",,,
"FUSION 1560","Sole On Central","6194","1,116","Converted","Motors","Blue Life","FOUNTAIN: NEW COMMERCIAL POOL MOTOR 2HP - 1 PHASE, IMPELLER, MOTOR SEAL, INSTALLATION","5/7/2026","Operaciones","5/11/2026","Manager","5/13/2026","True","Brayan Alvares","5/13/2026","23760","1,116","5/15/2026",,,
"FUSION 1560,  Sole on Central","Sole On Central","6415","838","Converted","Autofill","Blue Life","FILTERS HAYWARD C 3025 AND INSTALLATION","6/10/2026","Operaciones","6/10/2026","Manager","6/11/2026","True","Camilo Leon","6/11/2026","24222","838","6/12/2026",,,
"GARDENS AT SOUTH BAY","GARDENS AT SOUTH BAY","4077","1,351","Converted","Leak","Roger/BigBlue","(#4077)1 RWLC FLOAT ASSEMBLY +NEW STAINLESS + LEAK DETECTION","5/8/2025","Técnico","5/14/2025","N/A",,"False","Anier Reina","5/28/2025","18404","1351.0","5/28/2025","6","14","1"
"GARDENS AT SOUTH BAY","GARDENS AT SOUTH BAY","5004","105","Converted","Gauges","Blue Life","(#5004) VACCUUM GAUGE + FULL INSTALLATION","9/12/2025","Técnico","9/12/2025","Manager",,"False","Camilo Leon","9/23/2025","20579","105","9/29/2025","1","11","6"
"GARDENS AT SOUTH BAY","GARDENS AT SOUTH BAY","3497","915.43","Converted","Filter","Blue Life","(20) COMMERCIAL POOL FILTER DISK, D.E POWER, FULL INSTALLATION","10/23/2024","Operaciones","10/28/2025","Manager","11/3/2025","True","Brayan Alvares","11/3/2025","16407","915.43","12/9/2024","5","5","37"
"GARDENS AT SOUTH BAY","GARDENS AT SOUTH BAY","6395","250","Converted","Special Cleaning","Blue Life","DEEP CLEANING OF THE PIT AND <br>FILTERS","6/4/2026","Operaciones","6/5/2026","Manager","6/23/2026","True","Brayan Alvares","6/23/2026","24278","250","6/24/2026",,,
"GARDENS AT SOUTH BAY","GARDENS AT SOUTH BAY","6542","994","Converted","Filter","Blue Life","COMMERCIAL POOL FILTER DISC., D.E POWDER., INSTALLATION","6/25/2026","Operaciones","6/26/2026","Manager","6/30/2026","True","Brayan Alvares","6/30/2026","24311","994","6/30/2026",,,
"GATEWAY PLACE APARMENTS","GATEWAY PLACE APARMENTS","4225","800","Converted","Leak","Roger/BigBlue","Report Section: Commercial Pool Leak
Inspection - Scum Gutter & Tile Line
Inspection Scope: A comprehensive leak
inspection was performed on the
commercial pool.
Plumbing Line Status: Static pressure tests
conducted on both the suction line and the
return","6/18/2025","Técnico",,,,"False",,,"19811","800.0","7/13/2025","0","0","0"
"GATEWAY PLACE APARMENTS","GATEWAY PLACE APARMENTS","4772","400","Converted","Tiles","Leonardo/Tile","(#4772)TILE REPAIR INCLUDES MATERIALS & INSTALLATION (4 TILES)","8/5/2025","Operaciones","9/29/2025","Manager","10/3/2025","False","No Aplica","10/3/2025","20952","400","10/24/2025","55","4","21"
"GATEWAY PLACE APARMENTS","GATEWAY PLACE APARMENTS","4033","883","Converted","Filter","Blue Life","(#4033) 16 COMMERCIAL POOL FILTER DISK + D.E. POWER","4/25/2025","Técnico","6/18/2025","N/A",,"False","Brayan Alvares","6/20/2025","18758","883.0","6/25/2025","54","2","5"
"GATEWAY PLACE APARMENTS","GATEWAY PLACE APARMENTS","6169","80","Pending","Backwash Hose",,"Blue backwash hose part and labor","5/5/2026",,,,,"False",,,,,,,,
"GATEWAY PLACE APARMENTS","GATEWAY PLACE APARMENTS","6205","540","Converted","Main Drain","Blue Life","Commercial Main Drain cover VGB., FULL INSTALLATION","5/11/2026","Operaciones","5/13/2026","Manager","5/20/2026","True","Brayan Alvares","5/20/2026","23799","540","5/20/2026",,,
"GATEWAY PLACE APARMENTS","GATEWAY PLACE APARMENTS","6262","795","Pending","Line Chlorinator ",,"RAINBOW 320 IN - LINE CHLORINATOR, INSTALLATION","5/18/2026",,,,,"False",,,,,,,,
"GATEWAY PLACE APARMENTS","GATEWAY PLACE APARMENTS","6282","883","Converted","Filter","Blue Life","COMMERCIAL POOL FILTER DISK, D.E POWDER, INSTALLATION","5/21/2026","Operaciones","6/26/2026","Manager","6/30/2026","True","Brayan Alvares","6/30/2026","24306","883","6/30/2026",,,
"GRADY SQUARE APARTMENTS","GRADY SQUARE APARTMENTS","4800","550","Converted","Plumbing","Blue Life","(#4800)COUPING RAPAIR","8/12/2025","Operaciones",,,,"False",,,"20173","550.0","8/12/2025","0","0",
"GRADY SQUARE APARTMENTS","GRADY SQUARE APARTMENTS","3706","1,126.13","Converted","Motors","Blue Life","NEW 3HP POOL MOTOR+SEAL+IMPELLER+FULL INSTALLATION","1/17/2025","Técnico",,,,"False",,,"17030","1126.13","1/27/2025","0","0","0"
"GRADY SQUARE APARTMENTS","GRADY SQUARE APARTMENTS","4773","55","Converted","Skimmer Gutter","Blue Life","(#4773)1 SKIMMER GUTTER","8/5/2025","Técnico","8/5/2025","N/A",,"False",,"8/23/2025","#20510","$55","9/9/2025","1","18","17"
"GRADY SQUARE APARTMENTS","GRADY SQUARE APARTMENTS","4015","1,170","Converted","Motors","Blue Life","(#4015) 3 HP MOTOR + IMPELLER + SEAL","4/21/2025","Técnico",,,,"False",,,"18015","1170.0","4/25/2025","0","0",
"GRADY SQUARE APARTMENTS","GRADY SQUARE APARTMENTS","4271","619","Converted","Feeders","Blue Life","(#4271) 1NEW CHEMICAL STENNER PUMP FOR THE CLHORIN","7/1/2025","Técnico","7/1/2025","N/A",,"False","Yasiel Amador","7/9/2025","18787","619.0","7/18/2025","1","8","9"
"GRADY SQUARE APARTMENTS","GRADY SQUARE APARTMENTS","3092","2,161.88","Converted","Filter","Blue Life","(5) NEW 200sf VAKPAK FILTERS, FULL INSTALLATION","5/27/2024","Operaciones","6/28/2024","Manager","7/17/2024","True","No Aplica","7/17/2024","15306","2,161.88","7/19/2024","32","19","2"
"GRADY SQUARE APARTMENTS","GRADY SQUARE APARTMENTS","5574","53","Converted","Pumps","Blue Life","PUMP SEAL, PUMP SEAL INSTALLATION","2/4/2026","Operaciones","2/4/2026","Manager","2/5/2026","True","Yasiel Amador","2/5/2026","22436","193","2/9/2026","1","1","4"
"GRADY SQUARE APARTMENTS","GRADY SQUARE APARTMENTS","5904","195","Converted","Gate Valve","Blue Life","CHECK VALVE, FULL INSTALLATION","3/27/2026","Operaciones","3/30/2026","Manager","4/8/2026","True","Camilo Hidalgo","4/8/2026","23282","195","4/8/2026",,,
"GRADY SQUARE APARTMENTS","GRADY SQUARE APARTMENTS","6116","2,403.75","Accepted","Filter","Blue Life","NEW 200sf VAKPAK FILTERS, FULL INSTALLATION","4/24/2026","Operaciones","4/27/2026","Manager","6/11/2026","True","Brayan Alvares",,,,,,,
"GRADY SQUARE APARTMENTS","GRADY SQUARE APARTMENTS","6264","250","Converted","Pavers","Blue Life","Pavers repair","5/18/2026","Operaciones","5/21/2026","Manager","5/22/2026","True","Brayan Alvares","5/22/2026","23814","250","5/22/2026",,,
"GRADY SQUARE APARTMENTS","GRADY SQUARE APARTMENTS","6353","200","Converted","Feeders","Blue Life","LINE FEEDER
(PASAR LINEAS POR LA TUBERIA)","5/28/2026","Operaciones","5/28/2026","Manager","6/13/2026","True","Brayan Alvares","6/13/2026","24234","200","6/16/2026",,,
"GRADY SQUARE APARTMENTS","GRADY SQUARE APARTMENTS","6422","800","Pending","Acid Wash",,"PARTIAL ACID WASH","6/10/2026","Operaciones",,"Manager",,"False",,,,,,,,
"GRADY SQUARE APARTMENTS","GRADY SQUARE APARTMENTS","6524","500","Pending","Returns Cover",,"RETURN COVER.","6/24/2026",,,,,"False",,,,,,,,
"GRADY SQUARE APARTMENTS","GRADY SQUARE APARTMENTS","6864",,"Accepted","Plumbing","Blue Life","Redoing the filter plumbing","8/26/2026","Operaciones","8/27/2026","Manager","9/4/2026","True",,,,,,,,
"GRADY SQUARE APARTMENTS","GRADY SQUARE APARTMENTS","6865",,"Accepted","[]",,"POOL: WATER TORO VALVE., POOL: THREE WAY VALVE, FULL INSTALLATION","8/26/2026","Operaciones","8/27/2026","Manager","9/4/2026","True",,,,,,,,
"GRANDE COURT AT NORTH PORT","GRANDE COURT AT NORTH PORT","5698","380","Converted","Service Maintenance Equipment","Blue Life","MAIN POOL: NEW HOSE FOR FEEDER +<br>LINE FEEDER +<br>PRESSURE GAUGE + <br>VACUUM GA","2/26/2026","Técnico","3/11/2026","Quickbooks","3/14/2026","True","Brayan Alvares","3/14/2026","22873","380","3/17/2026",,,
"GRANDE COURT AT NORTH PORT","GRANDE COURT AT NORTH PORT","5649","772","Converted","Filter","Blue Life","MAIN POOL: FILTER DISC., D.E POWDER., INSTALLATION","2/26/2026","Operaciones","3/11/2026","Manager","3/14/2026","True","Brayan Alvares","3/14/2026","22874","772","3/17/2026",,,
"GRANDE COURT AT NORTH PORT","GRANDE COURT AT NORTH PORT","5979","27,500","Pending","Resurface",,"Refinish pool surface Marquis <br>bluestone<br>Pool<br>grind around lights and all ","4/20/2026",,,,,"False",,,,,,,,
"GRANDE COURT AT NORTH PORT","GRANDE COURT AT NORTH PORT","6466","616","Repair Done","Filter","Blue Life","KIDDY POOL: 2 DYNAPURE - CARTRIADGE FILTER FOR POOL, INSTALLATION","6/16/2026","Operaciones","8/12/2026","Manager","8/28/2026","True","Miguel Morales","8/26/2026",,,,,,
"GRANDE COURT AT NORTH PORT","GRANDE COURT AT NORTH PORT","6762",,"Converted","Feeders,Pressure Gauge","Blue Life","POOL: NEW CHEMICAL STENNER PUMP - PH FEEDER, POOL: PRESSURE GAUGE., FULL INSTALLATION","8/7/2026","Operaciones","8/8/2026","Manager","8/21/2026","True","Miguel Morales","8/14/2026","25137","706","8/17/2026",,,
"GREENBRIAR APARTMENT","GREENBRIAR APARTMENT","4138","900","Pending","Safety Equipment","Blue Life","LIFE HOOK+SAFETY POLE 16""+SAFETY THROW ROPE+SAFETY LINE ROPE+BLUE AND WHITE SAFETY FLOATS+NEW ANCHORS+RULES+PRESSURE/VAC GAUGUE+FULL INSTALLATION","5/23/2025","Técnico",,,,"False",,,,,,"0","0","0"
"GREENBRIAR APARTMENT","GREENBRIAR APARTMENT","3799","4,664","Converted","Pumps,Plumbing,Valves,Sum Pump,Filter","Blue Life","(#3799) 1 PUMP 2HP + MOTOR 1 HP + SEAL + IMPELLER NEW PLUMBING AND VALVES +SUMP PUMP + (20) COMMERCIAL POOL FILTER DISK, FULL INSTALLATION 
","2/25/2025","Técnico","5/2/2025","N/A","5/28/2025","False","Camilo Hidalgo","5/28/2025","18202","4,664.00","5/2/2025","66","26","-26"
"GREENBRIAR APARTMENT","GREENBRIAR APARTMENT","3800","1,605","Converted","Service Call","Blue Life","EXTEND THE PANEL HOME RUN ALL THE LOAD IN POOL EQUIPMENT","2/25/2025","Técnico",,,,"False",,,"18201","1605.0","5/1/2025","0","0","0"
"GULL HARBOR APTS","GULL HARBOR APTS","6831",,"Accepted","[]","Blue Life","WATER TORO VALVE., WATER LEVEL CONTROL VALVE VAKPAK SYSTEM., FULL INSTALLATION","8/20/2026","Técnico","8/20/2026","Manager","8/28/2026","True","Brayan Alvares",,,,,,,
"GULL HARBUOR","GULL HARBOR APTS","4733","900","Converted","Leak","Blue Life","(#4733) 2 Raising the pump 3–4 feet off the ground, including plumbing, valves, concrete blocks, and labor per pump.","7/21/2025","Técnico","7/22/2025","N/A",,"False","Brayan Alvares","7/23/2025","19842","900.0","7/25/2025","1","1","2"
"GULL HARBUOR","GULL HARBOR APTS","4724","1,097","Converted","Motors","Blue Life","(#4724 )NEW 3HP POOL MOTOR. + SEAL + IMPELLER","7/18/2025","Técnico","7/22/2025","N/A",,"False","Brayan Alvares","7/23/2025","19839","1097.0","7/25/2025","4","1","2"
"GULL HARBUOR","GULL HARBOR APTS","4190","619","Converted","Sum Pump","Blue Life","(#4190) 1 SUMP PUMP + CHECK VALVE","7/7/2025","Técnico","7/21/2025","N/A",,"False","Brayan Alvares","7/23/2025","19832","619.0","7/23/2025","14","2","1"
"GULL HARBUOR","GULL HARBOR APTS","4062","146","Converted","Steps","Blue Life","(#4062) 1 NEW STAINLESS STEEL STEP FOR THE BACK POOL","5/6/2025","Técnico",,,,"False",,,"18305","146.0","9/5/2025","0","0",
"GULL HARBUOR","GULL HARBOR APTS","3806","2,045","Converted","Pumps","Blue Life","(#3806)1.5 HP VS COMMERCIAL POOL PUMP VARIABLE+NEW PLUMBING ","2/28/2025","Técnico",,,,"False",,,"17861","2045","4/3/2025","0","0",
"GULL HARBUOR","GULL HARBOR APTS","3907","1,502","Converted","Filter","Blue Life","(14) COMMERCIAL POOL FILTER DISK  FOR  POOL 1 +D.E POWDER+(16 Back Pool) COMMERCIAL POOL FILTER DISK FOR POOL 2 +D.E POWDER+FULL INSTALLATION OF THE  FILTERS POR BOTH POOLS","4/2/2025","Técnico","4/24/2025","N/A",,"False","Camilo Hidalgo","4/28/2025","#18022","1502","4/28/2025","22","4","1"
"GULL HARBUOR","GULL HARBOR APTS","3816","928","Converted","Filter","Blue Life","(#3816) 1 PENTAIR CC100 + INSTALLATION","3/4/2025","Técnico","3/10/2025","N/A",,"False","Camilo Hidalgo","3/12/2025"," #17663","928","3/12/2025","6","2","1"
"GULL HARBUOR","GULL HARBOR APTS","3906","2,278","Converted","Chlorinator Tabs","Blue Life","(#3906)2 SOUTH POOL CHLORINATOR TABS + 2 NEW CHEMICAL STENNER PUMP","4/2/2025","Técnico",,,,"False",,,"18021","2278.0","4/28/2025","0","0",
"GULL HARBUOR","GULL HARBOR APTS","5090","180","Converted","Plumbing","Blue Life","POOL 1 MATERIALS AND LABOR REPAIR THE PRESSURE PLUMBING FOR THE SYSTEM PUMP","10/2/2025","Operaciones","10/2/2025","Manager","10/13/2025","True","Brayan Alvares","10/13/2025","20922","180","10/20/2025","1","11","7"
"GULL HARBUOR","GULL HARBOR APTS","5334","200","Converted","Plumbing","Blue Life","SOUTH POOL MATERIALS AND LABOR REPAIR THE PRESSURE PLUMBING FOR THE SYSTEM PUMP","11/26/2025","Operaciones","11/26/2025","Manager","11/28/2025","True","Brayan Alvares",,"21682","200","12/10/2025","1","0",
"GULL HARBUOR","GULL HARBOR APTS","6557","70","Converted","Feeders","Blue Life","LINE FEEDER, INSTALLATION","6/29/2026","Operaciones","6/29/2026","Manager","7/3/2026","True","Adrian Suarez","7/3/2026","24644","70","7/3/2026",,,
"GULL HARBUOR","GULL HARBOR APTS","6568","1,555","Converted","Filter","Blue Life","POOL 1: 16 COMMERCIAL POOL FILTER DISC., D.E POWDER., POOL 2: 13 COMMERCIAL POOL FILTER DISC., D.E POWDER., INSTALLATION","6/30/2026","Operaciones","7/9/2026","QUICK BOOKS","7/17/2026","True","Brayan Alvares","7/15/2026","24693","1,555","7/16/2026",,,
"GULL HARBUOR","GULL HARBOR APTS",,,"Accepted","Motors","Blue Life","WARRANTY - POOL 1: NEW 3HP - 1PHASE POOL MOTOR, SEAL AND IMPELLER","7/15/2026","Operaciones","7/14/2026","Giovanny","7/15/2026","True","Brayan Alvares","7/15/2026",,,,,,
"HAMMOCK RIDGE","HAMMOCK RIDGE","3676","680","Converted","Pumps","Blue Life","PUMP HOUSING+FULL INSTALLATION","1/8/2025","Técnico","1/22/2025",,"1/22/2025","False",,"1/22/2025","20154","680.0","1/21/2025","0","0","0"
"HAMMOCK RIDGE","HAMMOCK RIDGE","3926","1,031","Converted","Filter","Blue Life","(#3926) 20 REGULAR ANTHONY FILTERS GRIDS + D.E POWER","4/5/2025","Operaciones","4/17/2025","N/A",,"False","Brayan Alvares","4/25/2025","#18019","1031","4/28/2025","12","8","3"
"HAMMOCK RIDGE","HAMMOCK RIDGE","4240","180","Converted","Tiles","Blue Life","(#4240) TILE RAPAIR ","6/20/2025","Técnico","8/18/2025",,"8/18/2025","False",,"8/18/2025","20181","180.0","8/21/2025","0","0","0"
"HAMMOCK RIDGE","HAMMOCK RIDGE","4980","800","Converted","Leak","Roger/BigBlue","(#4980) Commercial full leak detection.","9/9/2025","Técnico","9/10/2025","Quickbooks","9/24/2025","False","No Aplica","9/25/2025","20583","800","9/30/2025","1","15","5"
"HAMMOCK RIDGE","HAMMOCK RIDGE","5014","200","Converted","Toro Valve","Blue Life","WATER TORO VALVE., INSTALLATION","9/15/2025","Técnico","9/15/2025","Manager","10/1/2025","False","Camilo Hidalgo","10/1/2025","20877","200","10/6/2025","1","16","5"
"HAMMOCK RIDGE","HAMMOCK RIDGE","5073","1,200","Converted","Leak","Roger/BigBlue","(#5073) Permanent Scum-gutter Repair","9/30/2025","Operaciones","10/1/2025","Manager","10/9/2025","False","No Aplica","10/17/2025","20932","1200","10/22/2025","1","16","5"
"HAMMOCK RIDGE","HAMMOCK RIDGE","5305","47","Converted","Safety Equipment","Blue Life","SAFETY THROW ROPE.","11/17/2025","Operaciones","11/17/2025","Manager","11/20/2025","True","Camilo Hidalgo","11/20/2025","21322","47","11/25/2025","1","3","5"
"HAMMOCK RIDGE","HAMMOCK RIDGE","5304","540","Converted","Main Drain","Blue Life","Commercial Main Drain cover VGB., FULL INSTALLATION","11/17/2025","Operaciones","11/17/2025","Manager","11/20/2025","True","Camilo Hidalgo","11/20/2025","21323","540","11/25/2025","1","3","5"
"HAMMOCK RIDGE","HAMMOCK RIDGE","5724","380","Converted","Service Maintenance Equipment",,"NEW HOSE FOR FEEDER +<br>LINE FEEDER +<br>PRESSURE GAUGE + <br>VACUUM GAUGE +<br>CL","3/4/2026","Técnico","3/9/2026","Manager","3/13/2026","True","Camilo Leon","3/13/2026","22864","380","3/13/2026",,,
"HAMMOCK RIDGE","HAMMOCK RIDGE","5953","258","Converted","Flotador,Throw Rope","Blue Life","SAFETY THROW ROPE. INSTALLATION","4/1/2026","Operaciones","5/1/2026","Manager","6/12/2026","True","Alexander Lara","6/12/2026","24225","47","6/12/2026",,,
"HAMMOCK RIDGE","HAMMOCK RIDGE","6381","110","Converted","Feeders","Blue Life","NEW HOSE FOR FEEDER - CHLORINE FEEDER","6/2/2026","Operaciones","6/3/2026","Manager","6/12/2026","True","Alexander Lara","6/12/2026","24228","70","6/12/2026",,,
"HAMMOCK RIDGE","HAMMOCK RIDGE","6458","619","Declined","Feeders","Blue Life","NEW CHEMICAL STENNER PUMP - PH FEEDER, INSTALLATION","6/15/2026","Operaciones","6/16/2026","Manager","6/19/2026","False",,,,,,,,
"HAMMOCK RIDGE","HAMMOCK RIDGE","6643","1,238","Converted","Feeders","Blue Life","POOL: NEW CHEMICAL STENNER PUMP - CHLORINE AND PH FEEDER, FULL INSTALLATION","7/13/2026","Operaciones","7/13/2026","Manager","7/15/2026","True","Alexander Lara","8/14/2026","25128","1,238","8/17/2026",,,
"HAMPTON / WINDSOR REC","HAMPTON / WINDSOR REC","4880","1,309","Converted","Filter","Blue Life","(#4880) Start Up + 14 Commercial Filter Disk + D.E Powder","9/1/2025","Comercial","9/3/2025","Manager",,"False","Brayan Alvares","9/10/2025","20534","1309","9/12/2025","2","7","2"
"HAMPTON / WINDSOR REC","HAMPTON / WINDSOR REC","4976","654","Converted","Main Drain,Gauges","Blue Life","(#4976) Commercial Main Drain cover VGB, FULL INSTALLATION MAIN DRAIN, POOL PRESSURE GAUGE, FULL INSTALLATION PRESSURE GAUGES","9/9/2025","Health Department","9/11/2025","Manager",,"False","Camilo Leon","9/12/2025","#20543","$654","9/15/2025","2","1","3"
"HAMPTON / WINDSOR REC","HAMPTON / WINDSOR REC","4977","325","Converted","Flotador","Blue Life","(#4977) VAKPAK REPAIR KIT PLUNGER, FULL INSTALLATION","9/9/2025","Técnico","9/11/2025","Manager",,"False","Camilo Leon","9/17/2025","#20555","$325","9/22/2025","2","6","5"
"HAMPTON / WINDSOR REC","HAMPTON / WINDSOR REC","5063","360","Converted","Autofill,Toro Valve","Blue Life","(#5063) Regular auto level control valve + Water toro valve","9/26/2025","Operaciones","9/29/2025","Manager","10/1/2025","False","Camilo Hidalgo","10/1/2025","20882","360","10/6/2025","3","2","5"
"HAMPTON / WINDSOR REC","HAMPTON / WINDSOR REC","5706","520.5","Converted","Pumps","Blue Life","PUMP SEAL PLATE, GASKET PLATE, PUMP CLAMP, FULL INSTALLATION","3/3/2026","Técnico","3/3/2026","Manager","3/4/2026","False","Brayan Alvares","3/4/2026","22841","520.50","3/6/2026",,,
"HAMPTON / WINDSOR REC","HAMPTON / WINDSOR REC","6625","160","Converted","Plumbing","Blue Life","Chemical Line Plumbing Repair - Parts and Labor","7/8/2026","Operaciones","7/10/2026","Manager","7/24/2026","True","Brayan Alvares","8/21/2026","25167","160","8/21/2026",,,
"HAMPTON / WINDSOR REC","HAMPTON / WINDSOR REC","6702","400","Pending","Lid",,"LABOR AND MATERIALS - <br>REPAIR TWO LID HINCHES","7/23/2026",,,,,"False",,,,,,,,
"Harbor Oaks","Harbor Oaks","6545",,"Pending","[]",,"SPA: FULL ACID WASH","8/6/2026",,,,,"False",,,,,,,,
"Harbor Oaks","Harbor Oaks","6543",,"Pending","[]",,"SPA: NEW CHEMICAL STENNER PUMP - CHLORINE OR PH FEEDER, FEEDERS INSTALLATION, OFFICE POOL: WATER LEVEL CONTROL VALVE <br>VAKPAK SYSTEM WITH FLOAT <br>ASSEMBLY</d, INSTALLATION, BACK POOL: WATER LEVEL CONTROL VALVE VAKPAK SYSTEM., INSTALLATION","8/6/2026",,,,,"False",,,,,,,,
"Harbour Island HOA","Harbour Island HOA ","6447","30,000","Pending","Resurface",,"Refinish interior with Freestone Mini Pebble finish.<br>Grind and prep around light","6/17/2026",,,,,"False",,,,,,,,
"Harbour Island HOA","Harbour Island HOA ","6446","25,800","Pending","Resurface",,"Refinish interior with Marquis Bluestone quartz finish.<br>Grind and prep around li","6/17/2026",,,,,"False",,,,,,,,
"HARLOW APARTAMENTS","HARLOW APARTMENTS","5610","559","Converted","Feeders","Blue Life","NEW CHEMICAL STENNER PUMP - CHLORINE FEEDER, CHLORINE FEEDER INSTALLATION","2/11/2026","Operaciones","2/11/2026","Manager","2/18/2026","True"," Diego Avila","2/18/2026","22473","619","2/18/2026","1","0","0"
"HARLOW APARTAMENTS","HARLOW APARTMENTS","6407","619","Accepted","Feeders","Blue Life","NEW CHEMICAL STENNER PUMP - PH FEEDER, PH FEEDER INSTALLATION","6/9/2026","Operaciones","6/10/2026","Manager","6/12/2026","True"," Diego Avila",,,,,,,
"HARLOW APARTAMENTS","HARLOW APARTMENTS","6407","619","Converted","Feeders","Blue Life","NEW CHEMICAL STENNER PUMP -
PH FEEDER","6/8/2026","Operaciones","6/9/2026","Manager","6/12/2026","True"," Diego Avila","6/12/2026","24229","619","6/12/2026",,,
"HARLOW APARTMENTS","HARLOW APARTMENTS","6407","619","Pending","Feeders",,"NEW CHEMICAL STENNER PUMP - PH FEEDER, PH FEEDER INSTALLATION","6/12/2026",,,,,"False",,,,,,,,
"HARLOW APARTMENTS","HARLOW APARTMENTS","6609","1,257","Converted","Filter","Blue Life","23 COMMERCIAL POOL RECTANGULAR ANTHONY FILTER GRIDS, D.E POWDER., INSTALLATION","7/3/2026","Operaciones","7/16/2026","Manager","7/24/2026","True","Brayan Alvares","7/22/2026","24720","1.257","7/22/2026",,,
"HARVEST RIDGE CDD","HARVEST RIDGE CDD","4975","619","Converted","Feeders","Blue Life","(#4975) NEW CHEMICAL STENNER PUMP FOR PH., INSTALLATION","9/9/2025","Técnico","9/9/2025","Manager",,"False","Angel Viña","9/26/2025","20577","619","9/29/2025","1","17","3"
"HARVEST RIDGE CDD","HARVEST RIDGE CDD","5794","619","Pending","Feeders",,"NEW CHEMICAL STENNER PUMP - CHLORINE FEEDER, CHLORINE FEEDER INSTALLATION","3/13/2026",,,,,"False",,,,,,,,
"HARVEST RIDGE CDD","HARVEST RIDGE CDD","6022","129","Converted","Safety Equipment","Blue Life","SAFETY POLE 16"".","4/13/2026","Operaciones","4/24/2026","Manager","4/30/2026","True","Camilo Leon","4/30/2026","23391","129","4/30/2026",,,
"HARVEST RIDGE CDD","HARVEST RIDGE CDD","6465","290","Converted","Safety Equipment","Blue Life","COMMERCIAL SAFETY LIFE RING COAST GUARD APPROVED.","6/16/2026","Operaciones","6/17/2026","Manager","6/19/2026","True","Angel Viña","6/19/2026","24253","290","6/19/2026",,,
"HARVEST RIDGE CDD","HARVEST RIDGE CDD","6604","1,383","Converted","Filter","Blue Life","26 COMMERCIAL POOL RECTANGULAR ANTHONY FILTER GRIDS, D.E POWDER., INSTALLATION","7/3/2026","Operaciones","7/6/2026","Manager","7/10/2026","True","Brayan Alvares","7/17/2026","24702","1,383","7/17/2026",,,
"HAVANA SQUARE","HAVANA SQUARE","5125","586","Converted","Tiles","Blue Life","TILES, INCLUDES INSTALLATION AND MATERIALS","10/9/2025","Operaciones","10/10/2025","Manager","10/21/2025","True","Angel Viña","10/21/2025","20945","586","10/24/2025","1","11","3"
"HAVANA SQUARE","HAVANA SQUARE","3543","1,083.13","Converted","Filter","Blue Life","RECTANGULAR ANTHONY FILTER GRIDS, D.O POWER, FULL INSTALLATION","11/8/2024","Operaciones","1/17/2025","Manager","1/21/2025","True","Yasiel Amador","1/21/2025","17028","1,082.20","1/23/2025","70","4","2"
"HAVANA SQUARE","HAVANA SQUARE","5463","559","Converted","Feeders","Blue Life","NEW CHEMICAL STENNER PUMP, PH FEEDER, PH FEEDER INSTALLATION","1/7/2026","Operaciones","1/9/2026","Manager","1/12/2026","True","Camilo Leon","1/12/2026","22055","619","1/12/2026","2","3","1"
"HAVANA SQUARE","HAVANA SQUARE","5542","250","Converted","Salt Cell","Blue Life","Salt cell repair and plumbing. Labor and materials included.","1/28/2026","Operaciones","1/30/2026","Manager","2/6/2026","True","Brayan Alvares","2/6/2026","22435","250","2/9/2026","2","7","3"
"HAVANA SQUARE","HAVANA SQUARE","5790","120","Converted","Tiles","Blue Life","Installation of Pool Tile #4","3/13/2026","Operaciones","3/13/2026","Manager","3/17/2026","True","Brayan Alvares","3/17/2026","22884","120","3/17/2026",,,
"HAVANA SQUARE","HAVANA SQUARE","5996","168","Converted","ESCUTCHEON PLATE","Blue Life","ESCUTCHEON PLATE STAINLESS STEEL., JET, ESCUTCHEON AND JET INSTALLATION","4/9/2026","Operaciones","4/10/2026","Manager","4/14/2026","True","Dany Lopez","4/14/2026","23307","168","4/15/2026",,,
"HAVANA SQUARE","HAVANA SQUARE","6143","140","Declined","Jets","Blue Life","JET, INSTALLATION","4/29/2026","Operaciones","5/4/2026","Manager",,"False",,,,,,,,
"HAVANA SQUARE","HAVANA SQUARE","6175","110","Converted","Feeders","Blue Life","NEW HOSE FOR FEEDERS - PH AND CHLORINE FEEDER, INSTALLATION","5/13/2026","Operaciones","5/13/2026","Manager","5/20/2026","True","Nelson Belauzaran","5/20/2026","23800","110","5/20/2026",,,
"HAVANA SQUARE","HAVANA SQUARE","6356","100","Pending","Clamps",,"CLAMPS FLOW METER PART AND LABOR","5/29/2026",,,,,"False",,,,,,,,
"HAVANA SQUARE","HAVANA SQUARE","6367","1,200","Converted","ORP Sensor","Blue Life","SENSOR PH, ORP SENSOR, INSTALLATION","6/1/2026","Comercial","6/1/2026","Manager","6/25/2026","True","No Aplica","6/25/2026","24285","1,200","6/26/2026",,,
"HAVANA SQUARE","HAVANA SQUARE","6657","300","Converted","Tiles","Blue Life","Labor and materials for tiling","7/14/2026","Operaciones","7/16/2026","Manager","7/24/2026","True","Brayan Alvares","7/27/2026","24746","300","7/28/2026",,,
"HAVANA SQUARE","HAVANA SQUARE","6698","1,257","Converted","Filter","Blue Life","23 COMMERCIAL POOL RECTANGULAR ANTHONY FILTER GRIDS, D.E POWDER., INSTALLATION","7/23/2026","Operaciones","7/27/2026","Manager","8/7/2026","True","Brayan Alvares","8/10/2026","25090","1,257","8/11/2026",,,
"HENRY DIAZ","JOHANNA AND HENRY DIAZ",,,"Pending","Filter","Blue Life","(1) CC100, FULL INSTALATION ",,"Operaciones",,,,"True",,"2/19/2019",,,,"0",,"0"
"Heritage Cove Apartments","Heritage Cove Apartments","5263","120","Converted","Plumbing","Blue Life","LABOR AND MATERIALS TO REMOVE THE PLUMBING CONNECTED TO THE CHLORINE TABLET FEEDER.","11/5/2025","Operaciones","12/3/2025","Manager","12/10/2025","True","Camilo Hidalgo","12/10/2025","21685","120","12/15/2025","28","7","5"
"Heritage Cove Apartments","Heritage Cove Apartments","5155","580","Pending","Line Chlorinator ","Blue Life","CHLORINATOR, FULL INSTALLATION","11/10/2025","Operaciones",,,,"True",,,,,,"0","0","0"
"Heritage Cove Apartments","Heritage Cove Apartments",,,"Pending","Filter","Blue Life","FILTERS",,"Operaciones",,,,"True",,"9/12/2025",,,,"0",,"0"
"Heritage Cove Apartments","Heritage Cove Apartments","5428","559","Pending","Feeders","Blue Life","NEW CHEMICAL PH STENNER PUMP, FULL INSTALLATION","1/6/2026","Operaciones","1/30/2026","Manager",,"False",,,,,,"24","0","0"
"HERON APARTMENTS","HERON APARTMENTS","3836","1,506","Converted","Filter","Blue Life","(#3836) 4 CARTRIGE FILTER MODEL # CV 340 JANDY FOR FOUNTAIN","3/10/2025","Técnico","3/13/2025","N/A",,"False",,"4/1/2025","17858","1506.0","2/4/2026","3","19","309"
"HERON APARTMENTS","HERON APARTMENTS","3787","1,506","Converted","Filter","Blue Life","(#3787) 4 TOWER A AND B COMMERCIAL POOL FILTERS","3/10/2025","Técnico","3/13/2025","N/A",,"False","Camilo Leon","3/7/2025","17658","1506.0","3/10/2025","3","-6","3"
"HERON APARTMENTS","HERON APARTMENTS","4876","4,455.18","Converted","Pumps","Blue Life","(#4876)NEW 1.65HP VS PUMP FOUNTAIN NEW 2.7HP VS PUMP FOUNTAIN +FULL INSTALLATION OF 2 PUMPS FOR FOUNTAIN","7/8/2025","Operaciones","7/8/2025","N/A",,"False","Brayan Alvares","7/16/2025","18796","4455.18","7/21/2025","1","8","5"
"HERON APARTMENTS","HERON APARTMENTS","3835","180","Converted","Service Call","Blue Life","Gas heater service call","3/10/2025","Técnico",,,,"False",,,"17675","180.0","3/25/2025","0","0","0"
"HERON APARTMENTS","HERON APARTMENTS","3861","760","Converted","Service Maintenance Equipment","Blue Life","NEW HOSE FOR FEEDER +<br>LINE FEEDER +<br>PRESSURE GAUGE + <br>VACUUM GAUGE +<br>CL, NEW HOSE FOR FEEDER +<br>LINE FEEDER +<br>PRESSURE GAUGE + <br>VACUUM GAUGE +<br>CL","11/4/2025","Operaciones","12/8/2025","Quickbooks","12/9/2025","True","Camilo Leon",,"21676","760","12/10/2025","34","0",
"HERON APARTMENTS","HERON APARTMENTS","5538","559","Converted","Feeders","Blue Life","NEW CHEMICAL STENNER PUMP - CHLORINE FEEDER, CHLORINE FEEDER INSTALLATION","1/27/2026","Operaciones","1/29/2026","Manager","2/5/2026","True","Alfredo Jimenez","2/5/2026","22432","619","2/6/2026","2","7","1"
"HERON APARTMENTS","HERON APARTMENTS","5734","1,070","Converted","Main Drain","Blue Life","TOWER A: Commercial Main Drain cover VGB., FULL INSTALLATION","3/6/2026","Operaciones","4/3/2026","Manager","4/20/2026","True","Camilo Leon","4/20/2026","23327","1070","4/20/2026",,,
"HERON APARTMENTS","HERON APARTMENTS","5755","600","Converted","Special Cleaning","Blue Life","Clean the grates and replace the screws.","3/10/2026","Operaciones","3/10/2026","Manager","3/18/2026","True","Camilo Leon","3/18/2026","22890","600","3/19/2026",,,
"HERON APARTMENTS","HERON APARTMENTS","5785","1,070","Pending","Main Drain","Blue Life","TOWER B: Commercial Main Drain <br>cover AquaStar, TOWER B: Commercial Main Drain <br>Round, INSTALLATION","3/12/2026",,,,,"False",,,,,,,,
"HERON APARTMENTS","HERON APARTMENTS","6062","330","Converted","Seal Motor","Blue Life","HIGH TOWER: MOTOR SEAL, HIGH TOWER: MOTOR SEAL INSTALLATION","4/18/2026","Operaciones","4/20/2026","Manager","4/24/2026","True","Brayan Alvares","4/24/2026","23359","330","4/24/2026",,,
"HERON APARTMENTS","HERON APARTMENTS","6128","1,506","Converted","Filter","Blue Life","TOWER A: COMMERCIAL <br>POOL FILTERS ST155, INSTALLATION","4/28/2026","Operaciones","4/30/2026","Manager","5/2/2026","True","Brayan Alvares","5/2/2026","23712","1,506","5/4/2026",,,
"HERON APARTMENTS","HERON APARTMENTS","6131","1,506","Converted","Filter","Blue Life","TOWER B: COMMERCIAL <br>POOL FILTERS ST155, INSTALLATION","4/28/2026","Operaciones","4/30/2026","Manager","5/2/2026","True","Brayan Alvares","5/2/2026","23713","1,506","5/4/2026",,,
"HERON APARTMENTS","HERON APARTMENTS","6410","4,592.5","Converted","Pumps","Blue Life","NEW PENTAIR COMMERCIAL 5HP VARIABLE SPEED PUMP., FULL INSTALLATION","6/9/2026","Operaciones","6/9/2026","Manager","6/11/2026","True","Brayan Alvares","6/11/2026","24220","4,592.50","6/12/2026",,,
"HERON APARTMENTS","HERON APARTMENTS","6508","377","Converted","Flow Meter","Blue Life","COMMERCIAL FLOW METER 4 INCH, INSTALLATION","6/23/2026","Operaciones","6/25/2026","Manager","7/2/2026","True","Brayan Alvares","7/2/2026","24641","377","7/3/2026",,,
"HOME 2 HAMPTON INN","HOME 2 HAMPTON INN","5900","35,500","Pending","Resurface",,"Refinish pool surface Marquis <br>bluestone<br>Pool<br>grind around lights and all ","4/17/2026",,,,,"False",,,,,,,,
"HT PALMERA GATEWAY APARTMENTS LLC","HT PALMERA GATEWAY APARTMENTS LLC","3742","1,739.53","Converted","Filter","Blue Life","(#3742)32 POOL FILTERS DISK + D.E. POWER. + REMOVE 3 SALT SYSTEMS FROM THE POOL EQUIPMET","2/4/2025","Técnico",,,,"False","Brayan Alvares","2/27/2025","17626","1738.6","6/3/2025","0",,"96"
"HT PALMERA GATEWAY APARTMENTS LLC","HT PALMERA GATEWAY APARTMENTS LLC","3845","5,058","Converted","Lights","Blue Life","(#3845) 4 LED WHITE LIGHT+4 LIGHT WEDGE + 1 VAKPAK INTERNAL ASSEMBLY PLUNGER+1 VAKPAKREPAIR KIT PLUNGER+FLOW METER 4”","3/13/2025","Operaciones",,,,"False",,,"17674","5058.0","3/24/2025","0","0",
"HT PALMERA GATEWAY APARTMENTS LLC","HT PALMERA GATEWAY APARTMENTS LLC","5103","200","Converted","Toro Valve","Blue Life","WATER TORO VALVE., INSTALLATION","10/6/2025","Operaciones","10/9/2025","Manager","10/9/2025","True","Camilo Hidalgo","10/9/2025","20915","200","10/17/2025","3","1","8"
"HT PALMERA GATEWAY APARTMENTS LLC","HT PALMERA GATEWAY APARTMENTS LLC","5435","380","Pending","Service Maintenance Equipment","Blue Life","NEW HOSE FOR FEEDER +<br>LINE FEEDER +<br>PRESSURE GAUGE + <br>VACUUM GAUGE +<br>CL","1/6/2026","Operaciones",,,,"False",,,,,,"0","0","0"
"HT PALMERA GATEWAY APARTMENTS LLC","HT PALMERA GATEWAY APARTMENTS LLC","5551","1,184","Pending","Filter","Blue Life","COMMERCIAL POOL FILTER DISK., D.E POWDER., FULL INSTALLATION","1/29/2026","Operaciones",,,,"False",,,,,,"0","0","0"
"HT PALMERA GATEWAY APARTMENTS LLC","HT PALMERA GATEWAY APARTMENTS LLC","6033","892","Converted","Plunger","Blue Life","VAKPAK INTERNAL ASSEMBLY PLUNGER 6¨, INSTALLATION","4/14/2026","Operaciones","4/15/2026","Manager","4/28/2026","True","Brayan Alvares","4/28/2026","23379","892","4/29/2026",,,
"HT PALMERA GATEWAY APARTMENTS LLC","HT PALMERA GATEWAY APARTMENTS LLC","6183","1,238","Converted","Feeders","Blue Life","NEW CHEMICAL STENNER PUMP - PH AND CHLORINE <br>FEEDER, CHLORINE AND PH FEEDER <br>INSTALLATION","5/7/2026","Operaciones","5/9/2026","Manager","5/12/2026","True","Gustavo Barrero","5/12/2026","23758","1,238","5/12/2026",,,
"HT PALMERA GATEWAY APARTMENTS LLC","HT PALMERA GATEWAY APARTMENTS LLC","6442","377","Converted","Flow Meter","Blue Life","HD: COMMERCIAL FLOW METER 4 INCH, INSTALLATION","6/12/2026","Operaciones","6/22/2026","Manager","6/26/2026","True","Brayan Alvares","7/21/2026","24714","377","7/21/2026",,,
"Hub Tampa","Hub Tampa ","6275","4,200","Converted","Resurface","Blue Life","Refinish spa surface Marquis <br>bluestone<br>Spa<br>grind around lights and all fi","6/8/2026","Operaciones","6/8/2026","Manager","8/22/2026","False","No Aplica","7/22/2026","24200 - 24716","4,200","7/22/2026",,,
"Hub Tampa","Hub Tampa ","6747",,"Pending","[]",,"SPA: REGULAR FILTER C3030, INSTALLATION","8/4/2026",,,,,"False",,,,,,,,
"Hub Tampa","Hub Tampa ","6737",,"Pending","[]",,"Partial acid wash of the 10 return lines","8/4/2026",,,,,"False",,,,,,,,
"Hub Tampa","Hub Tampa ","6728",,"Pending","[]",,"NEW CHEMICAL CONTROLLER HAYWARD HCC2000., COMMERCIAL FLOW METER 2&quot;., POOL: NEW COMMERCIAL MOTOR 2HP - SINGLE PHASE, IMPELLER 2&quot;, MOTOR SEAL., POOL: PRESSURE GAUGE., LEAK IN THIS FILTER PIPE., POOL: THREE WAY VALVE, FULL INSTALLATION","8/4/2026",,,,,"False",,,,,,,,
"Hub Tampa","Hub Tampa ","6737",,"Pending","[]",,"Partial acid wash of the 10 return lines","8/4/2026",,,,,"False",,,,,,,,
"Hub Tampa","Hub Tampa ","6826",,"Pending","[]",,"Commercial full leak detection.","8/19/2026",,,,,"False",,,,,,,,
"Hub Tampa","Hub Tampa ","6276","4,900","Pending","Resurface","Brian/ Responsable Pools","Refinish spa surface Marquis <br>bluestone<br>Spa<br>grind around lights and all fi","8/24/2026",,,,,"False",,,,,,,,
"HUNTINGTON PLACE","HUNTINGTON PLACE","4745","160","Converted","Lights","Blue Life","(#4745) POOL LIGHT INSTALLATION","7/24/2025","Técnico","7/29/2025","N/A",,"False","Camilo Leon","8/1/2025","20128","160.0","8/8/2025","5","3","7"
"HUNTINGTON PLACE","HUNTINGTON PLACE","4067","809","Converted","Filter","Blue Life","(#4067) (15) COMMERCIAL POOL FILTER DISK","5/7/2025","Técnico","6/3/2025","N/A",,"False","Brayan Alvares","7/6/2025","19835","809.0","7/24/2025","27","33","18"
"HUNTINGTON PLACE","HUNTINGTON PLACE","3702","550","Converted","Special Cleaning,Start Up","Blue Life","START UP AND CLEANING ","1/16/2025","Técnico",,,,"False",,,"17287","550.0","2/2/2025","0","0","0"
"HUNTINGTON PLACE","HUNTINGTON PLACE","5019","226","Converted","Lights","Blue Life","POOL LIGHT WEDGE., FULL INSTALLATION","9/22/2025","Técnico","9/16/2025","N/A",,"False","Camilo Leon","9/26/2025","20581","226","9/29/2025","-6","10","3"
"HUNTINGTON PLACE","HUNTINGTON PLACE","5360","290","Pending","Main Drain","Blue Life","Commercial Main Drain cover VGB, FULL INSTALLATION","12/4/2025","Operaciones",,,,"False",,,,,,"0","0","0"
"HUNTINGTON PLACE","HUNTINGTON PLACE","5970","120","Converted","Plumbing","Blue Life","DETAILED PLUMBING INSPECTION 
AND COMPLETE LINE CLEANING","4/2/2026","Operaciones","4/3/2026","Manager","4/9/2026","True","Camilo Hidalgo","4/9/2026","23286","120","4/10/2026",,,
"HUNTINGTON PLACE","HUNTINGTON PLACE","6468","100","Converted","Skimmer Gutter,Life Hook","Blue Life","2 SKIMMER GUTTER., INSTALLATION","6/17/2026","Operaciones","6/17/2026","Manager","6/19/2026","True","Guillermo Fernandez","7/11/2026","24687","100","7/13/2026",,,
"HUNTINGTON PLACE","HUNTINGTON PLACE","6674","846","Converted","Filter","Blue Life","COMMERCIAL POOL FILTER DISC., D.E POWDER., INSTALLATION","7/16/2026","Operaciones","7/16/2026","Manager","7/24/2026","True","Brayan Alvares","7/18/2026","24713","846","7/21/2026",,,
"HUNTINGTON PLACE","HUNTINGTON PLACE","6784",,"Accepted","Feeders","Blue Life","POOL: NEW CHEMICAL STENNER PUMP - PH FEEDER, INSTALLATION","8/12/2026","Operaciones","8/12/2026","Manager","8/15/2026","True","Guillermo Fernandez",,,,,,,
"HUNTINGTON PLACE","HUNTINGTON PLACE","6784",,"Converted","Feeders","Blue Life","POOL: NEW CHEMICAL STENNER PUMP - PH FEEDER, INSTALLATION","8/17/2026","Operaciones","8/12/2026","Manager","8/15/2026","True","Guillermo Fernandez","8/15/2026","25136","619","8/17/2026",,,
"IRVING PLACE NORTH ROCKY POINT","IRVING PLACE NORTH ROCKY POINT","3928","1,031","Converted","Filter","Blue Life","(#3928) (20) COMMERCIAL POOL FILTER DISK + D.E POWDER","4/6/2025","Técnico","7/8/2025","N/A",,"False","Brayan Alvares","7/18/2025","18797","1031.0","7/21/2025","93","10","3"
"IRVING PLACE NORTH ROCKY POINT","IRVING PLACE NORTH ROCKY POINT","4172","290","Converted","Separation Tank","Blue Life","(# 4172 )NEW ROD FOR SEPARATION TANK","6/4/2025","Técnico","6/5/2025","N/A",,"False","Camilo Hidalgo","6/18/2025","18743","290.0","6/19/2025","1","13","1"
"IRVING PLACE NORTH ROCKY POINT","IRVING PLACE NORTH ROCKY POINT","6150","2,000","Converted","Acid Wash","Blue Life","FULL ACID WASH","4/30/2026","Operaciones","5/4/2026","Manager","5/6/2026","True","Brayan Alvares","5/6/2026","23728","2,000","5/7/2026",,,
"IRVING PLACE NORTH ROCKY POINT","IRVING PLACE NORTH ROCKY POINT","5425","619","Converted","Feeders","Blue Life","NEW CHEMICAL STENNER PUMP - CHLORINE FEEDER, INSTALLATION","7/8/2026","Operaciones","7/9/2026","Manager","7/16/2026","True","Nelson Belauzaran","7/16/2026","24698","619","7/16/2026",,,
"IRVING PLACE NORTH ROCKY POINT","IRVING PLACE NORTH ROCKY POINT","6813",,"Pending","[]",,"POOL: NEW CHEMICAL STENNER PUMP - PH FEEDER, INSTALLATION","8/18/2026",,,,,"False",,,,,,,,
"Isla Palmetto","Isla Palmetto ","5712","400","Converted","Special Cleaning","Blue Life","Mustard algae treatment","3/3/2026","Operaciones","3/3/2026","Manager","3/4/2026","True","Camilo Leon","3/3/2026","22855","400","3/12/2026",,,
"J. Ardin at Apopka"," J. Ardin at Apopka","6272","1,000","Converted","Acid Wash","Blue Life","POOL: PARTIAL ACID WASH,
LABOR AND TRANSPORTATION","5/20/2026","Operaciones","6/3/2026","Manager","6/18/2026","True","Camilo Leon","6/18/2026","24244","1000","6/18/2026",,,
"JESSICA SHOCKLEE","JESSICA SHOCKLEE","4877","370","Converted","Filter","Blue Life","(#4877) FILTERS REPAIR:D.E GRIDS 36.","7/9/2025","Técnico","7/9/2025","N/A",,"False","Camilo Hidalgo","6/20/2025","19800","370.0","7/9/2025","1","-19","19"
"JESSICA SHOCKLEE","JESSICA SHOCKLEE","6115","350","Converted","Multiport Valve","Blue Life","HAYWARD MULTIPORT VALVE - 1 1/2¨, INSTALLATION","4/28/2026","Operaciones","4/28/2026","Manager","5/7/2026","True","Brayan Alvares","5/7/2026","23730","350","5/7/2026",,,
"JESSICA SHOCKLEE","JESSICA SHOCKLEE",,,"Pending","Filter","Blue Life","FILTER - INSTALADOS POR LA PROPIEDAD",,"Manager",,"Owner","6/11/2026","False",,"6/11/2026",,,,,,
"JMJ DORAL OAKS LLC","JMJ DORAL OAKS LLC","4087","350","Converted","Tiles","Blue Life","(#4087) TILE REPAIR","5/12/2025","Health Department","5/12/2025","N/A",,"False",,"5/27/2025","18401","350.0","5/27/2025","1","15","1"
"JMJ DORAL OAKS LLC","JMJ DORAL OAKS LLC","3541","790.73","Converted","Filter","Blue Life","COMMERCIAL POOL FILTER DISK BAKC POOL","11/8/2024","Operaciones","11/8/2024","Manager","11/19/2024","True","Yasiel Amador","11/19/2024","16480","790.73","11/19/2024","1","11","1"
"JMJ DORAL OAKS LLC","JMJ DORAL OAKS LLC","3540","1,044.43","Converted","Filter","Blue Life","(2) OFFICE POOL D.E FILTER GRIDS","11/8/2024","Operaciones","11/8/2024","Manager","11/16/2024","True","Brayan Alvares","11/16/2024","16470","1,044.43","11/16/2024","1","8","1"
"JMJ DORAL OAKS LLC","JMJ DORAL OAKS LLC","5671","660","Declined","Returns Cover","Blue Life","New floor return., INSTALLATION","2/20/2026","Operaciones","2/24/2026","Manager","3/18/2026","True","Camilo Leon",,,,,,,
"JMJ DORAL OAKS LLC","JMJ DORAL OAKS LLC","5830","2,074","Converted","Filter","Blue Life","OFFICE POOL HAYWARD POOL FILTERS GRIDS 6020, BACK POOL COMMERCIAL FILTER DISC., D.E POWDER., INSTALLATION FIL","3/23/2026","Operaciones","5/12/2026","Manager","5/16/2026","True","Brayan Alvares","5/16/2026","23776","2,074","5/18/2026",,,
"JMJ DORAL OAKS LLC","JMJ DORAL OAKS LLC","5952","80","Converted","Backwash Hose","Blue Life","OFFICE POOL: Blue backwash hose part and labor","4/1/2026","Operaciones","4/4/2026","Manager","4/16/2026","True","Angel Hernandez","4/16/2026","23314","80","4/16/2026",,,
"JMJ DORAL OAKS LLC","JMJ DORAL OAKS LLC","6189","619","Converted","Pumps,Feeders","Blue Life","NEW CHEMICAL <br>STENNER PUMP FOR THE PH, PH FEEDER INSTALLATION","5/7/2026","Operaciones","5/18/2026","Manager","5/21/2026","True","Angel Hernandez","5/21/2026","23807","619","5/22/2026",,,
"JMJ DORAL OAKS LLC","JMJ DORAL OAKS LLC","6434","300","Converted","Ratchet straps","Blue Life","BACK POOL: RATCHET STRAPS - LABOR AND MATERIALS","6/16/2026","Operaciones","6/22/2026","Quickbooks","7/2/2026","True","Dany Lopez","7/2/2026","24640","300","7/3/2026",,,
"JMJ DORAL OAKS LLC","JMJ DORAL OAKS LLC","6650","293","Converted","Safety Equipment","Blue Life","BACK POOL: 1 SAFETY LINE ROPE., BACK POOL: 5 BLUE AND WHITE SAFETY FLOATS., BACK POOL: 2 SAFETY HOOK","7/13/2026","Operaciones","7/16/2026","Manager","7/23/2026","True","Angel Hernandez","7/25/2026","24745","265","7/28/2026",,,
"JMJ DORAL OAKS LLC","JMJ DORAL OAKS LLC","6825",,"Pending","[]",,"OFFICE POOL: BLUE AND WHITE SAFETY FLOATS., OFFICE POOL: SAFETY LINE ROPE.","8/19/2026",,,,,"False",,,,,,,,
"Jose Alvares","Jose Alvares","5267","180","Pending","Plumbing","Blue Life","LABOR AND MATERIALS - NEW PLUMBING FOR THE INSTALLATION.","11/6/2025","Operaciones",,,,"True",,,,,,"0","0","0"
"Jose Alvares","Jose Alvares","5882","220","Converted","Filter","Blue Life","NEW POOL FILTERS CC150 UNIT., FILTER INSTALLATION","3/25/2026","Técnico",,"Operaciones","4/7/2026","True","Nelson Suarez","4/7/2026",,,,,,
"Juan Hernandez","Juan Hernandez",,,"Converted","Filter","Blue Life","(1) New filter CC100",,"Operaciones",,"Owner","8/13/2024","True","No Aplica","8/13/2024","15855","177.38","9/2/2024","0",,"20"
"Juan Hernandez","Juan Hernandez","5876","1,866.25","Converted","Pumps","Blue Life","PENTAIR INTELLIFLO3 1.5 HP VARIABLE SPEED PUMP, INSTALLATION","3/25/2026","Operaciones","4/14/2026","Owner","4/16/2026","True","Brayan Alvares","4/16/2026","23320","1,866.25","4/17/2026",,,
"Juan Hernandez","Juan Hernandez","6082","35","Pending","Basket",,"SKIMER BASKET.","4/21/2026",,,,,"False",,,,,,,,
"JULEP","JULEP","6250","540","Converted","Main Drain","Blue Life","Commercial Main Drain cover VGB., FULL INSTALLATION","5/15/2026","Operaciones","5/18/2026","Manager","5/19/2026","True","Camilo Leon","5/18/2026","23789","540","5/20/2026",,,
"JULEP","JULEP","6582","1,068","Converted","Filter","Blue Life","COMMERCIAL POOL FILTER DISC., D.E POWDER., INSTALLATION","7/1/2026","Operaciones","8/18/2026","Manager","8/21/2026","True","Brayan Alvares","8/22/2026","25173","1,068","8/24/2026",,,
"JULIANA TIPNES","JULIANA TIPNES","3871","5,220","Converted","Heaters","Blue Life","(#3871) NEW JANDY  NATURAL  GAS  HEATER + NEW PLUMBING FOR THE INSTALLATION","3/21/2025","Técnico",,,,"False",,,"17865","5,376.60","4/3/2025","0","0","0"
"KEMERTON PLACE","KEMERTON PLACE","5413","380","Converted","Service Maintenance Equipment","Blue Life","NEW HOSE FOR FEEDER +<br>LINE FEEDER +<br>PRESSURE GAUGE + <br>VACUUM GAUGE +<br>CL","12/29/2025","Operaciones","1/5/2026","Manager","1/8/2026","True","Camilo Leon","1/7/2026","01/08//2026","22047","1/7/2026","7","2","1"
"KEMERTON PLACE","KEMERTON PLACE","5484","592","Converted","Filter","Blue Life","COMMERCIAL POOL FILTER DISK., D.E POWDER, FULL INSTALLATION","1/13/2026","Operaciones",,"Manager","1/16/2026","True","Brayan Alvares","1/16/2026","22072","883","1/19/2026","0",,"3"
"Kennet Argote","Kennet Argote",,,"Pending","Filter","Blue Life","FILTERS",,"Operaciones",,,,"True",,"4/24/2025",,,,"0",,"0"
"KENNITH ELLIS","KENNITH ELLIS",,,"Pending","Filter","Blue Life",,,"Operaciones",,,,"True",,"4/13/2023",,,,"0",,"0"
"KHURSHEED ZAFAR","KHURSHEED ZAFAR","2505","510","Converted","Filter","Blue Life","(1) NEW JANDY DE48 FILTER, FULL INSTALLATION","11/3/2023","Operaciones","11/7/2023","Manager","12/11/2023","True","No Aplica","12/11/2023","13371","510.00",,"4","34",
"KHURSHEED ZAFAR","KHURSHEED ZAFAR","5587","450","Converted","Leak",,"Commercial full leak detection.","2/9/2026","Operaciones","2/9/2026","Manager",,"False","No Aplica","3/3/2026","22822","400","3/3/2026","1","0","0"
"KHURSHEED ZAFAR","KHURSHEED ZAFAR","5747","2,200","Pending","Leak",,"When the fountain is operating, part of the water flows over the lip and runs backw","3/10/2026",,,,,"False",,,,,,,,
"KHURSHEED ZAFAR","KHURSHEED ZAFAR","5871","80","Pending","Backwash Hose",,"Blue backwash hose part and labor","3/24/2026",,,,,"False",,,,,,,,
"KRISTEN MILLER","KRISTEN MILLER",,,"Pending","Filter","Blue Life","FILTERS",,"Operaciones",,,,"True",,"3/26/2025",,,,"0",,"0"
"KRISTEN MILLER","KRISTEN MILLER","5290","1,699","Converted","Pumps","Blue Life","1.5 HP VS COMMERCIAL POOL PUMP VARIABLE, FULL INSTALLATION","12/1/2025","Operaciones","12/2/2025","Manager","12/3/2025","False","Brayan Alvares","12/3/2025","21639","1.899","12/3/2025","1","1","1"
"LA MIRADA GARDENS","LA MIRADA GARDENS","3699","481","Converted","Chlorinator Tabs","Blue Life","CHLORINATOR TABS+FULL INSTALLATION","1/16/2025","Técnico",,,,"False",,,"17216","481.0","2/3/2025","0","0","0"
"LA MIRADA GARDENS","LA MIRADA GARDENS","3778","977.25","Converted","Main Drain","Blue Life","(#3778)Commercial Main Drain cover VGB +INLINE THERMOMETER +NEW PENTAIR CC100 COMMERCIAL POOL FILTERS MAIN POOL no","2/17/2025","Health Department",,,,"False",,,"17620","977.25","5/3/2025","0","0",
"LA MIRADA GARDENS","LA MIRADA GARDENS","5096","630","Declined","Filter","Blue Life","REGULAR FILTERS PENTAIR CC100, FULL INSTALLATION FILTERS, COMPLETE WATER LEVEL PARTS AND LABOR","10/2/2025","Operaciones","2/10/2025","Manager",,"False","Camilo Leon","2/26/2025",,,,"-234","16","0"
"LA MIRADA GARDENS","LA MIRADA GARDENS",,,"Converted","Safety Equipment","Blue Life","SAFETY RING AND THROW ROPE","1/21/2026","Operaciones","1/21/2026",,"1/23/2026","True","Orlando Gonzales","1/21/2026","22089","192","1/23/2026","1","1","2"
"LA MIRADA GARDENS","LA MIRADA GARDENS","5544","250","Pending","Timer","Blue Life","LIGHT TIMER., FULL INSTALLATION","1/28/2026","Operaciones",,,,"False",,,,,,"0","0","0"
"LA MIRADA GARDENS","LA MIRADA GARDENS","6057","140","Converted","Filter","Blue Life","REGULAR FILTERS PENTAIR CC100.","4/17/2026","Operaciones","4/17/2026","Manager","4/22/2026","True","Alfredo Jimenez","4/22/2026","23345","140","4/22/2026",,,
"LA MIRADA GARDENS","LA MIRADA GARDENS","6064","35","Converted","Basket","Blue Life","SKIMER BASKET.","4/20/2026","Operaciones","4/20/2026","Manager","4/22/2026","True","Alfredo Jimenez","4/22/2026","23346","35","4/22/2026",,,
"LA MIRADA GARDENS","LA MIRADA GARDENS","6248","637","Converted","Leak","Blue Life","DURAGLASS HOUSING, INSTALLATION","5/15/2026","Operaciones","5/15/2026","Manager","5/29/2026","True","Brayan Alvares","5/29/2026","23851","637","5/29/2026",,,
"LA MIRADA GARDENS","LA MIRADA GARDENS","6334","630","Pending","Electrical,Timer",,"NEW ELECTRICAL TIMER., LABOR AND ELECTRICAL MATERIALS","5/27/2026",,,,,"False",,,,,,,,
"Lago Bello Holdings LLC","Lago Bello","6814",,"Converted","Plumbing","Blue Life"," Redo the suction plumbing","8/18/2026","Operaciones","8/21/2026","Manager","8/28/2026","True","Brayan Alvares","8/24/2026","25179","250","8/24/2026",,,
"LAKE 28 APARTMENTS","LAKE 28 APARTMENTS","3728","380","Converted","Pumps","Blue Life","NEW ELECTRICAL WORK TO REPAIR MAIN PUMP , LABOR  AND MATERIALS","1/27/2025","Técnico",,,,"False",,,"17038","380.0","1/27/2025","0","0","0"
"LAKE 28 APARTMENTS","LAKE 28 APARTMENTS","4982","922","Converted","Motors","Blue Life","NEW COMMERCIAL 1.5 HP MOTOR- SPA, IMPELLER, MOTOR SEAL, INSTALLATION","9/11/2025","Técnico","11/3/2025","Manager","11/14/2025","False","Brayan Alvares","11/14/2025","21303","922","11/18/2025","53","11","4"
"LAKE 28 APARTMENTS","LAKE 28 APARTMENTS","4983","450","Pending","Pumps","Blue Life","JET PUMP ELECTRICAL REPAIR","9/11/2025","Técnico",,,,"False",,,,,,"0","0","0"
"LAKE 28 APARTMENTS","LAKE 28 APARTMENTS","4984","400","Pending","Lid","Blue Life","POOL LABOR AND MATERIALS - REPAIR TWO HEAVY SYSTEM LIDS","9/11/2025","Técnico",,,,"False",,,,,,"0","0","0"
"LAKE 28 APARTMENTS","LAKE 28 APARTMENTS","5266","400","Converted","Plumbing","Blue Life","NEW PLUMBING FOR THE INSTALLATION","11/6/2025","Operaciones","11/10/2025","Manager","11/14/2025","False","Brayan Alvares","11/14/2025","21304","400","11/18/2025","4","4","4"
"LAKE 28 APARTMENTS","LAKE 28 APARTMENTS","5113","380","Pending","Service Maintenance Equipment","Blue Life","POOL- <br>NEW HOSE FOR FEEDER +<br>LINE FEEDER +<br>PRESSURE GAUGE + <br>VACUUM GAU","11/10/2025","Operaciones",,,,"True",,,,,,"0","0","0"
"LAKE 28 APARTMENTS","LAKE 28 APARTMENTS","5114","380","Pending","Service Maintenance Equipment","Blue Life","SPA- <br>NEW HOSE FOR FEEDER +<br>LINE FEEDER +<br>PRESSURE GAUGE + <br>VACUUM GAUG","11/10/2025","Operaciones",,,,"True",,,,,,"0","0","0"
"LAKE 28 APARTMENTS","LAKE 28 APARTMENTS","5520","150","Converted","Plumbing","Blue Life","Valve plumbing modification","1/21/2026","Operaciones","1/27/2026","Manager","1/30/2026","True","Brayan Alvares","1/26/2026","22110","150",,"6","-1",
"LAKE 28 APARTMENTS","LAKE 28 APARTMENTS","5547","280","Converted","Filter","Blue Life","NEW COMMERCIAL POOL FILTERS C900 FOR SPA, FULL INSTALLATION","1/28/2026","Operaciones","1/30/2026","Manager","1/30/2026","True","Camilo Leon","1/30/2026","22111","340","1/30/2026","2","1","1"
"LAKE 28 APARTMENTS","LAKE 28 APARTMENTS","5611","180","Converted","Heaters","Blue Life","Gas heater service call","2/11/2026","Operaciones","2/19/2026","Manager","3/5/2026","False","No Aplica","2/20/2026","22897","180","3/19/2026","0","0","0"
"LAKE 28 APARTMENTS","LAKE 28 APARTMENTS","5754","6,795","Converted","Heaters","Brian/ Responsable Pools","OPTION 2<br>Jandy JXi 400k BTU ASME Gas Heater <br>Lower cost ASME rated gas heater","3/10/2026","Operaciones","6/18/2026","Manager","6/25/2026","False","No Aplica","6/25/2026","24635","6,765","7/3/2026",,,
"LAKE 28 APARTMENTS","LAKE 28 APARTMENTS","5753","9,605","Pending","Heaters",,"OPTION 1<br>Replace heater with a Hayward ASME unit, with adding an external flow s, Sacrificial Anode <br>Labor &amp; Overhead<br>A sacrificial anode for a swimming po, Electronic External Flow Switch<br>Labor &amp; Overhead","3/10/2026",,,,,"False",,,,,,,,
"LAKE 28 APARTMENTS","LAKE 28 APARTMENTS","6648","250","Converted","Plumbing","Blue Life","Leak plumbing repair","7/13/2026","Operaciones","7/14/2026","Manager","7/24/2026","True","Brayan Alvares","8/13/2026","25121","250","8/13/2026",,,
"LAKE 28 APARTMENTS","LAKE 28 APARTMENTS","6756",,"Pending","[]",,"Pool Dry path for hollow spot","8/6/2026",,,,,"False",,,,,,,,
"LAKES AT LARGO","LAKES AT LARGO","3930","987","Converted","Filter","Blue Life","(#3930) 14 COMMERCIAL POOL FILTER DISK +D.E POWDER  + 1 COMMERCIAL FILTER CC150 FOR SPA","4/6/2025","Operaciones","4/9/2025","N/A",,"False","Brayan Alvares","4/18/2025","#17996","987","4/21/2025","3","9","3"
"LAKES AT LARGO","LAKES AT LARGO","3673","2,263","Converted","Lights","Blue Life","NEW LED WHITE LIGHT THE POOL+FULL INSTALLATION","1/7/2025","Técnico",,,,"False",,,"17011","2263.0","1/14/2025","0","0","0"
"LAKES AT LARGO","LAKES AT LARGO","3980","833","Converted","Motors","Blue Life","(#3980) 1 NEW COMMERCIAL 1.65HP MOTOR FOR THE SPA + IMPELLER+ SEAL","4/14/2025","Técnico",,,,"False",,,"17997","833.0","4/21/2025","0","0",
"LAKES AT LARGO","LAKES AT LARGO","5102","180","Converted","Heaters","Blue Life","Gas heater service call","10/6/2025","Operaciones","10/6/2025","Manager","10/15/2025","True",,"10/15/2025","20929","180","10/21/2025","1","9","6"
"LAKES AT LARGO","LAKES AT LARGO","4614","567","Converted","Main Drain,Gauges","Blue Life","Commercial Main Drain cover VGB SPA, SPA PRESSURE GAUGE, FULL INSTALLATION","11/17/2025","Operaciones","11/17/2025","Manager","11/19/2025","True","Camilo Leon","11/19/2025","21325","567","11/25/2025","1","2","6"
"LAKES AT LARGO","LAKES AT LARGO","5589","140","Converted","Filter","Blue Life","PENTAIR FILTERS CC150 FOR SPA, FILTER INSTALLATION","2/9/2026","Operaciones","2/9/2026","Manager","2/20/2026","True","Alfredo Jimenez","2/20/2026","22478","200","2/20/2026","1","0","0"
"LAKES AT LARGO","LAKES AT LARGO","6569","809","Converted","Filter","Blue Life","COMMERCIAL POOL FILTER DISC., D.E POWDER., INSTALLATION","6/30/2026","Operaciones","7/1/2026","Manager","7/3/2026","True","Brayan Alvares","7/15/2026","24694","809","7/16/2026",,,
"LAKES AT LARGO","LAKES AT LARGO","6723",,"Pending","[]",,"Refinish the pool and spa with a new interior finish. The scope includes surface pr","7/29/2026",,,,,"False",,,,,,,,
"LAKES AT LARGO","LAKES AT LARGO","6759",,"Converted","Plumbing","Blue Life","Repair leaking plumbing to stop water loss and restore proper system operation.</di","8/12/2026","Operaciones","8/13/2026","Manager","8/21/2026","True","Brayan Alvares","8/17/2026","25134","200","8/17/2026",,,
"LAKES AT LARGO","LAKES AT LARGO","6850",,"Accepted","Flow Meter","Blue Life","COMMERCIAL FLOW METER 2.5""., FULL INSTALLATION","8/24/2026","Operaciones","8/25/2026","Manager",,"True",,,,,,,,
"LANTANA AT CYPRESS CAY","LANTANA AT CYPRESS CAY","4179","1,517","Declined","Filter","Blue Life","(28) RECTANGULAR ANTHONY FILTER GRIDS +D.E. POWER","6/6/2025","Técnico",,,,"False",,,,,,"0","0","0"
"LANTANA AT CYPRESS CAY","LANTANA AT CYPRESS CAY","5170","840","Converted","Service Maintenance Equipment,Autofill,Lights","Blue Life","NEW HOSE FOR FEEDER +<br>LINE FEEDER +<br>PRESSURE GAUGE + <br>VACUUM GAUGE +<br>CL, REGULAR AUTO LEVEL CONTROL VALVE., POOL LIGHT INSTALLATION, FULL INSTALLATION","10/21/2025","Operaciones","1/9/2026","Manager","1/13/2026","True","Camilo Leon","1/13/2026","22060","840","1/14/2026","80","4","1"
"LANTANA AT CYPRESS CAY","LANTANA AT CYPRESS CAY","5586","559","Pending","Feeders",,"NEW CHEMICAL STENNER PUMP - PH FEEDER, PH FEEDER INSTALLATION","2/9/2026","Operaciones",,,,"False",,,,,,"0","0","0"
"LANTANA AT CYPRESS CAY","LANTANA AT CYPRESS CAY","5861","619","Pending","Feeders",,"NEW CHEMICAL STENNER PUMP - CHLORINE FEEDER, CHLORINE FEEDER INSTALLATION","3/23/2026",,,,,"False",,,,,,,,
"LANTANA AT CYPRESS CAY","LANTANA AT CYPRESS CAY","5980","153","Converted","Lights","Blue Life","POOL LIGHT WEDGE., INSTALLATION","4/3/2026","Operaciones","4/6/2026","Manager","4/25/2026","True","Brayan Alvares","4/25/2026","23367","153","4/27/2026",,,
"LANTANA AT CYPRESS CAY","LANTANA AT CYPRESS CAY","6087","192","Pending","Safety Equipment",,"COMMERCIAL SAFETY LIFE RING COAST GUARD APPROVED., SAFETY THROW ROPE.","4/22/2026",,,,,"False",,,,,,,,
"LANTANA AT CYPRESS CAY","LANTANA AT CYPRESS CAY","6364","380","Pending","Service Maintenance Equipment",,"NEW HOSE FOR FEEDER +<br>LINE FEEDER +<br>PRESSURE GAUGE + <br>VACUUM GAUGE +<br>CL","6/1/2026",,,,,"False",,,,,,,,
"LANTANA AT CYPRESS CAY","LANTANA AT CYPRESS CAY","6413","1,517","Converted","Filter",,"RECTANGULAR ANTHONY FILTER GRIDS, D.E POWDER., INSTALLATION","6/10/2026","Operaciones","6/18/2026",,"6/20/2026","True","Brayan Alvares","6/21/2026","24684","1,517","7/13/2026",,,
"LANTANA AT CYPRESS CAY","LANTANA AT CYPRESS CAY","6437","1,696","Converted","Pumps","Blue Life","NEW COMMERCIAL 5HP - 1SINGLE SPEED MOTOR, IMPELLER, MOTOR SEAL, INSTALLATION","6/12/2026","Operaciones","6/17/2026","Manager","6/20/2026","True","Brayan Alvares","6/20/2026","24267","1,696","6/22/2026",,,
"LANTANA AT CYPRESS CAY","LANTANA AT CYPRESS CAY","6436","4,573","Pending","Pumps","Blue Life","NEW PENTAIR COMMERCIAL 5HP VARIABLE SPEED PUMP., INSTALLATION","6/12/2026",,,,,"False",,,,,,,,
"LANTANA AT CYPRESS CAY","LANTANA AT CYPRESS CAY","6592","446","Converted","Plunger","Blue Life","VAKPAK REPAIR KIT PLUNGER - 6 INCH, INSTALLATION","7/2/2026","Operaciones","7/2/2026","Manager","7/3/2026","True","Brayan Alvares","7/3/2026","24646","446","7/3/2026",,,
"LANTANA AT CYPRESS CAY","LANTANA AT CYPRESS CAY","6663","153","Converted","Lights","Blue Life","POOL: LIGHT WEDGE., INSTALLATION","7/15/2026","Operaciones","7/15/2026","Manager","7/24/2026","True","Camilo Leon","8/11/2026","25092","153","8/11/2026",,,
"LANTOWER ASTURIA","LANTOWER ASTURIA","4260","160","Converted","Lights","Blue Life","(#4260)POOL LIGHT INSTALLATION","6/26/2025","Técnico","6/26/2025","N/A",,"False","Camilo Hidalgo","6/27/2025","18770","160.0","6/27/2025","1","1","1"
"LANTOWER ASTURIA","LANTOWER ASTURIA","3205","619","Converted","Feeders","Blue Life","(#3205) 1 FEEDER","5/28/2025","Técnico","5/29/2025","N/A",,"False","Anier Reina","6/4/2025","18690","619.0","6/6/2025","1","6","2"
"LANTOWER ASTURIA","LANTOWER ASTURIA","4115","1,942","Converted","Filter","Blue Life","(#4115)2 SPINDLE VACCUM THE 36"" INCHES -12 HOLE+filter spacer +pvc unions + 24 RECTANGULAR ANTHONY FILTER GRIDS","5/15/2025","Técnico","5/21/2025","N/A",,"False","Brayan Alvares","6/18/2025","18745","1942.0","6/18/2025","6","28","1"
"LANTOWER ASTURIA","LANTOWER ASTURIA","5065","250","Pending","Service Call","Blue Life","Services Call Electrical Service","11/10/2025","Operaciones",,,,"True",,,,,,"0","0","0"
"LANTOWER ASTURIA","LANTOWER ASTURIA","5445","559","Pending","Feeders","Blue Life","NEW CHEMICAL STENNER PUMP, CHLORINE FEEDER, FEEDER INSTALLATION","1/6/2026","Operaciones",,,,"False",,,,,,"0","0","0"
"LANTOWER ASTURIA","LANTOWER ASTURIA","5874","550","Converted","Sum Pump","Blue Life","SUMP PUMP, SUMP PUMP INSTALLATION","3/25/2026","Operaciones","4/13/2026","Manager","4/22/2026","True","Brayan Alvares","4/22/2026","23386","550","4/29/2026",,,
"LANTOWER ASTURIA","LANTOWER ASTURIA","6032","80","Pending","Backwash Hose",,"Blue backwash hose part and labor","4/14/2026",,,,,"False",,,,,,,,
"LANTOWER ASTURIA","LANTOWER ASTURIA","6157","881","Pending","Lid,Flotador,Gate Valve,Toro Valve",,"POOL LABOR AND MATERIALS - <br>REPAIR TWO HEAVY SYSTEM LIDS, WATER LEVEL CONTROL VALVE VAKPAK SYSTEM., WATER TORO VALVE., GATE VALVE, INSTALLATION","5/1/2026",,,,,"False",,,,,,,,
"LANTOWER ASTURIA","LANTOWER ASTURIA","6317","1,696","Converted","Motors","Blue Life","NEW COMMERCIAL 5HP - 3 PHASES MOTOR., IMPELLER, MOTOR SEAL, INSTALLATION","5/25/2026","Operaciones","5/29/2026","Manager","6/3/2026","True","Brayan Alvares","6/3/2026","24180","1,696","6/4/2026",,,
"LANTOWER ASTURIA","LANTOWER ASTURIA","6307","4,095.35","Converted","Chemical Controller,Feeders","Blue Life","NEW CHEMICAL STENNER PUMP - PH AND CHLORINE FEEDERS, NEW CHEMICAL CONTROLLER HAYWARD HCC2000., SUMP PUMP, INSTALLATION","5/25/2026","Operaciones","5/29/2026","Manager","6/3/2026","True","Brayan Alvares","6/4/2026","24185","4,095.35","6/4/2026",,,
"LANTOWER ASTURIA","LANTOWER ASTURIA","6318","796","Converted","Motors","Blue Life","NEW COMMERCIAL POOL MOTOR 1HP., IMPELLER, MOTOR SEAL, INSTALLATION","5/25/2026","Operaciones","5/29/2026","Manager","6/3/2026","True","Brayan Alvares","6/3/2026","24181","796","6/4/2026",,,
"LANTOWER ASTURIA","LANTOWER ASTURIA","6593","1,299","Pending","Filter",,"COMMERCIAL POOL RECTANGULAR ANTHONY FILTER GRIDS, D.E POWDER., INSTALLATION","7/2/2026",,,,,"False",,,,,,,,
"LANTOWER CYPRESS CREEK","LANTOWER CYPRESS CREEK","3158","619","Converted","Feeders","Blue Life","(#3158) NEW CHLORINE FEEDER FOR THE POOL SMALL","7/9/2025","Técnico","7/9/2025","N/A",,"False"," Diego Avila","7/18/2025","18798","619.0","7/21/2025","1","9","3"
"LANTOWER CYPRESS CREEK","LANTOWER CYPRESS CREEK","3159","619","Converted","Feeders","Blue Life","(# 3159)NEW CHLORINE ACID SMALL POOL","7/9/2025","Técnico","7/9/2025","N/A",,"False"," Diego Avila","7/18/2025","18799","619.0","7/21/2025","1","9","3"
"LANTOWER CYPRESS CREEK","LANTOWER CYPRESS CREEK","4029","1,938","Converted","Filter","Blue Life","(#4029 ) 14 POOL FILTER DISK SMALL POOL + D.E POWER + POOL FILTER DISK LARGE POOL 24 + D.E POWER","4/24/2025","Operaciones","4/24/2025","N/A",,"False","Brayan Alvares","4/27/2025","18020","1938.0","4/28/2025","1","3","1"
"LANTOWER CYPRESS CREEK","LANTOWER CYPRESS CREEK","4807","650","Converted","Motors","Blue Life","(#4807)NEW COMMERCIAL 1.5 HP MOTOR.","8/15/2025","Técnico","8/15/2025","N/A",,"False",,,"#20196","$650","8/26/2025","1","0",
"LANTOWER CYPRESS CREEK","LANTOWER CYPRESS CREEK","4852","1,400","Pending","Acid Wash","Blue Life","PARTIAL ACID WASH MIDDLE POOL + PARTIAL ACID WASH BACK POOL","8/28/2025","Comercial",,,,"False",,,,,,"0","0","0"
"LANTOWER CYPRESS CREEK","LANTOWER CYPRESS CREEK","5140","292","Converted","Steps","Blue Life","NEW STAINLESS STEEL STEP BIG POOL, FULL INSTALLATION","10/14/2025","Técnico","10/14/2025","Quickbooks","10/22/2025","True"," Diego Avila","10/22/2025","20947","292","10/24/2025","1","8","2"
"LANTOWER CYPRESS CREEK","LANTOWER CYPRESS CREEK","5211","524","Declined","Steps","Blue Life","NEW STAINLESS STEEL STEP, FULL INSTALLATION","10/27/2025","Operaciones",,,,"True",,,,,,"0","0","0"
"LANTOWER CYPRESS CREEK","LANTOWER CYPRESS CREEK","5615","172","Converted","Steps","Blue Life","NEW STAINLESS STEEL STEP, INSTALLATION","2/12/2026","Operaciones","2/13/2026","Manager","3/4/2026","True","Brayan Alvares","3/4/2026","22835","372","3/6/2026","0","0","0"
"LANTOWER CYPRESS CREEK","LANTOWER CYPRESS CREEK","5903","619","Pending","Feeders",,"SMALL POOL: NEW CHEMICAL STENNER PUMP - PH FEEDER, PH FEEDER INSTALLATION","3/27/2026",,,,,"False",,,,,,,,
"LANTOWER CYPRESS CREEK","LANTOWER CYPRESS CREEK","6245","40","Accepted","O ring Filter","Blue Life","O-RING FILTER PLM200 PART AND LABOR","5/14/2026","Operaciones","5/14/2026","Manager","6/12/2026","True"," Diego Avila",,,,,,,
"LANTOWER CYPRESS CREEK","LANTOWER CYPRESS CREEK","6418","1,901","Converted","Filter","Blue Life","COMMERCIAL POOL FILTER DISK<br>SMALL POOL, D.E POWDER., COMMERCIAL POOL FILTER DISK<br>LARGE POOL, D.E POWDER., INSTALLATION","6/10/2026","Operaciones","6/16/2026","Manager","7/6/2026","True","Brayan Alvares","7/6/2026","24667","1,901","7/10/2026",,,
"LANTOWER CYPRESS CREEK","LANTOWER CYPRESS CREEK","6512","1,180","Pending","Filter",,"BACK POOL: COMMERCIAL SPA FILTERS PLM200., INSTALLATION","6/23/2026",,,,,"False",,,,,,,,
"LANTOWER CYPRESS CREEK","LANTOWER CYPRESS CREEK","6613","96.75","Repair Done","Skimmer Gutter","Blue Life","White Square Skimmer Lid","7/6/2026","Operaciones","7/9/2026","Quick Books","8/24/2026","True","Jose Lugo","8/27/2026",,,,,,
"LANTOWER WESTSHORE","LANTOWER WESTSHORE","4201","196","Converted","Steps,Skimmer Gutter","Blue Life","(#4201) 1 NEW STAINLESS STEEL STEP + 1 SKIMMER GUTTER","6/12/2025","Técnico","6/12/2025","N/A",,"False","Yasiel Amador","6/18/2025","18744","196.0","6/19/2025","1","6","1"
"LANTOWER WESTSHORE","LANTOWER WESTSHORE","3678","2,772.5","Converted","Pumps,Plumbing","Blue Life","NEW COMMERCIAL 3HP PUMP+NEW PLUMBING FOR THE INSTALLATION+FULL INSTALLATION","1/9/2025","Técnico",,,,"False",,,"17040","2772.5","1/28/2025","0","0","0"
"LANTOWER WESTSHORE","LANTOWER WESTSHORE","4843","87","Converted","Gauges","Blue Life","(#4843) POOL PRESSURE GAUGE ","8/25/2025","Técnico",,,,"False",,,"20207","87","8/28/2025","0","0",
"LANTOWER WESTSHORE","LANTOWER WESTSHORE","3827","200","Converted","Toro Valve","Blue Life","(#3827) WATER TORO VALVE","3/7/2025","Técnico","3/10/2025","N/A",,"False",,,"20511","200","9/9/2025","3","0",
"LANTOWER WESTSHORE","LANTOWER WESTSHORE","3931","1,216","Converted","Filter","Blue Life","(#3931) 8 NEW COMMERCIAL POOL FILTERS CCP420","4/6/2025","Técnico","6/1/2025","N/A",,"False","No Aplica","5/9/2025","18782","1216","7/17/2025","56","-23","69"
"LANTOWER WESTSHORE","LANTOWER WESTSHORE","3810","384","Converted","Safety Equipment","Blue Life","(#3810)2 SAFETY THROW ROPE + 2 SAFETY LIFE RING COAST GUARD APPROVED","2/28/2025","Técnico",,,,"False",,,"17623","384.0","6/3/2025","0","0",
"LANTOWER WESTSHORE","LANTOWER WESTSHORE","5146","377","Pending","Flow Meter","Blue Life","COMMERCIAL FLOW METER, FULL INSTALLATION","10/15/2025","Operaciones",,,,"True",,,,,,"0","0","0"
"LANTOWER WESTSHORE","LANTOWER WESTSHORE","5319","2,646","Converted","Lights","Blue Life","(3) NEW LED WHITE LIGHT., FULL INSTALLATION","11/21/2025","Operaciones","12/2/2025","Manager","12/17/2025","True","Brayan Alvares","12/17/2025","21703","3.546",,"11","15",
"LANTOWER WESTSHORE","LANTOWER WESTSHORE","5328","277","Converted","Flow Meter","Blue Life","COMMERCIAL FLOW METER., INSTALLATION","11/21/2025","Manager","11/21/2025","Manager","12/3/2025","False","Yasiel Amador","12/3/2025","21638","397","12/3/2025","1","12","1"
"LANTOWER WESTSHORE","LANTOWER WESTSHORE","5446","380","Pending","Service Maintenance Equipment","Blue Life","NEW HOSE FOR FEEDER +<br>LINE FEEDER +<br>PRESSURE GAUGE + <br>VACUUM GAUGE +<br>CL","1/22/2026","Operaciones",,,,"False",,,,,,"0","0","0"
"LANTOWER WESTSHORE","LANTOWER WESTSHORE","5636","92","Converted","Air Relief Valve",,"NEW AIR RELIEF.","2/16/2026","Operaciones","2/16/2026","Manager","2/16/2026","True","Camilo Leon","2/16/2026","22469","92","2/17/2026",,,
"LANTOWER WESTSHORE","LANTOWER WESTSHORE","5719","619","Converted","Feeders","Blue Life","2 NEW CHEMICAL STENNER PUMP., PH AND CHLORINE INSTALLATION","3/3/2026","Operaciones","8/10/2026","Manager","8/14/2026","True","Camilo Hidalgo","8/12/2026","25100","1,238","8/13/2026",,,
"LANTOWER WESTSHORE","LANTOWER WESTSHORE","6141","377","Converted","Flow Meter",,"COMMERCIAL FLOW METER - 4 INCH ROLACHEM, INSTALLATION","4/29/2026","Health Deparment","4/29/2026",,"5/5/2026","True","Brayan Alvares","5/5/2026","23726","377","5/7/2026",,,
"LATITUDE 27 APARTMENTS","LATITUDE 27 APARTMENTS","3769","676.25","Converted","Main Drain","Blue Life","(#3769) 1 MAIN DREIN + 1 STAINLESS STEEL STEP PARA COMPLETAR HD","2/12/2025","Técnico",,,,"False",,,"21767","680.0","4/2/2025","0","0",
"LATITUDE 27 APARTMENTS","LATITUDE 27 APARTMENTS","3547","2,297","Converted","Filter","Blue Life","(#3547) 3 COMMERCIAL POOL FILTERS PLM 300","6/5/2025","Técnico","6/19/2025","N/A",,"False","Brayan Alvares","7/3/2025","20214","2297","8/29/2025","14","14","57"
"LATITUDE 27 APARTMENTS","LATITUDE 27 APARTMENTS","5626","75","Converted","Skimmer Gutter","Blue Life","SKIMMER GUTTER.","2/12/2026","Operaciones","2/16/2026","Manager","2/26/2026","True","Camilo Hidalgo","2/26/2026","22502","75","2/26/2026","0","0","0"
"LATITUDE 27 APARTMENTS","LATITUDE 27 APARTMENTS","5854","2,727.35","Pending","Chemical Controller",,"NEW CHEMICAL CONTROLLER HAYWARD HCC2000., INSTALLATION","3/23/2026",,,,,"False",,,,,,,,
"LATITUDE 27 APARTMENTS","LATITUDE 27 APARTMENTS","6680","2,300","Pending","Filter",,"COMMERCIAL POOL FILTERS PLM300, INSTALLATION","7/20/2026",,,,,"False",,,,,,,,
"LATITUDE 27 APARTMENTS","LATITUDE 27 APARTMENTS","6680","2,300","Pending","Filter",,"COMMERCIAL POOL FILTERS PLM300, D.E POWDER., INSTALLATION","7/20/2026",,,,,"False",,,,,,,,
"LATITUDE 27 APARTMENTS","LATITUDE 27 APARTMENTS","6729",,"Converted","Feeders","Blue Life","POOL: NEW CHEMICAL STENNER PUMP - PH FEEDER, INSTALLATION","7/30/2026","Operaciones","8/3/2026","Manager","8/6/2026","True","Guillermo Fernandez","8/6/2026","25078","619","8/7/2026",,,
"LENOX PLACE APARTMENT","LENOX PLACE APARTMENT","3360","650","Converted","Feeders","Blue Life","(#3360) 1 FEEDER CHLORINE","5/7/2025","Técnico",,,,"False",,,"18325","650.0","5/12/2025","0","0",
"LENOX PLACE APARTMENT","LENOX PLACE APARTMENT","3952","178","Converted","Service Maintenance Equipment","Blue Life","(# 3952) 1 LINE FEEDER + 1 HOSE FOR FEEDER","4/7/2025","Técnico",,,,"False",,,"18746","178.0","6/18/2025","0","0","0"
"LENOX PLACE APARTMENT","LENOX PLACE APARTMENT","3802","969","Converted","Sum Pump,Flotador,Plumbing","Blue Life","SUMP PUMP+WATER LEVEL CONTROL VALVE VAKPAK SYSTEM+NEW PLUMBING FOR THE INSTALLATION+CHECK VALVE+FULL INSTALLATION","2/25/2025","Técnico",,,,"False",,,"17451","980.0","2/28/2025","0","0","0"
"LENOX PLACE APARTMENT","LENOX PLACE APARTMENT","3591","1,357.25","Converted","Pumps","Blue Life","(#3591) 1 PUMP 1HP + PLUMBING","1/29/2025","Técnico",,,,"False",,,"17245","1357.25","2/17/2025","0","0",
"LENOX PLACE APARTMENT","LENOX PLACE APARTMENT","5105","664","Converted","Feeders","Blue Life","NEW CHEMICAL CHLORINE STENNER PUMP POOL 1, SKIMMER GUTTER POOL 2, FULL INSTALLATION","10/13/2025","Técnico","10/13/2025","Quickbooks","10/15/2025","True","Yasiel Amador","10/15/2025","20925","664","10/20/2025","1","2","5"
"LENOX PLACE APARTMENT","LENOX PLACE APARTMENT","5278","151","Pending","Flotador","Blue Life","LABOR AND MATERIALS WATER LEVEL CONTROL VALVE VAKPAK SYSTEM.","11/7/2025","Operaciones",,,,"True",,,,,,"0","0","0"
"LENOX PLACE APARTMENT","LENOX PLACE APARTMENT","2819","790.73","Converted","Filter","Blue Life","(16) COMMERCIAL POOL FILTER DISK FOR BACK POOL,D.E POWDER, FULL INSTALLATION","2/23/2024","Operaciones","12/17/2024","Manager","1/7/2025","True","No Aplica","1/7/2025","16918","790.73","1/7/2025","298","21","1"
"LENOX PLACE APARTMENT","LENOX PLACE APARTMENT","5473","703","Converted","Filter","Blue Life","BACK POOL: COMMERCIAL POOL FILTER DISK., FULL INSTALLATION, D.E POWDER","1/9/2026","Operaciones","1/13/2026","Manager","1/15/2026","True","Yasiel Amador","1/16/2026","22076","994","1/20/2026","4","3","4"
"LENOX PLACE APARTMENT","LENOX PLACE APARTMENT","5536","500","Converted","Ladder","Blue Life","BREAK UP THE CONCRETE AND ADJUST THE HANDRAIL CYLINDER","1/26/2026","Operaciones","1/26/2025","Manager","2/9/2026","True","Brayan Alvares","2/10/2026","22440","500","2/11/2026","-365","380","1"
"LENOX PLACE APARTMENT","LENOX PLACE APARTMENT","5683","1,530","Converted","Flotador,Service Maintenance Equipment,Flow Meter,Feeders","Blue Life","POOL 2: NEW CHEMICAL STENNER PUMP - PH FEEDER, POOL 2: NEW HOSE FOR FEEDER +<br>LINE FEEDER +<br>PRESSURE GAUGE + <br>VACUUM GAUGE, POOL 2: Commercial 2inc flow meter., POOL 2: WATER LEVEL CONTROL VALVE VAKPAK SYSTEM., INSTALLATION","2/23/2026","Operaciones","2/24/2026","Manager","2/25/2026","True","Brayan Alvares","2/25/2026","22500","1530","2/25/2026",,,
"LENOX PLACE APARTMENT","LENOX PLACE APARTMENT","5682","842","Converted","Service Maintenance Equipment,Safety Equipment,Tiles","Blue Life","POOL 1: NEW HOSE FOR FEEDER +<br>LINE FEEDER +<br>PRESSURE GAUGE + <br>VACUUM GAUGE, POOL 1: SAFETY THROW ROPE., POOL 1: SAFETY LINE ROPE., POOL 1: TILES, MATERIALS AND INSTALLATION","2/23/2026","Operaciones","2/24/2026","Manager","2/25/2026","True","Brayan Alvares","2/25/2026","22501","842","2/25/2026",,,
"LENOX PLACE APARTMENT","LENOX PLACE APARTMENT","5692","619","Converted","Feeders","Blue Life","POOL 1: NEW CHEMICAL STENNER PUMP - PH FEEDER, INSTALLATION","2/25/2026","Operaciones","3/4/2026","Manager","3/5/2026","False","No Aplica","3/5/2026","22839","619","3/6/2026",,,
"LENOX PLACE APARTMENT","LENOX PLACE APARTMENT","5800","18,500","Pending","Resurface",,"FRONT POOL<br><br>Refinish pool surface Marquis bluestone<br>Pool<br>grind around l","3/13/2026",,,,,"False",,,,,,,,
"LENOX PLACE APARTMENT","LENOX PLACE APARTMENT","5801","18,500","Pending","Resurface",,"BACK POOL<br><br>Refinish pool surface Marquis bluestone<br>Pool<br>grind around li","3/13/2026",,,,,"False",,,,,,,,
"LENOX PLACE APARTMENT","LENOX PLACE APARTMENT","5927","1,116","Converted","Motors","Blue Life","LEFT POOL: NEW COMMERCIAL 2HP-1 PHASE MOTOR., IMPELLER, MOTOR SEAL, INSTALLATION","3/30/2026","Operaciones","4/20/2026","Manager","4/21/2026","True","Brayan Alvares","4/21/2026","23335","1,116","4/22/2026",,,
"LENOX PLACE APARTMENT","LENOX PLACE APARTMENT","6056","900","Converted","Leak,Plumbing","Blue Life","Emergency Leak Repair<br>The return line has broken, and the only solution is to dr","4/17/2026","Operaciones","4/17/2026","Manager","4/21/2026","True","Brayan Alvares","4/21/2026","23342","900","4/22/2026",,,
"LENOX PLACE APARTMENT","LENOX PLACE APARTMENT","6339","550","Converted","Sum Pump","Blue Life","OFFICE POOL: SUMP PUMP, INSTALLATION","5/27/2026","Operaciones","5/27/2026","Manager","6/1/2026","True","Brayan Alvares","6/1/2026","24170","550","6/1/2026",,,
"LENOX PLACE APARTMENT","LENOX PLACE APARTMENT","6490","182","Converted","Safety Equipment","Blue Life","LEFT POOL: SAFETY THROW ROPE., LEFT POOL: BLUE AND WHITE SAFETY FLOATS., LEFT POOL: SAFETY HOOK","6/19/2026","Operaciones","6/22/2026","Manager","7/9/2026","True","Adrian Suarez","7/9/2026","24669","182","7/10/2026",,,
"LENOX PLACE APARTMENT","LENOX PLACE APARTMENT","6788",,"Converted","Motors","Blue Life","RIGHT POOL: NEW COMMERCIAL MOTOR 2HP - SINGLE PHASE, IMPELLER, MOTOR SEAL., INSTALLATION","8/13/2026","Operaciones","8/13/2026","Manager","8/15/2026","True","Brayan Alvares","8/17/2026","25152","1,116","8/19/2026",,,
"LENOX PLACE APARTMENT","LENOX PLACE APARTMENT","6854",,"Pending","[]",,"RIGHT POOL: NEW COMMERCIAL MOTOR 1HP, IMPELLER, MOTOR SEAL., INSTALLATION","8/25/2026",,,,,"False",,,,,,,,
"Leo at Cypress Creek","Leo at Cypress Creek ","6847",,"Pending","[]",,"POOL: NEW CHEMICAL STENNER PUMP - PH FEEDER, INSTALLATION","8/24/2026",,,,,"False",,,,,,,,
"L''Estancia Apartments","L'Estancia Apartments","5856","350","Converted","Plumbing","Blue Life","Main pump suction plumbing","3/23/2026","Operaciones","3/23/2026","Manager","3/27/2026","True","Brayan Alvares","3/27/2026","22920","350","3/27/2026",,,
"L''Estancia Apartments",,"5880","176","Converted","Safety Equipment","Blue Life","SAFETY THROW ROPE. 
SAFETY POLE. SAFETY POLE 16""","3/25/2026","Operaciones","3/25/2026","Manager","4/2/2026","True","Camilo Hidalgo","4/2/2026","23255","176","4/3/2026",,,
"L''Estancia Apartments","L'Estancia Apartments","6708",,"Converted","Flow Meter","Blue Life","COMMERCIAL FLOW METER 2""., INSTALLATION","7/28/2026","Operaciones","7/27/2026","Manager","7/28/2026","True","Brayan Alvares","7/28/2026","24749","340","7/28/2026",,,
"LINX APARTMENTS","LINX APARTMENTS","4036","95","Converted","Safety Equipment","Blue Life","(#4036)  1 SAFETY LINE ROPE ","4/29/2025","Técnico",,,,"False",,,"18346","95.0","5/15/2025","0","0",
"LINX APARTMENTS","LINX APARTMENTS","3613","735","Converted","Filter","Blue Life","(#3613) 12 FILTER DISK  POOL 1 + D.E POWER","4/28/2025","Técnico","4/28/2025","N/A",,"False","Brayan Alvares","5/3/2025"," #18283","735","5/5/2025","1","5","2"
"LINX APARTMENTS","LINX APARTMENTS","4844","618","Converted","Ladder,Returns Cover","Blue Life","(#4844) RETURN COVER SECOND POOL 8 + ESCUTCHEON PLATE STAINLESS STEEL SECOND POOL","8/26/2025","Técnico","8/28/2025","Manager","10/1/2025","False","Camilo Leon","10/1/2025","20866","618","10/3/2025","2","34","2"
"LINX APARTMENTS","LINX APARTMENTS","3846","1,332","Converted","Gauges","Blue Life","(#3846)1 PRESSURE GAUGE FOR THE POOL 2+ 2 CHLORINE TABS +1 LINE FEEDER + 1 HOSE FOR FEEDERS.","3/13/2025","Health Department",,,,"False",,,"17679","1332.0","3/25/2025","0","0","0"
"LINX APARTMENTS","LINX APARTMENTS","4789","661","Converted","Filter","Blue Life","(#4789) NEW COMMERCIAL POOL FILTER GRIDS POOL 2 + DE POWDER","8/10/2025","Técnico","8/28/2025","Quickbooks",,"False","Yasiel Amador","5/3/2025","20522","661","9/9/2025","18","-117","129"
"LINX APARTMENTS","LINX APARTMENTS","5448","559","Converted","Feeders","Blue Life","OFFICE POOL: NEW CHEMICAL STENNER PUMP PH FEEDER, INSTALLATION OF NEW CHEMICAL STENNER PUMP","1/7/2026","Operaciones","1/7/2026","Manager","1/9/2026","True","Camilo Hidalgo","1/9/2026","22049","619","1/9/2026","1","2","1"
"LINX APARTMENTS","LINX APARTMENTS","5782","67","Converted","Gauges",,"POOL PRESSURE GAUGE POOL 2, FULL INSTALLATION","3/12/2026","Operaciones","5/21/2026",,"6/24/2026","True","Brayan Alvares","6/24/2026","24275","67","6/24/2026",,,
"LINX APARTMENTS","LINX APARTMENTS","6280","121","Accepted","Safety Equipment",,"SAFETY LINE ROPE, BLUE AND WHITE SAFETY FLOATS","5/21/2026",,"5/21/2026",,"6/18/2026","True","Miguel Morales",,,,,,,
"LINX APARTMENTS","LINX APARTMENTS","5814","604","Converted","Filter,Pressure Gauge",,"PENTAIR FILTERS GRIDS 60, POOL PRESSURE GAUGE., INSTALLATION","5/21/2026","Operaciones","5/21/2026",,"6/24/2026","True","Brayan Alvares","6/24/2026","24276","604","6/24/2026",,,
"LINX APARTMENTS","LINX APARTMENTS","6755",,"Accepted","Feeders",,"POOL: NEW CHEMICAL STENNER PUMP - CHLORINE FEEDER, INSTALLATION","8/10/2026","Operaciones","8/11/2026","Manager","8/13/2026","True",,,,,,,,
"LISA BERNAT","LISA BERNAT","6037","1,380","Converted","Heaters","Roger/BigBlue","HAYWARD WATER SAFTEY WIRE HARNESS, HAYWARD HI LIMIT, TRIP CHARGE","4/15/2026",,"4/15/2026",,,"False",,,"	23306	
","1,380","4/15/2026",,,
"LISSETE AND DAVID LOPEZ","LISSETE AND DAVID LOPEZ",,,"Pending","Filter","Blue Life",,,"Operaciones",,,,"True",,"5/16/2024",,,,"0",,"0"
"LISSETE AND DAVID LOPEZ","LISSETE AND DAVID LOPEZ","6146","35","Converted","Basket","Blue Life","1 SKIMMER BASKET","4/30/2026","Operaciones","4/30/2026","Manager","5/28/2026","True","Angel Viña","5/28/2026","23842","35","5/29/2026",,,
"LOLA APARTMENTS","LOLA APARTMENTS","4080","220","Converted","Toro Valve","Blue Life","(#4080) 1 WATER TORO VALVE","5/9/2025","Técnico",,,,"False",,,"18347","220.0","5/15/2025","0","0",
"LOLA APARTMENTS","LOLA APARTMENTS","3528","619","Converted","Feeders","Blue Life","(#3528) 1 FEEDER THE CHLORINE ","6/27/2025","Técnico","11/3/2025","Manager","11/18/2025","True","Camilo Leon","11/18/2025","21307","619","11/20/2025","129","15","2"
"LOLA APARTMENTS","LOLA APARTMENTS","5303","380","Converted","Service Maintenance Equipment","Blue Life","NEW HOSE FOR FEEDER +<br>LINE FEEDER +<br>PRESSURE GAUGE + <br>VACUUM GAUGE +<br>CL","11/13/2025","Operaciones","11/13/2025","Manager","11/18/2025","True","Camilo Leon","11/18/2025","21310","380","11/20/2025","1","5","2"
"LOLA APARTMENTS","LOLA APARTMENTS","3548","1,169.13","Converted","Filter","Blue Life","(24) RECTANGULAR ANTHONY FILTER GRIDS, D.E POWER, FULL INSTALLATION","11/9/2024","Operaciones","11/9/2024","Manager","11/15/2024","True","Yasiel Amador","11/15/2024","16467","1,169.13","11/15/2024","1","6","1"
"LOLA APARTMENTS","LOLA APARTMENTS","5490","3,148.75","Converted","Chemical Controller","Blue Life","NEW CHEMICAL CONTROLLER HAYWARD HCC2000.","1/14/2026","Operaciones","1/22/2026","Manager","1/26/2026","True","Brayan Alvares","1/26/2026","22100","3,148.75","1/27/2026","8","4","1"
"LOLA APARTMENTS","LOLA APARTMENTS","5778","250","Pending","Tiles",,"Glue a tile to the corner of the pool","3/11/2026",,,,,"False",,,,,,,,
"LOLA APARTMENTS","LOLA APARTMENTS","6336","200","Converted","Seal Motor","Blue Life","MOTOR SEAL - LABOR AND SEAL","5/27/2026","Operaciones","5/27/2026","Manager","6/8/2026","True","Brayan Alvares","6/8/2026","24204","200","6/10/2026",,,
"LOLA APARTMENTS","LOLA APARTMENTS","6601","1,299","Repair Done","Filter","Blue Life","23 COMMERCIAL POOL RECTANGULAR ANTHONY FILTER GRIDS, D.E POWDER., INSTALLATION","7/3/2026","Operaciones","7/6/2026","Manager","7/10/2026","True","Brayan Alvares","8/27/2026",,,,,,
"LUCERNER / TAMPA VILLAS APARTMENTS","LUCERNER / TAMPA VILLAS APARTMENTS","4199","619","Converted","Feeders","Blue Life","(#4199)NEW CHEMICAL STENNER PUMP OF THE CHLORINE","6/12/2025","Técnico","6/13/2025","N/A",,"False","Anier Reina","6/28/2025","19062","619.0","3/7/2025","1","15","-113"
"LUCERNER / TAMPA VILLAS APARTMENTS","LUCERNER / TAMPA VILLAS APARTMENTS","4207","90","Converted","Skimmer Gutter","Blue Life","(#4207) 2 SKIMMER GUTTERS","6/13/2025","Health Department","6/13/2025","N/A",,"False","Anier Reina","6/28/2025","19063","90.0","3/7/2025","1","15","-113"
"LUCERNER / TAMPA VILLAS APARTMENTS","LUCERNER / TAMPA VILLAS APARTMENTS","5138","129","Converted","Safety Equipment","Blue Life","Safety Line Rope, 2 anchors","10/13/2025","Health Department","11/5/2025","Manager","11/14/2025","True","Camilo Leon","11/14/2025","21295","129","11/17/2025","23","9","3"
"LUCERNER / TAMPA VILLAS APARTMENTS","LUCERNER / TAMPA VILLAS APARTMENTS","5260","229","Converted","Autofill,Line Chlorinator ","Blue Life","AUTOFILL SYSTEM PLUMBING, MATERIAL AND LABOR, LINE FEEDER","11/6/2025","Operaciones","11/7/2025","Manager","11/19/2025","True","Camilo Leon",,"21305","229","11/20/2025","1",,
"LUCERNER / TAMPA VILLAS APARTMENTS","LUCERNER / TAMPA VILLAS APARTMENTS","3357","485.5","Converted","Filter","Blue Life","(2) NEW REGULAR POOL FILTER CC150, FULL INSTALLATION","9/2/2024","Operaciones","9/3/2024","Manager","9/24/2024","True","Camilo Leon","9/24/2024","15955","485.50","9/25/2024","1","21","1"
"LUCERNER / TAMPA VILLAS APARTMENTS","LUCERNER / TAMPA VILLAS APARTMENTS","5821","65","Converted","Safety Line Rope","Blue Life","SAFETY LINE ROPE.","3/17/2026","Operaciones","3/18/2026","Manager","4/8/2026","True","Camilo Hidalgo","4/8/2026","23280","65","4/8/2026",,,
"LUCERNER / TAMPA VILLAS APARTMENTS","LUCERNER / TAMPA VILLAS APARTMENTS","5840","420","Converted","Filter","Blue Life","NEW POOL FILTERS CCP100 COMPLETE UNIT., INSTALLATION","3/19/2026","Operaciones","3/20/2026","Manager","4/8/2026","True","Camilo Leon","4/8/2026","23281","420","4/8/2026",,,
"LUCERNER / TAMPA VILLAS APARTMENTS","LUCERNER / TAMPA VILLAS APARTMENTS","6283","100","Accepted","Air Relief Valve","Blue Life","NEW AIR RELIEF AND INSTALLATION","5/21/2026","Operaciones","6/22/2026","Quickbooks","6/27/2026","True","Miguel Morales",,,,,,,
"LUCERNER / TAMPA VILLAS APARTMENTS","LUCERNER / TAMPA VILLAS APARTMENTS","6322","275","Pending","Safety Equipment",,"HOOK, SAFETY LINE ROPE, COMMERCIAL SAFETY LIFE RING COAST GUARD APPROVED","5/26/2026",,,,,"False",,,,,,,,
"LUCERNER / TAMPA VILLAS APARTMENTS","LUCERNER / TAMPA VILLAS APARTMENTS","6742",,"Pending","[]",,"POOL: NEW CHEMICAL STENNER PUMP - CHLORINE FEEDER, INSTALLATION","8/4/2026",,,,,"False",,,,,,,,
"LUNARA APARTMENTS","LUNARA APARTMENTS","5231","1,389","Converted","Feeders,Flotador","Blue Life","NEW CHEMICAL STENNER PUMP, WATER LEVEL CONTROL VALVE VAKPAK SYSTEM., FULL INSTALLATION","11/3/2025","Operaciones","11/6/2025","Manager","11/10/2025","True","Brayan Alvares",,"21274","1.389","11/12/2025","3",,
"LUNARA APARTMENTS","LUNARA APARTMENTS",,,"Pending","Filter","Blue Life",,,"Operaciones",,,,"True",,"10/25/2025",,,,"0",,"0"
"LUNARA APARTMENTS","LUNARA APARTMENTS","5620","180","Pending","Heaters","Brian/ Responsable Pools","Gas heater service call","2/12/2026",,,,,"False",,,,,,"0","0","0"
"LUNARA APARTMENTS","LUNARA APARTMENTS","5762","800","Converted","Leak","Roger/BigBlue","Commercial full leak detection.","3/11/2026","Operaciones","4/25/2026",,,"False",,"4/20/2026","23336","800","4/22/2026",,,
"LUNARA APARTMENTS","LUNARA APARTMENTS","6085","5,500","Converted","Leak",,"Main Drain Structural Repair – Scope of<br>Work<br>This commercial pool features a ","4/22/2026",,"5/4/2026","Manager","6/3/2026","False","No Aplica","6/3/2026","24174","5500","6/3/2026",,,
"LUNARA APARTMENTS","LUNARA APARTMENTS","6170","200","Converted","Toro Valve","Blue Life","WATER TORO VALVE., INSTALLATION","5/5/2026","Operaciones","5/5/2026","Manager","5/7/2026","True","Camilo Hidalgo","5/7/2026","23731","200","5/7/2026",,,
"MAA BRADON","MAA BRADON","5357","70","Converted","Motors,Special Cleaning","Blue Life","SEAL OFFICE POOL, IMPELLER OFFICE POOL, DIFFUSER OFFICE POOL, FULL INSTALLATION SEAL, IMPELLER AND DIFFUSER, SPECIAL POOL CLEANING FOR START UP OFFICE POOL","12/4/2025","Operaciones","12/5/2025","Manager","1/6/2026","True","Brayan Alvares","12/15/2025","22040","1055","1/8/2026","1","10","24"
"MAA BRADON","MAA BRADON","5358","518","Converted","Filter","Blue Life","Back pool: RECTANGULAR ANTHONY FILTER GRIDS BACK POOL, D.E POWDER, FULL INSTALLATION FILTERS, Commercial full leak detection ","12/4/2025","Operaciones","12/5/2025","Manager","1/6/2026","False","Brayan Alvares","12/8/2025","22041","1559","1/8/2026","1","3","31"
"MAA BRADON","MAA BRADON","5375","1,100","Converted","Motors","Blue Life","NEW COMMERCIAL 5HP MOTOR.","12/9/2025","Operaciones","12/12/2025","Manager","1/6/2026","False","Camilo Hidalgo","12/15/2025","22042","1.100","1/8/2026","3","3","24"
"MAA BRADON","MAA BRADON","5595","80","Converted","Flotador","Blue Life","WATER VALVE, PART AND LABOR","2/12/2026","Operaciones","3/11/2026","Manager","3/12/2026","True","No Aplica","3/12/2026","22857","80","3/13/2026","0","0","0"
"MAA BRADON","MAA BRADON","5780","2,743.7","Converted","Lights","Blue Life","BACK POOL: NEW LED WHITE LIGHT., INSTALLATION","3/11/2026","Operaciones","3/13/2026","Manager","3/16/2026","True","Brayan Alvares","3/16/2026","22881","2.743.70","3/17/2026",,,
"MAA BRADON","MAA BRADON","5779","2,743.7","Converted","Lights","Blue Life","OFFICE POOL: NEW LED WHITE LIGHT., INSTALLATION","3/11/2026","Operaciones","3/13/2026","Manager","3/26/2026","True","Brayan Alvares","3/26/2026","22918","2,743.70","3/26/2026",,,
"MAA BRADON","MAA BRADON","5786","350","Converted","Electrical","Blue Life","LABOR AND MATERIALS FOR SHORT CIRCUIT REPAIR","3/12/2026","Operaciones","3/13/2026","Manager","3/16/2026","True","Brayan Alvares","3/16/2026","22882","350","3/17/2026",,,
"MAA BRADON","MAA BRADON","5998","1,246","Converted","Motors","Blue Life","NEW 3HP-1PHASE POOL MOTOR.","4/8/2026","Operaciones","4/9/2026","Manager","4/14/2026","True","Brayan Alvares","4/14/2026","23308","1246","4/15/2026",,,
"MAA BRADON","MAA BRADON","6268","35","Converted","Basket","Blue Life","BASKET FOR PUMP","5/19/2026","Operaciones","5/19/2026","Manager","5/28/2026","True","Angel Hernandez","5/28/2026","23846","35","5/29/2026",,,
"MAA BRADON","MAA BRADON","6373","211","Converted","Flotador","Blue Life","WATER LEVEL CONTROL VALVE
VAKPAK SYSTEM.","6/2/2026","Operaciones","6/2/2026","Manager","6/23/2026","True","Brayan Alvares","6/23/2026","24277","211","6/24/2026",,,
"MAA BRADON","MAA BRADON","6626","240","Converted","Plumbing","Blue Life","BACK AND OFFICE POOL : PLUMBING MATERIALS","7/9/2026","Operaciones","7/9/2026","Manager","7/11/2026","True","Brayan Alvares","7/11/2026","24688","240","7/13/2026",,,
"MAA BREAKWATER SOUTH TAMPA","MAA BREAKWATER SOUTH TAMPA",,,"Pending","Filter","Blue Life","FILTERS",,"Operaciones",,,,"True",,"4/3/2025",,,,"0",,"0"
"MAA BREAKWATER SOUTH TAMPA","MAA BREAKWATER SOUTH TAMPA","5808","1,551","Converted","Filter","Blue Life","SMALL RECTANGULAR ANTHONY FILTER GRIDS, D.E POWDER., INSTALLATION","3/20/2026","Operaciones","3/20/2026","Manager","4/2/2026","True","Brayan Alvares","4/2/2026","23252","1551","4/3/2026",,,
"MAA BREAKWATER SOUTH TAMPA","MAA BREAKWATER SOUTH TAMPA","6612","237.69","Accepted","Plumbing","Blue Life","SEAL REAPAIR KIT, 2"" TB NUT, 2"" SIMPLEX PVC PORT CAP, FULL INSTALLATION","7/10/2026","Operaciones","7/9/2026","Manager","8/21/2026","True",,,,,,,,
"Madison at Largo","MADISON AT LARGO","5341","280","Converted","Filter","Roger/BigBlue","Filter element CC150 Back Pool, Reinstallation of the CAT controller system Back pool","11/28/2025","Operaciones","4/20/2026",,"4/22/2026","True","Brayan Alvares","4/22/2026","23700","430","5/1/2026","0","0","0"
"Madison at Largo","MADISON AT LARGO","5340","800","Converted","Leak","Roger/BigBlue","Commercial full leak detection Small Pool","11/28/2025","Operaciones","12/1/2025","Manager","12/12/2025","False",,,"21711","800","12/22/2025","3","0",
"Madison at Largo","MADISON AT LARGO","5339","300","Converted","Special Cleaning,Leak","Roger/BigBlue","Deep Clean Office Pool, Commercial full leak detection Office Pool","11/28/2025","Operaciones","12/1/2025","Manager","12/12/2025","False",,,"21712","1100","12/22/2025","3","0",
"Madison at Largo","MADISON AT LARGO","5590","128","Converted","Safety Equipment","Blue Life","BOTH POOLS: NEW ANCHORS., BOTH POOLS: BLUE AND WHITE SAFETY FLOATS., BOTH POOLS: SAFETY LINE ROPE., INSTALLATION","2/9/2026","Health Deparment","2/11/2026","Manager","2/17/2026","True","Brayan Alvares","2/17/2026","22470","574","2/17/2026","2","0","0"
"Madison at Largo","MADISON AT LARGO","5688","3,400","Pending","Leak",,"Wal Fitting Void Repair: OFFICE POOL<br>This service involves performing a proper s","2/24/2026",,,,,"False",,,,,,,,
"Madison at Largo","MADISON AT LARGO","5686","3,100","Pending","Leak",,"Wal Fitting Void Repair: SMALL POOL<br>This service involves performing a proper st","2/24/2026",,,,,"False",,,,,,,,
"Madison at Largo","MADISON AT LARGO","5717","843","Converted","Returns Cover,Vacuum Plug,Tiles","Blue Life","BACK POOL WALL RETURN COVER., SECOND POOL VACCUM PLUG., INSTALLATION PARTS SECOND POOL, PARTS AND MATERIALS TILE REPAIR","3/4/2026","Operaciones","3/6/2026","Manager","3/11/2026","True","Brayan Alvares","3/11/2026","22851","843","3/11/2026",,,
"Madison at Largo","MADISON AT LARGO","5716","368","Converted","Returns Cover,Vacuum Plug,Throw Rope","Blue Life","OFFICE POOL- WALL RETURN COVER., OFFICE POOL- VACCUM PLUG., OFFICE POOL- SAFETY THROW ROPE., INSTALLATION PARTS OFFICE POOL","3/4/2026","Operaciones","3/6/2026","Manager","3/11/2026","True","Brayan Alvares","3/11/2026","22852","368","3/11/2026",,,
"Madison at Largo","MADISON AT LARGO","5744","619","Pending","Feeders",,"POOL 2: NEW CHEMICAL STENNER PUMP - PH FEEDER, PH FEEDER INSTALLATION","3/9/2026",,,,,"False",,,,,,,,
"Madison at Largo","MADISON AT LARGO","5772","850","Converted","Steps","Blue Life","Install a stainless steel cylinder inside and then reinforce it with concrete befor","3/11/2026","Operaciones","5/19/2026","Manager","6/16/2026","True","Brayan Alvares","6/16/2026","24238","850","6/16/2026",,,
"Madison at Largo","MADISON AT LARGO","5835","419","Converted","Safety Equipment","Blue Life","COMMERCIAL SAFETY LIFE RING COAST GUARD APPROVED., SAFETY THROW ROPE.","3/19/2026","Operaciones","3/19/2026","Manager","3/26/2026","True","Camilo Leon","3/26/2026","22915","419","3/26/2026",,,
"Madison at Largo","MADISON AT LARGO","5885","637","Converted","ESCUTCHEON PLATE,Flow Meter,Gauges","Blue Life","ESCUTCHEON PLATE STAINLESS STEEL POOL HILL, POOL PRESSURE GAUGE POOL HILL, NEW ANCHORS POOL HILL, REDO THE PRESSURE LINE AND RELOCATE THE FLOW METER POOL TENIS COURT, FULL INSTALLATION","3/26/2026","Health Deparment","3/30/2026","Manager","4/3/2026","True","Brayan Alvares","4/3/2026","23271","637","4/6/2026",,,
"Madison at Largo","MADISON AT LARGO","5886","687","Converted","Gauges","Blue Life","HAYWARD MULTIPORT VALVE Pool Hill, Install the return line for the CAT controller Pool Hill., POOL PRESSURE GAUGE Pool Tenis Court, FULL INSTALLATION","3/26/2026","Health Deparment","3/30/2026","Manager","4/3/2026","True","Brayan Alvares","4/3/2026","23272","687","4/6/2026",,,
"Madison at Largo","MADISON AT LARGO","6038","1,246","Converted","Motors","Blue Life","POOL 3: NEW 3HP - 1PHASE POOL MOTOR., IMPELLER, MOTOR SEAL, INSTALLATION","4/15/2026","Operaciones","4/15/2026","Manager","4/17/2026","True","Brayan Alvares","4/17/2026","23324","1246","4/17/2026",,,
"Madison at Largo","MADISON AT LARGO","6073","135","Converted","ESCUTCHEON PLATE,Gauges","Blue Life","PRESSURE GAUGE POOL 2, ESCUTCHEON PLATE STAINLESS STEEL POOL 2, FULL INSTALLATION","4/20/2026","Operaciones","4/21/2026","Manager","4/22/2026","True","Brayan Alvares","4/22/2026","23350","135","4/22/2026",,,
"Madison at Largo","MADISON AT LARGO","6063","100","Converted","Plumbing","Blue Life","NEW PLUMBING FOR THE INSTALLATION POOL 3","4/21/2026","Operaciones","4/21/2026","Manager","4/22/2026","True","Brayan Alvares","4/22/2026","23347","100","4/22/2026",,,
"Madison at Largo","MADISON AT LARGO","6118","295","Converted","Life Hook,Flotador","Blue Life","POOL 1: NEW ANCHORS., POOL 3: NEW ANCHORS., POOL 3: WATER LEVEL CONTROL VALVE VAKPAK SYSTEM, INSTALLATION","4/27/2026","Operaciones","4/27/2026","Manager","5/1/2026","True","Adrian Suarez","5/1/2026","23704","295","5/1/2026",,,
"Madison at Largo","MADISON AT LARGO","6259","619","Converted","Feeders","Blue Life","POOL 1: NEW CHEMICAL STENNER PUMP - PH FEEDER, PH FEEDER INSTALLATION","5/18/2026","Operaciones","5/18/2026","Manager","5/22/2026","True","Adrian Suarez","5/22/2026","23813","619","5/22/2026",,,
"Madison at Largo","MADISON AT LARGO","5688","3,400","Pending","Leak",,"Wal Fitting Void Repair: OFFICE POOL<br>This service involves performing a proper s","5/19/2026",,,,,"False",,,,,,,,
"Madison at Largo","MADISON AT LARGO","5689","3,200","Pending","Leak",,"The job is designed to provide a permanent repair and prevent future issues. SMALL ","5/19/2026",,,,,"False",,,,,,,,
"Madison at Largo","MADISON AT LARGO","6269","920","Converted","Filter","Blue Life","OFFICE POOL: PENTAIR FILTER 100 QUAD CARTRIDGE., INSTALLATION","5/19/2026","Operaciones","5/19/2026","Manager","6/4/2026","True","Dany Lopez","6/4/2026","24208","920","6/10/2026",,,
"Madison at Largo","MADISON AT LARGO","6271","28","Pending","ESCUTCHEON PLATE",,"ESCUTCHEON PLATE","5/20/2026",,,,,"False",,,,,,,,
"Madison at Largo","MADISON AT LARGO","6271","28","Converted","ESCUTCHEON PLATE","Blue Life","1 ESCUTCHEON PLATE","5/19/2026","Operaciones","5/20/2026","Manager","5/22/2026","True","Adrian Suarez","5/22/2026","23829","28","5/25/2026",,,
"Madison at Largo","MADISON AT LARGO","6312","95","Pending","Safety Line Rope",,"SAFETY LINE ROPE, INSTALLATION","5/25/2026",,,,,"False",,,,,,,,
"Madison at Largo","MADISON AT LARGO","6384","100","Converted","Air Relief Valve","Blue Life","POOL 2: NEW AIR RELIEF AND INSTALLATION","6/3/2026","Operaciones","6/10/2026","Manager","6/16/2026","True","Brayan Alvares","6/16/2026","24235","100","6/16/2026",,,
"Madison at Largo","MADISON AT LARGO","6439","619","Converted","Feeders","Blue Life","OFFICE POOL: NEW CHEMICAL STENNER PUMP - CHLORINE FEEDER, INSTALLATION","6/12/2026","Operaciones","6/12/2026","Manager","6/16/2026","True","Brayan Alvares","6/16/2026","24236","619","6/16/2026",,,
"Madison at Largo","MADISON AT LARGO","6610","211","Converted","Flotador","Blue Life","FRONT(1) POOL: WATER LEVEL CONTROL VALVE VAKPAK SYSTEM., INSTALLATION","7/6/2026","Operaciones","7/6/2026","Manager","7/10/2026","True","Brayan Alvares","7/10/2026","24682","211","7/10/2026",,,
"Maren .","Maren .","6429","337.5","Converted","Salt Bag","Blue Life","SALT BAG, CYA START UP","6/11/2026","Operaciones","6/11/2026","Manager","7/10/2026","True","Dany Lopez","7/10/2026","24677","337.50","7/10/2026",,,
"Maren .","Maren .","6614","628.25","Pending","ORP Sensor",,"PH SENSOR, INSTALLATION","7/6/2026",,,,,"False",,,,,,,,
"Maren .","Maren .","6844",,"Repair Done","Feeders","Blue Life","POOL: NEW CHEMICAL STENNER PUMP - PH FEEDER, INSTALLATION","8/21/2026","Operaciones","8/21/2026","Manager","8/29/2026","True","Miguel Morales","8/26/2026",,,,,,
"Margarita Gullon","Margarita Gullon","6842",,"Pending","[]",,"Repair the existing pool tile as needed. The scope includes removal and replacement","8/21/2026",,,,,"False",,,,,,,,
"Margarita Gullon","Margarita Gullon","6843",,"Pending","[]",,"Refinish the existing pool surface with a new finish. The scope includes all requir","8/21/2026",,,,,"False",,,,,,,,
"Marigot Bay Apts","Marigot Bay Apts","5384","3,400","Pending","Pumps,Plumbing","Blue Life","NEW PENTAIR COMMERCIAL 5HP SINGLE SPEED PUMP, NEW PLUMBING FOR THE INSTALLATION, FULL INSTALLATION","12/12/2025","Operaciones",,,,"False",,,,,,"0","0","0"
"Marigot Bay Apts","Marigot Bay Apts","5385","3,759","Pending","Pumps,Plumbing","Blue Life","NEW PENTAIR COMMERCIAL 5HP VARIABLE SPEED PUMP., NEW PLUMBING FOR THE INSTALLATION., FULL INSTALLATION","12/12/2025","Operaciones",,,,"False",,,,,,"0","0","0"
"MARISOL APARTAMENTS","MARISOL APARTAMENTS","4731","670","Converted","Filter","Blue Life","(#4731) 2 HAYWARD FILTERS","7/21/2025","Técnico","7/22/2025","N/A",,"False","Brayan Alvares","7/22/2025","19834","670.0","7/23/2025","1","1","1"
"MARISOL APARTAMENTS","MARISOL APARTAMENTS","4818","640","Pending","Feeders,Chemical Controller","Blue Life","NEW CHEMICAL STENNER PUMP  OF THE CHLORINE+NEW HAYWARD CAT CONTROLLER SENSOR+FULL INSTALLATION STENNER PUMP AND SENSOR ","8/19/2025","Técnico",,,,"False",,,,,,"0","0","0"
"MARISOL APARTAMENTS","MARISOL APARTAMENTS","5013","1,440","Converted","Thermometer,ORP Sensor","Blue Life","NEW THERMOMETER POOL AND SPA, ORP SENSOR SPA AND PH SENSOR, FULL INSTALLATION","9/17/2025","Técnico","4/23/2026","Manager","4/27/2026","True","Alfredo Jimenez","4/27/2026","23362","1,440","4/27/2026","0","0","0"
"MARISOL APARTAMENTS","MARISOL APARTAMENTS","5677","581","Pending","Service Maintenance Equipment,Flotador",,"NEW HOSE FOR FEEDER +<br>LINE FEEDER +<br>PRESSURE GAUGE + <br>VACUUM GAUGE +<br>CL, WATER LEVEL CONTROL VALVE VAKPAK SYSTEM., INSTALLATION","2/24/2026","Operaciones",,,,"False",,,,,,,,
"MARISOL APARTAMENTS","MARISOL APARTAMENTS","5949","1,150","Pending","ORP Sensor",,"ORP SENSOR SPA, SENSOR PH, INSTALLATION","3/31/2026",,,,,"False",,,,,,,,
"MARISOL APARTAMENTS","MARISOL APARTAMENTS","5948","1,031","Converted","Filter","Blue Life","20 FILTER DISC., D.E POWDER., FILTER INSTALLATION","3/31/2026","Operaciones","7/24/2026","Manager","7/31/2026","True","Brayan Alvares","7/28/2026","24751","1,031","7/31/2026",,,
"MARISOL APARTAMENTS","MARISOL APARTAMENTS","6247","520","Converted","Pumps","Blue Life","SPECK HOUSING, INSTALLATION","5/15/2026","Operaciones","5/15/2026","Manager","5/15/2026","True","Camilo Hidalgo","5/15/2026","23769","520","5/15/2026",,,
"MARISOL APARTAMENTS","MARISOL APARTAMENTS","6761",,"Pending","[]",,"COMMERCIAL SAFETY LIFE RING COAST GUARD APPROVED., BLUE AND WHITE SAFETY FLOATS., POOL: SAFETY LINE ROPE.","8/7/2026",,,,,"False",,,,,,,,
"MARISOL APARTAMENTS","MARISOL APARTAMENTS","6761",,"Pending","[]",,"COMMERCIAL SAFETY LIFE RING COAST GUARD APPROVED., BLUE AND WHITE SAFETY FLOATS., POOL: SAFETY LINE ROPE.","8/7/2026",,,,,"False",,,,,,,,
"MARK BRODERICK","MARK BRODERICK",,,"Pending","Filter","Blue Life",,,"Operaciones",,,,"True",,"2/19/2019",,,,"0",,"0"
"Marlowe","Marlowe","5579","180","Pending","Heaters","Blue Life","Gas heater service call","2/4/2026","Operaciones",,,,"False",,,,,,"0","0","0"
"MARTINIQUE AT LAKEWOOD RANCH","MARTINIQUE AT LAKEWOOD RANCH","4819","55","Converted","Basket","Blue Life","(#4819)NEW BASKET FOR PUMP","8/19/2025","Técnico","8/21/2025","N/A",,"False","Brayan Alvares","8/21/2025","20182","55.0","8/22/2025","2","1","1"
"MARTINIQUE AT LAKEWOOD RANCH","MARTINIQUE AT LAKEWOOD RANCH","3674","619","Converted","Feeders","Blue Life","NEW CHEMICAL STENNER PUMP+FULL INSTALLATION","1/7/2025","Técnico",,,,"False",,,"17001","619.0","1/14/2025","0","0","0"
"MARTINIQUE AT LAKEWOOD RANCH","MARTINIQUE AT LAKEWOOD RANCH","4168",,"Converted","Filter","Blue Life","(#4168) 4 NEW COMMERCIAL POOL FILTERS CC 420","6/3/2025","Técnico","6/3/2025","N/A",,"False","Brayan Alvares","6/21/2025",,,"6/24/2025","1","18","3"
"MARTINIQUE AT LAKEWOOD RANCH","MARTINIQUE AT LAKEWOOD RANCH","5198","2,916","Converted","Pumps","Blue Life","PENTAIR INTELLFLOW VSF, FULL INSTALLATION","10/24/2025","Manager","10/23/2025","Quickbooks","10/24/2025","True","Camilo Hidalgo","10/24/2025","20965","2.916","10/30/2025","-1","1","6"
"MARTINIQUE AT LAKEWOOD RANCH","MARTINIQUE AT LAKEWOOD RANCH","6595","708","Pending","Filter",,"COMMERCIAL POOL FILTERS CCP420 CARTRIDGE, INSTALLATION","7/2/2026",,,,,"False",,,,,,,,
"MARTINIQUE AT LAKEWOOD RANCH","MARTINIQUE AT LAKEWOOD RANCH","6662","220","Pending","Jets",,"JET: MPT WHITE SAFETY GRATE, JET: MPT WHITE HYDROSTREAM FITTING, INSTALLATION","7/15/2026",,,,,"False",,,,,,,,
"MARTINIQUE AT LAKEWOOD RANCH","MARTINIQUE AT LAKEWOOD RANCH","6794",,"Pending","[]",,"POOL: NEW CHEMICAL STENNER PUMP - PH FEEDER, FULL INSTALLATION","8/14/2026",,,,,"False",,,,,,,,
"MARY RANDOLPH","MARY RANDOLPH","3146","230","Converted","Filter","Blue Life","(1) REGULAR FILTER POSIFLO 70TX, D.E. POWDER, REGULAR LABOR","6/14/2024","Operaciones","6/14/2024","Manager","7/12/2024","True","No Aplica","7/12/2024","15294","230.00","7/15/2024","1","28","3"
"MAURICIO CORREDOR","MAURICIO CORREDOR","4777","300","Converted","Plumbing","Blue Life","(#4777)New plumbing due to materials and labor – includes the salt cell","8/6/2025","Técnico","8/7/2025","N/A",,"False","Camilo Hidalgo","8/12/2025","20183","300.0","8/22/2025","1","5","10"
"MAURICIO CORREDOR","MAURICIO CORREDOR",,,"Pending","Filter","Blue Life",,,"Operaciones",,,,"True",,"7/28/2020",,,,"0",,"0"
"MAURICIO CORREDOR","MAURICIO CORREDOR","5989","35","Pending","Basket",,"SKIMER BASKET.","4/7/2026",,,,,"False",,,,,,,,
"MAURICIO CORREDOR","MAURICIO CORREDOR","6223","1,088.5","Converted","Filter","Blue Life","FILTER PCCF 150 CARTRIADGE, INSTALLATION","5/12/2026","Operaciones","5/20/2026","Manager","5/25/2026","True","Brayan Alvares","5/25/2026","23826","1,088.50","5/25/2026",,,
"MELROSE ON THE BAY APARTMENTS","MELROSE ON THE BAY APARTMENTS","3974","1,081","Converted","Filter","Blue Life","(#3974) 20COMMERCIAL POOL FILTER DISK +D.E POWDER","4/11/2025","Operaciones","5/20/2025","N/A",,"False","Brayan Alvares","5/21/2025","18378","1081.0","5/22/2025","39","1","1"
"MELROSE ON THE BAY APARTMENTS","MELROSE ON THE BAY APARTMENTS","4055","250","Converted","Plumbing","Blue Life","(#4055) PARTS MATERIALS AND LABOR","5/6/2025","Técnico","5/13/2025","N/A",,"False",,,"18376","250.0","5/22/2025","7","0",
"MELROSE ON THE BAY APARTMENTS","MELROSE ON THE BAY APARTMENTS","4229","800","Converted","Leak","Roger/BigBlue","Commercial full leak detection.","6/18/2025","Técnico",,,,"False",,,"20213","800.0","8/28/2025","0","0","0"
"MELROSE ON THE BAY APARTMENTS","MELROSE ON THE BAY APARTMENTS","2774","1,081","Converted","Filter","Blue Life","COMMERCIAL POOL FILTER DISK 20+D.E POWDER","5/20/2025","Técnico",,,,"False","Brayan Alvares","5/21/2025","18376","250","5/22/2025","0",,"1"
"MELROSE ON THE BAY APARTMENTS","MELROSE ON THE BAY APARTMENTS","5174","2,300","Converted","Leak","Roger/BigBlue","Procedure for Repair:Drain the Pool:Lower the water level to a few inches b","10/21/2025","Operaciones","11/21/2025","Manager","11/25/2025","True","No Aplica",,"21716","2300","12/23/2025","31","0",
"MELROSE ON THE BAY APARTMENTS","MELROSE ON THE BAY APARTMENTS","5553","105","Converted","Basket","Blue Life","SKIMER BASKET.","1/29/2026","Health Department","1/29/2026","Manager","2/13/2026","True","Camilo Leon","2/13/2026","22466","70","2/17/2026","1","0","0"
"MELROSE ON THE BAY APARTMENTS","MELROSE ON THE BAY APARTMENTS","5690","1,421","Pending","Filter",,"FILTER DISC., D.E POWDER., PLUNGER INTERNAL ASSEMBLY., INSTALLATION","2/25/2026",,,,,"False",,,,,,,,
"MELROSE ON THE BAY APARTMENTS","MELROSE ON THE BAY APARTMENTS","5723","195","Converted","Weir Door",,"Weir Doors Pool","3/4/2026","Operaciones","3/4/2026","Manager","3/9/2026","True","Camilo Leon","3/6/2026","22848","195","3/9/2026",,,
"MERIDIAN APARTMENTS","MERIDIAN APARTMENTS","4742","1,080","Converted","Main Drain","Blue Life","(#4742) 1 Commercial Main Drain cover VGB POOL 1 +Commercial Main Drain cover VGB POOL 2","7/23/2025","Técnico","7/23/2025","N/A",,"False","Yasiel Amador","7/25/2025","19843","1080.0","7/25/2025","1","2","1"
"MERIDIAN APARTMENTS","MERIDIAN APARTMENTS","3933","650","Converted","Filter","Blue Life","(#3933) HAYWARD POOL FILTERS GRIDS DE6020 POOL 1+D.E POWDER","4/6/2025","Operaciones","6/4/2025","N/A",,"False","Yasiel Amador","6/26/2025","18767","650.0","6/27/2025","59","22","1"
"MERIDIAN APARTMENTS","MERIDIAN APARTMENTS","3932","650","Converted","Filter","Blue Life","(#3932)1 HAYWARD POOL FILTERS GRIDS DE6020 FOR POOL 2+D.E POWDER.","4/6/2025","Operaciones",,,,"False","Yasiel Amador","4/11/2025","18677","650.0","3/6/2025","0",,"-243"
"MERIDIAN APARTMENTS","MERIDIAN APARTMENTS","4817","3,220","Converted","Pumps,Plumbing,Lights","Blue Life","(#4817) NEW COMMERCIAL 3HP PUMP OF THE BACK POOL + NEW PLUMBING FOR THE INSTALLATION + POOL LIGHT INSTALLATION OF THE PUMP AND FLOW METER","8/18/2025","Técnico","9/1/2025","Quickbooks",,"False","Brayan Alvares","9/10/2025","# 20533","3220","9/12/2025","14","9","2"
"MERIDIAN APARTMENTS","MERIDIAN APARTMENTS","3875","560","Converted","Chlorinator Tabs","Blue Life","(#3875) 1 CLHORNATOR TABS FOR THE WEST POOL","3/25/2025","Técnico",,,,"False",,,"17952","560.0","8/4/2025","0","0",
"MERIDIAN APARTMENTS","MERIDIAN APARTMENTS","3737","619","Converted","Feeders","Blue Life","NEW CHEMICAL STENNER PUMP THE FOR CHLORINE","1/31/2025","Técnico",,,,"False",,,"17230","619.0","2/14/2025","0","0","0"
"MERIDIAN APARTMENTS","MERIDIAN APARTMENTS","5419","2,450","Converted","Pumps","Blue Life","OFFICE POOL NEW COMMERCIAL 3HP PUMP INTELLIFLO, FULL INSTALLATION","1/5/2026","Operaciones","1/6/2026","Quickbooks","1/7/2026","True","Brayan Alvares","1/7/2026","22046","2.700","1/8/2026","1","1","1"
"MERIDIAN APARTMENTS","MERIDIAN APARTMENTS","5969","80","Converted","Feeders","Blue Life","NEW HOSE FOR FEEDER - CHLORINE, INSTALLATION","4/2/2026","Operaciones","4/3/2026","Manager","4/8/2026","True"," Diego Avila","4/8/2026","23291","80","4/10/2026",,,
"MERIDIAN APARTMENTS","MERIDIAN APARTMENTS","6461","725","Converted","Filter","Blue Life","OFFICE POOL: HAYWARK POOL FILTERS GRIDS DE6020., D.E POWDER., INSTALLATION","6/16/2026","Operaciones","6/26/2026","Manager","7/2/2026","True","Brayan Alvares","7/2/2026","24639","725","7/3/2026",,,
"MERIDIAN APARTMENTS","MERIDIAN APARTMENTS","6462","725","Converted","Filter","Blue Life","BACK POOL: HAYWARK POOL FILTERS GRIDS DE6020., D.E POWDER., INSTALLATION","6/16/2026","Operaciones","6/17/2026","Manager","6/25/2026","True","Brayan Alvares","6/25/2026","24288","725","6/26/2026",,,
"MERIDIAN APARTMENTS","MERIDIAN APARTMENTS","6730",,"Repair Done","Plumbing","Blue Life","Pipe Leak Repair.","7/30/2026","Operaciones","7/30/2026","Manager","8/7/2026","True","Brayan Alvares",,,,,,,
"MERIDIAN APARTMENTS","MERIDIAN APARTMENTS","6815",,"Accepted","Safety Equipment","Blue Life","BACK POOL: SAFETY POLE 16""., BACK POOL: SAFETY THROW ROPE. BACK POOL: PRESSURE GAUGE, OFFICE POOL: PRESSURE GAUGE. , INSTALLATION","8/18/2026","Operaciones","8/18/2026","Manager","8/29/2026","True","Jose Lugo",,,,,,,
"MERIDIAN LUXURY APARMENTS","MERIDIAN LUXURY APARMENTS",,,"Pending","Filter","Blue Life","FILTERS",,"Operaciones",,,,"True",,"10/8/2025",,,,"0",,"0"
"MERIDIAN LUXURY APARMENTS","MERIDIAN LUXURY APARMENTS","5853","705","Converted","Filter","Blue Life","HAYWARD POOL FILTERS GRIDS 6020., D.E POWDER., INSTALLATION","3/23/2026","Operaciones","4/23/2026","Manager","4/24/2026","True","Brayan Alvares","4/24/2026","23355","705","4/24/2026",,,
"MILLENNIUM WESTSHORE","MILLENNIUM WESTSHORE","4782","3,085","Converted","Pumps,Plumbing","Blue Life","NEW COMMERCIAL 3HP PUMP+NEW PLUMBING FOR THE INSTALLATION+CHEKC VALVE+FULL INSTALLATION","8/7/2025","Técnico","8/21/2025","N/A",,"False","Brayan Alvares","8/27/2025","20559","3085","9/18/2025","14","6","22"
"MILLENNIUM WESTSHORE","MILLENNIUM WESTSHORE","3934","1,599","Converted","Filter","Blue Life","(#3934) 34 COMMERCIAL POOL FILTER DISK. +D.E POWDER.","7/3/2025","Operaciones","7/24/2025","N/A",,"False","Yasiel Amador","8/13/2025","20175","1599.0","8/18/2025","21","20","5"
"MILLENNIUM WESTSHORE","MILLENNIUM WESTSHORE","5212","211","Converted","Flotador","Blue Life","WATER LEVEL CONTROL VALVE VAKPAK SYSTEM, INSTALLATION","10/27/2025","Técnico","10/28/2025","Manager","10/31/2025","True","Yasiel Amador","10/31/2025","21252","211","11/4/2025","1","3","4"
"MILLENNIUM WESTSHORE","MILLENNIUM WESTSHORE","5296","380","Pending","Service Maintenance Equipment","Blue Life","NEW HOSE FOR FEEDER +<br>LINE FEEDER +<br>PRESSURE GAUGE + <br>VACUUM GAUGE +<br>CL","11/13/2025","Operaciones",,,,"False",,,,,,"0","0","0"
"MILLENNIUM WESTSHORE","MILLENNIUM WESTSHORE","6235","168","Converted","ESCUTCHEON PLATE","Blue Life","ESCUTCHEON PLATE STAINLESS STEEL., INSTALLATION","5/13/2026","Operaciones","6/1/2026","Manager","6/2/2026","True","Brayan Alvares","6/2/2026","24176","328","6/4/2026",,,
"MILLENNIUM WESTSHORE","MILLENNIUM WESTSHORE","6426","400","Converted","Lid","Blue Life","LABOR AND MATERIALS - <br>REPAIR TWO LID HINCHES","6/11/2026","Operaciones","6/15/2026","Manager","6/17/2026","True","Brayan Alvares","7/11/2026","24685","400","7/13/2026",,,
"MIRA LAGOS APARTMENTS","MIRA LAGOS APARTMENTS","5275","800","Converted","Special Cleaning","Blue Life","SPECIAL POOL CLEANING FOR START UP","11/10/2025","Operaciones","11/21/2025","Manager","12/10/2025","True","Camilo Hidalgo","12/2/2025","21696","800","12/17/2025","11","11","15"
"MIRA LAGOS APARTMENTS","MIRA LAGOS APARTMENTS","5276","996","Converted","Filter,Flow Meter","Blue Life","FILTERS HAYWARD 1750, COMMERCIAL FLOW METER 3 inc, FULL INSTALLATION FILTERS AND FLOW METER, AUTOFILL SYSTEM PLUMBING, MATERIAL AND LABOR","11/10/2025","Operaciones","11/21/2025","Manager","11/28/2025","True","Brayan Alvares","12/2/2025","21632","996","12/3/2025","11","11","1"
"MIRA LAGOS APARTMENTS","MIRA LAGOS APARTMENTS","5277","380","Converted","Service Maintenance Equipment","Blue Life","NEW HOSE FOR FEEDER +<br>LINE FEEDER +<br>PRESSURE GAUGE + <br>VACUUM GAUGE +<br>CL","11/10/2025","Operaciones","11/21/2025","Manager","12/2/2025","True","Camilo Hidalgo",,"21633","380","12/3/2025","11","0",
"MIRA LAGOS APARTMENTS","MIRA LAGOS APARTMENTS","6058","1,238","Pending","Feeders",,"NEW CHEMICAL STENNER PUMP - PH AND CHORINE FEEDER, INSTALLATION","4/17/2026",,,,,"False",,,,,,,,
"MIRA LAGOS APARTMENTS","MIRA LAGOS APARTMENTS","6691","756.69","Accepted","Filter","Blue Life","FILTERS POOL HAYWARD, INSTALLATION","7/22/2026","Operaciones","8/10/2026","Manager","8/21/2026","True",,,,,,,,
"MIRA LAGOS APARTMENTS","MIRA LAGOS APARTMENTS","6692","990","Converted","Special Cleaning,Start Up","Blue Life","SPECIAL POOL CLEANING FOR START UP","7/22/2026","Operaciones","8/10/2026","Manager","8/21/2026","True","Camilo Hidalgo","8/11/2026","25093","990","8/11/2026",,,
"MIRA LAGOS APARTMENTS","MIRA LAGOS APARTMENTS","6693","635","Converted","Safety Equipment","Blue Life","COMMERCIAL SAFETY LIFE RING COAST GUARD APPROVED., SAFETY THROW ROPE., POOL: SAFETY LINE ROPE., BLUE AND WHITE SAFETY FLOATS., SAFETY HOOK, FULL INSTALLATION","7/22/2026","Operaciones","8/10/2026","Manager","8/21/2026","True"," Diego Avila","8/24/2026","25178","635","8/24/2026",,,
"MIRASOL APARTMENTS","MIRASOL APARTMENTS","3379","817","Converted","Lights","Blue Life","(#3379)NEW WHITE LIGHT BLUB LIGHT SEALS +NEW WHITE LIGHT WEDGE + 2 RETUR COVER","5/5/2025","Técnico","5/28/2025","N/A",,"False","Camilo Leon","6/12/2025","18706","817.0","6/13/2025","23","15","1"
"MIRASOL APARTMENTS","MIRASOL APARTMENTS","4993","930","Converted","Pumps","Blue Life","NEW 3/4 HP POLARIS PUMP FOR FOUNTAIN, INSTALLATION","9/11/2025","Técnico","9/16/2025","N/A",,"False","Brayan Alvares","9/17/2025","#20566","$930","9/23/2025","5","1","6"
"MIRASOL APARTMENTS","MIRASOL APARTMENTS","2886","915.43","Converted","Filter","Blue Life","(20) COMMERCIAL POOL FILTER DISK, D.E POWDER, FULL INSTALLATION","3/12/2024","Operaciones","10/2/2024","Manager","5/22/2025","True","Camilo Leon","5/22/2025","16534","14,774.75","11/30/2024","204","232","-173"
"MIRASOL APARTMENTS","MIRASOL APARTMENTS","5382","151","Converted","Flotador","Blue Life","WATER LEVEL CONTROL VALVE VAKPAK SYSTEM., FULL INSTALLATION","12/11/2025","Operaciones","4/3/2026","Manager","4/7/2026","True","Brayan Alvares","4/7/2026","23276","211","4/8/2026","0","0","0"
"MIRASOL APARTMENTS","MIRASOL APARTMENTS","5819","1,200","Pending","Acid Wash",,"PARTIAL ACID WASH","3/17/2026",,,,,"False",,,,,,,,
"MIRASOL APARTMENTS","MIRASOL APARTMENTS","6106","920","Converted","Filter","Blue Life","FILTER DISC., D.E POWDER., INSTALLATION","4/23/2026","Operaciones","4/24/2026","Manager","4/25/2026","True","Brayan Alvares","4/25/2026","23376","920","4/27/2026",,,
"MIRASOL APARTMENTS","MIRASOL APARTMENTS","6411","784","Converted","Feeders,Gauges","Blue Life","NEW CHEMICAL CHLORINE STENNER PUMP., FEEDER INSTALLATION, VACUUM GAUGE.","6/9/2026","Operaciones","6/10/2026","Manager","6/11/2026","True","Brayan Alvares","6/11/2026","24221","784","6/12/2026",,,
"MIRASOL APARTMENTS","MIRASOL APARTMENTS","6785",,"Pending","[]",,"CHECK VALVE., FULL INSTALLATION","8/12/2026",,,,,"False",,,,,,,,
"MIRASOL APARTMENTS","MIRASOL APARTMENTS","6792",,"Converted","Feeders","Blue Life","POOL: NEW CHEMICAL STENNER PUMP - PH FEEDER, INSTALLATION","8/14/2026","Operaciones","8/14/2026","Manager","8/15/2026","True","Brayan Alvares","8/17/2026","25139","619","8/17/2026",,,
"MIRASOL APARTMENTS","MIRASOL APARTMENTS","6793",,"Converted","Flotador,Toro Valve","Blue Life","WATER LEVEL CONTROL VALVE VAKPAK SYSTEM (AUTOMATIC FILL), WATER TORO VALVE., INSTALLATION","8/14/2026","Operaciones","8/14/2026","Manager","8/15/2026","True","Brayan Alvares","8/17/2026","25140","411","8/17/2026",,,
"MODERA ENCORE","MODERA ENCORE",,,"Pending","Filter","Blue Life","FILTERS",,"Operaciones",,,,"True",,"9/23/2025",,,,"0",,"0"
"MODERA ST. PETERSBURG","MODERA ST. PETERSBURG","4815","619","Converted","Feeders","Blue Life","(#4815) STENNER PUMP OF THE CHLORINE","8/18/2025","Técnico","8/20/2025","N/A",,"False","Orlando Gonzales","8/22/2025","#20195","$619","8/25/2025","2","2","3"
"MODERA ST. PETERSBURG","MODERA ST. PETERSBURG","5745","380","Declined","Service Maintenance Equipment","Blue Life","NEW HOSE FOR FEEDER +<br>LINE FEEDER +<br>PRESSURE GAUGE + <br>VACUUM GAUGE +<br>CL","3/9/2026","Operaciones",,"Manager",,"False","Dany Lopez",,,,,,,
"MODERA ST. PETERSBURG","MODERA ST. PETERSBURG","6632","3,119.04","Declined","Filter",,"COMMERCIAL SAND, REMOVE OLD SAND FROM THE FILTERS INSTALL NEW SAND","7/13/2026",,,,,"False",,,,,,,,
"MONICA PAKALSKI","MONICA PAKALSKI","3804","169","Converted","Filter","Blue Life","(#3804) POOL FILTERS CC150","2/26/2025","Técnico",,,,"False"," Diego Avila","4/3/2025","17879","169.0","4/3/2025","0",,"0"
"MORGAN CREEK APARTMENTS","MORGAN CREEK APARTMENTS","4039","800","Pending","Leak","Roger/BigBlue","Commercial full leak detection.","4/30/2025","Técnico",,,,"False",,,,,,"0","0","0"
"MORGAN CREEK APARTMENTS","MORGAN CREEK APARTMENTS","3992","1,179","Converted","Filter","Blue Life","(#3992) 24 RECTANGULAR ANTHONY FILTER GRIDS +D.E POWDER","4/15/2025","Operaciones",,,,"False","Brayan Alvares","6/9/2025","#20160","1179","6/9/2025","0",,"1"
"MORGAN CREEK APARTMENTS","MORGAN CREEK APARTMENTS","3912","590","Converted"," Storage Sheds","Blue Life","(#3912) 1 STORAGE SHED FOR THE SMALL POOL","4/3/2025","Técnico",,,,"False",,,"17980","590.0","4/16/2025","0","0",
"MORGAN CREEK APARTMENTS","MORGAN CREEK APARTMENTS","5453","1,118","Pending","Feeders","Blue Life","CHLORINE AND PH FEEDER: NEW CHEMICAL STENNER PUMP., INSTALLATION OF PH AND CHLORINE FEEDERS","1/22/2026","Operaciones",,,,"False",,,,,,"0","0","0"
"MORGAN CREEK APARTMENTS","MORGAN CREEK APARTMENTS","5806","250","Converted","Plumbing","Blue Life","Replacement of internal filter plumbing","3/16/2026","Operaciones","3/16/2026","Manager","3/18/2026","True","Brayan Alvares","3/18/2026","22894","250","3/19/2026",,,
"MORGAN CREEK APARTMENTS","MORGAN CREEK APARTMENTS","6155","446","Converted","Seal Motor","Blue Life","MOTOR SEAL, IMPELLER 5 HP, INSTALLATION","5/1/2026","Operaciones","5/5/2026","Manager","5/7/2026","True","Brayan Alvares","5/7/2026","23733","446","5/7/2026",,,
"MORGAN CREEK APARTMENTS","MORGAN CREEK APARTMENTS","6331","250","Converted","Plumbing","Blue Life","Redo the suction plumbing","5/27/2026","Operaciones","5/27/2026","Manager","5/30/2026","True","Brayan Alvares","5/30/2026","24168","250","6/1/2026",,,
"MORGAN CREEK APARTMENTS","MORGAN CREEK APARTMENTS","6403","900","Converted","Leak","Blue Life","Commercial full leak detection Pool","6/8/2026","Operaciones","6/8/2026","Manager","7/24/2026","False","No Aplica","7/24/2026","24274","900","7/24/2026",,,
"MORGAN CREEK APARTMENTS","MORGAN CREEK APARTMENTS","6404","595","Converted","Steps,Gauges,Returns Cover","Blue Life","NEW STAINLESS STEEL STEP., VACCUM GAUGE., NEW FLOOR RETURN., VACCUM PLUG., INSTALLATION","6/8/2026","Operaciones","6/8/2026","Manager","6/16/2026","True","Brayan Alvares","6/20/2026","24266","595","6/22/2026",,,
"MORGAN CREEK APARTMENTS","MORGAN CREEK APARTMENTS","6153","246","Declined","Seal Motor","Blue Life","MOTOR SEAL, IMPELLER","6/9/2026",,,,,"False",,,,,,,,
"MORGAN CREEK APARTMENTS","MORGAN CREEK APARTMENTS","6522","4,500","Pending","Leak",,"The job is designed to provide a permanent<br>repair and prevent future issues.<br>","6/24/2026",,,,,"False",,,,,,,,
"MORGAN CREEK APARTMENTS","MORGAN CREEK APARTMENTS","6591","600","Converted","Filter","Blue Life","KIDDLY POOL: FILTER PLM150., INSTALLATION","7/2/2026","Operaciones","7/2/2026","QuickBooks","7/10/2026","True","Brayan Alvares","8/19/2026","25157","600","8/21/2026",,,
"MORGAN CREEK APARTMENTS","MORGAN CREEK APARTMENTS","6579","1,299","Converted","Filter","Blue Life","POOL: 24 COMMERCIAL  RECTANGULAR ANTHONY FILTER GRIDS, D.E POWDER., INSTALLATION","7/2/2026","Operaciones","7/2/2026","QuickBooks","7/10/2026","True","Brayan Alvares","8/19/2026","25158","1,299","8/21/2026",,,
"MOSAIC WESTSHORE","MOSAIC WESTSHORE","3957","944","Converted","Filter","Blue Life","(#3957) 8 HAYWARD C 3025","4/8/2025","Operaciones","6/23/2025","N/A",,"False","Camilo Leon","7/3/2025","19101","944.0","7/7/2025","76","10","4"
"MOSAIC WESTSHORE","MOSAIC WESTSHORE","3749","619","Converted","Feeders","Blue Life","NEW CHEMICAL STENNER PUMP.+FULL INSTALLATION","2/5/2025","Técnico",,,,"False",,,"20162","619.0","2/10/2025","0","0","0"
"MOSAIC WESTSHORE","MOSAIC WESTSHORE","3797","1,224.04","Converted","Main Drain","Blue Life","(#3797)Commercial Main Drain cover VGB","2/25/2025","Técnico",,,,"False",,,"17656","1224.04","3/10/2025","0","0",
"MOSAIC WESTSHORE","MOSAIC WESTSHORE","3801","340","Converted","Flow Meter","Blue Life","(#3801) COMMERCIAL FLOW METER 4”","2/25/2025","Técnico",,,,"False",,,"17657","340.0","3/10/2025","0","0",
"MOSAIC WESTSHORE","MOSAIC WESTSHORE","4727","8,850","Pending","Heaters","Blue Life","New Heat Pump Aqua Cal Sq-145, including labor.","11/10/2025","Operaciones",,,,"True",,,,,,"0","0","0"
"MOSAIC WESTSHORE","MOSAIC WESTSHORE","5659","380","Converted","Service Maintenance Equipment","Blue Life","NEW HOSE FOR FEEDER +<br>LINE FEEDER +<br>PRESSURE GAUGE + <br>VACUUM GAUGE +<br>CL","2/18/2026","Operaciones","2/19/2026","Manager","2/23/2026","True","Camilo Leon","2/23/2026","22492","380","2/23/2026",,,
"MOSAIC WESTSHORE","MOSAIC WESTSHORE","6187","2,579.1","Pending","Motors","Blue Life","NEW COMMERCIAL 5HP MOTOR., NEW SHAFT SEAL FOR 5HP MOTOR, NEW IMPELLER FOR 5HP MOTOR, NEW SEAL PLATE O RING, FULL INSTALLATION","5/7/2026","Operaciones",,,,"False",,,,,,,,
"MUSE AT WINTERGARDEN","MUSE AT WINTERGARDEN","5857","48,971","Pending","Resurface",,"Refinish pool surface Marquis <br>bluestone<br>Pool<br>grind around lights and all , Linner pool tile 6x6<br>NO GLASS TILE, Refinish spa surface Marquis <br>bluestone<br>spa<br>grind around lights and all fi","4/17/2026",,,,,"False",,,,,,,,
"MUSE AT WINTERGARDEN","MUSE AT WINTERGARDEN","5837","43,771","Declined","Resurface",,"Refinish pool surface Marquis bluestone<br>Pool<br>grind around lights and all fitt, Refinish spa surface Marquis bluestone<br>spa<br>grind around lights and all fittin","4/17/2026",,,,,"False",,,,,,,,
"MYSTIC BAY","MYSTIC BAY","4602","4,200","Pending","Leak","Blue Life","Main Drain box permanent repair The job is designed to provide a permanent repair and prevent future issues.","7/14/2025","Técnico",,,,"False",,,,,,"0","0","0"
"MYSTIC BAY","MYSTIC BAY","4219","800","Converted","Leak","Roger/BigBlue","Inspection Scope: A comprehensive leak inspection was performed on the commercial pool.
Plumbing Line Status: 
Static pressure tests conducted on both
the suction line and the return to the pool
line showed no issues; both lines held
pressure.","6/17/2025","Técnico",,,,"False",,,"19809","800.0","7/13/2025","0","0","0"
"MYSTIC BAY","MYSTIC BAY","3549","725","Converted","Filter","Blue Life","(1) HAYWARD POOL FILTERS GRIDS 6020 FOR THE OFFICE POOL ","7/3/2025","Operaciones","5/13/2026","Manager","5/20/2026","True","Brayan Alvares","5/20/2026","23794","725","5/20/2026","0",,"0"
"MYSTIC BAY","MYSTIC BAY","3978","883","Converted","Filter",,"BACK POOL: (16) COMMERCIAL POOL FILTER DISK  +D.E POWDER ","7/3/2025","Operaciones","7/22/2026","Manager","7/31/2026","True","Brayan Alvares","7/23/2026","24731","883","7/24/2026","0",,"0"
"MYSTIC BAY","MYSTIC BAY","3719","424.13","Converted","Steps","Blue Life","(#3719) NEW STAINLESS STEEL STEP POOL OFFICE ","1/21/2025","Técnico",,,,"False",,,"17231","424.13","6/2/2025","0","0",
"MYSTIC BAY","MYSTIC BAY","3708","962","Converted","Chlorinator Tabs","Blue Life","(#3708) 1 CHLORINATOR TABS","1/17/2025","Técnico",,,,"False",,,"17232","962.0","6/2/2025","0","0",
"MYSTIC BAY","MYSTIC BAY","5229","264","Converted","Safety Equipment","Blue Life","Rules Sing, FULL INSTALLATION","11/4/2025","Health Department","11/4/2025","Manager","11/10/2025","True","Camilo Leon","11/10/2025","21280","264","11/12/2025","1","6","2"
"MYSTIC BAY","MYSTIC BAY","5134","689","Converted","Feeders","Blue Life","NEW CHEMICAL STENNER PUMP. ANN HOSE FEEDER INSTALLATION","11/7/2025","Operaciones","5/13/2026","Manager","5/16/2026","True","Brayan Alvares","5/16/2026","23774","689","5/18/2026","0","0","0"
"MYSTIC BAY","MYSTIC BAY","5135","273","Pending","Safety Equipment","Blue Life","SAFETY LINE ROPE., NEW ANCHORS., BLUE AND WHITE SAFETY FLOATS., INSTALLATION","11/7/2025","Operaciones",,,,"False",,,,,,"0","0","0"
"MYSTIC BAY","MYSTIC BAY","5434","380","Converted","Service Maintenance Equipment","Blue Life","NEW HOSE FOR FEEDER +<br>LINE FEEDER +<br>PRESSURE GAUGE + <br>VACUUM GAUGE +<br>CL","1/6/2026","Health Department","1/19/2026","Manager","1/23/2026","True","Camilo Leon","1/23/2026","22098","380","1/27/2026","13","4","4"
"MYSTIC BAY","MYSTIC BAY","5433","559","Converted","Feeders","Blue Life","OFFICE POOL: NEW CHEMICAL STENNER PUMP, CHLORINE FEEDER., OFFICE POOL INSTALLATION NEW CHEMICAL STENNER PUMP","1/6/2026","Health Department","1/19/2026","Manager","1/23/2026","True","Camilo Leon","1/23/2026","22093","619","1/23/2026","13","4","1"
"MYSTIC BAY","MYSTIC BAY","5781","65","Converted","Life Hook","Blue Life","POOL 2: HOOK","3/11/2026","Operaciones","3/11/2026","Manager","3/18/2026","True","Alfredo Jimenez","3/18/2026","22892","65","3/19/2026",,,
"MYSTIC BAY","MYSTIC BAY","5844","800","Converted","Leak","Roger/BigBlue","Commercial full leak detection.","3/20/2026","Operaciones","3/27/2026","Manager",,"False","No Aplica","4/17/2026","23750","800","5/11/2026",,,
"MYSTIC BAY","MYSTIC BAY","6360","340","Converted","Returns Cover","Blue Life","POOL 1: New floor return., INSTALLATION","5/29/2026","Operaciones","6/3/2026","Manager","6/18/2026","True","Brayan Alvares","6/18/2026","24242","340","6/18/2026",,,
"MYSTIC BAY","MYSTIC BAY","4602","4,200","Pending","Main Drain",,"Main Drain box permanent repair The job is designed to provide a permanent<br>repai","7/1/2026",,,,,"False",,,,,,,,
"MYSTIC BAY","MYSTIC BAY","6620","153","Pending","Lights",,"BACK POOL: LIGHT WEDGE., INSTALLATION","7/8/2026",,,,,"False",,,,,,,,
"MYSTIC BAY","MYSTIC BAY","6644","120","Pending","Gate Valve",,"POOL 2: Gate valve, parts and <br>labor.","7/10/2026",,,,,"False",,,,,,,,
"MYSTIC BAY","MYSTIC BAY","6440",,"Pending","[]",,"OFFICE POOL: WATER LEVEL CONTROL VALVE VAKPAK SYSTEM., OFFICE POOL: WATER TORO VALVE., POOL 2: SAFETY LINE ROPE., POOL 2: BLUE AND WHITE SAFETY FLOATS., POOL 2: SAFETY HOOK, NEW HOSE FOR FEEDERS PH AND CHLORINE, FULL INSTALLATION","8/20/2026",,,,,"False",,,,,,,,
"MYSTIC POINTE APARTMENTS","MYSTIC POINTE APARTMENTS","4713","201","Converted","Returns Cover","Blue Life","(#4713) 1 RETURN COVER","7/16/2025","Técnico","7/18/2025","N/A",,"False","Anier Reina","7/18/2025","18788","201.0","7/18/2025","2","1","1"
"MYSTIC POINTE APARTMENTS","MYSTIC POINTE APARTMENTS","3661","102.13","Converted","Safety Equipment","Blue Life","(#3661) RULES SING","1/2/2025","Técnico",,,,"False",,,"17009","102.13","1/15/2025","0","0",
"MYSTIC POINTE APARTMENTS","MYSTIC POINTE APARTMENTS","3639","711.25","Pending","Feeders,Vacuum Plug","Blue Life","NEW CHEMICAL STENNER PUMP+VACCUM PLUG+FULL INSTALLATION","1/2/2025","Técnico",,,,"False",,,,,,"0","0","0"
"MYSTIC POINTE APARTMENTS","MYSTIC POINTE APARTMENTS","5133","2,026","Converted","Motors,Heaters","Blue Life","New commercial 5HP motor, Seal, Impeller, Full Installation Motor, Seal and Impeller, Reconstruction of water valves. For this work, the water supply to the entire prope, Gas heater service call","10/14/2025","Health Department","10/30/2025","Quickbooks","11/5/2025","True","Brayan Alvares","11/5/2025","21272","2.026","11/12/2025","16","6","7"
"MYSTIC POINTE APARTMENTS","MYSTIC POINTE APARTMENTS","5279","2,500","Pending","Acid Wash","Blue Life","FULL ACID WASH","11/10/2025","Operaciones",,,,"True",,,,,,"0","0","0"
"MYSTIC POINTE APARTMENTS","MYSTIC POINTE APARTMENTS","3550","1,289.53","Converted","Filter","Blue Life","(32) COMMERCIAL POOL FILTER DISK","11/9/2025","Operaciones","11/18/2024","Manager","11/19/2024","True","Brayan Alvares","11/19/2024","16482","1,289.53","11/2/2024","-356","1","-17"
"MYSTIC POINTE APARTMENTS","MYSTIC POINTE APARTMENTS","5588","1,184","Converted","Filter","Blue Life","32 COMMERCIAL POOL FILTER DISK, D.E POWDER, FULL INSTALLATION","2/9/2026","Operaciones","3/31/2026","Manager","4/1/2026","True","Brayan Alvares","4/1/2026","23248","1475","4/3/2026","0","0","0"
"MYSTIC POINTE APARTMENTS","MYSTIC POINTE APARTMENTS","5657","370","Converted","Pumps","Blue Life","PUMP SEAL, PUMP SEAL INSTALLATION","2/18/2026","Operaciones","2/19/2026","Manager","2/27/2026","True","Brayan Alvares","2/27/2026","22824","370","3/4/2026",,,
"MYSTIC POINTE APARTMENTS","MYSTIC POINTE APARTMENTS","5655","651","Converted","Feeders","Blue Life","NEW HOSE FOR FEEDER +
LINE FEEDER +
PRESSURE GAUGE + 
VACUUM GAUGE +
CLAMP FLOW METER +
INSTALLATION
WATER LEVEL CONTROL VALVE 
VAKPAK SYSTEM.","2/18/2026","Técnico","3/9/2026","Manager","3/12/2026","True","Camilo Leon","3/12/2026","22858","651","3/13/2026",,,
"MYSTIC POINTE APARTMENTS","MYSTIC POINTE APARTMENTS","5678","433.23","Converted","Pumps","Blue Life","IMPELLER, HOUSING PLATE","2/20/2026","Operaciones","2/26/2026","Manager","2/27/2026","True","Brayan Alvares","2/27/2026","22825","433.33","3/4/2026",,,
"MYSTIC POINTE APARTMENTS","MYSTIC POINTE APARTMENTS","5787","300","Converted","Tiles","Blue Life","INSTALLATION OF INDICATOR TILES","3/12/2026","Operaciones","3/13/2026","Manager","4/1/2026","True","Brayan Alvares","4/1/2026","23251","300","4/3/2026",,,
"MYSTIC POINTE APARTMENTS","MYSTIC POINTE APARTMENTS","5793","286","Converted","Steps","Blue Life","NEW STAINLESS STEEL STEP., INSTALLATION","3/13/2026","Operaciones","3/13/2026","Manager","3/18/2026","True","Brayan Alvares","3/18/2026","22893","286","3/19/2026",,,
"MYSTIC POINTE APARTMENTS","MYSTIC POINTE APARTMENTS","6391","900","Pending","Leak",,"Commercial full leak detection.","6/4/2026",,,,,"False",,,,,,,,
"MYSTIC POINTE APARTMENTS","MYSTIC POINTE APARTMENTS","6520","1,238","Pending","Feeders",,"POOL: NEW CHEMICAL STENNER PUMP - CHLORINE AND PH FEEDER, INSTALLATION","6/24/2026",,,,,"False",,,,,,,,
"Nantucket Bay","Nantucket Bay","6726",,"Pending","[]",,"Renovate the existing pool deck by repairing deteriorated areas, preparing the surf","7/30/2026",,,,,"False",,,,,,,,
"Nantucket Bay","Nantucket Bay","6725",,"Pending","[]",,"Refinish the pool and spa with a new interior finish. The scope includes surface pr","7/30/2026",,,,,"False",,,,,,,,
"Nantucket Bay","Nantucket Bay","6751",,"Repair Done","Leak","Brian/ Responsable Pools","Pool: Commercial full leak detection.","8/12/2026","Operaciones","8/13/2026","MANAGER","8/21/2026","True","No Aplica","8/24/2026",,,,,,
"Nantucket Bay","Nantucket Bay","6750",,"Converted","Feeders,Flotador,Pressure Gauge","Blue Life","POOL: NEW HOSE FOR FEEDERS PH AND CHLORINE, 
POOL: NEW LINE FOR FEEDERS PH AND CHLORINE, SPA: WATER LEVEL CONTROL VALVE VAKPAK SYSTEM, POOL: WATER TORO VALVE, SPA: PRESSURE GAUGE., INSTALLATION","8/12/2026","Operaciones","8/13/2026","MANAGER","8/15/2026","True","Camilo Hidalgo","8/18/2026","25150","746","8/19/2026",,,
"Nantucket Bay","Nantucket Bay","6833",,"Pending","[]",,"Plumbing leak repair","8/20/2026",,,,,"False",,,,,,,,
"Natalia Osorio","Natalia Osorio","3736","2,898.6","Converted","Pumps,Plumbing","Blue Life","(#3736) PUMP 3HP + PLUMING","1/31/2025","Técnico",,,,"False",,,"17222","2898.6","2/13/2025","0","0",
"Natalia Osorio","Natalia Osorio",,,"Pending","Filter","Blue Life",,,"Operaciones",,,,"True",,"10/25/2024",,,,"0",,"0"
"Natalia Osorio","Natalia Osorio","5869","180","Converted","Heaters","Brian/ Responsable Pools","Gas heater service call","3/24/2026","Operaciones","3/24/2026","Owner","4/10/2026","False","No Aplica","4/10/2026","23292","180","4/13/2026",,,
"NAVARA TAMPA","NAVARA TAMPA","4140","913","Converted","Motors","Blue Life","(#4140) MOTOR SPA 2HP + SEAL","5/23/2025","Operaciones","5/28/2025","N/A",,"False","Camilo Hidalgo","5/30/2025","18678","913.0","3/6/2025","5","2","-85"
"NAVARA TAMPA","NAVARA TAMPA","3995","330","Converted","Safety Equipment","Blue Life","(#3995) RWLC FLOAT ASSEMBLY + INSTALLATION","4/15/2025","Técnico",,,,"False",,,"18001","330.0","4/22/2025","0","0",
"NAVARA TAMPA","NAVARA TAMPA","4169","2,473","Converted","Motors","Blue Life","(#4169)NEW 3HP 3 PHASE POOL MOTOR FOR THE SPA JETS +IMPELLER + SEAL + 2 FEEDER","6/3/2025","Operaciones","6/9/2025","N/A",,"False","Brayan Alvares","6/11/2025","18701","2473.0","6/11/2025","6","2","1"
"NAVARA TAMPA","NAVARA TAMPA","3878","614","Converted","Feeders","Blue Life","(#3878) 1 FEEDER FOR THE PH","3/25/2025","Técnico",,,,"False",,,"17859","614","4/2/2025","0","0",
"NAVARA TAMPA","NAVARA TAMPA","3734","180","Converted","Heaters","Blue Life","(#3734) SERVICE CALL FOR THE HEATER. FOR SPA ","1/30/2025","Técnico","1/21/2025","N/A",,"False",,,"17233","180.0","2/14/2025","-9","0",
"NAVARA TAMPA","NAVARA TAMPA","4881","450","Converted","Sacrificial Anode ","Blue Life","SACRIFICIAL ANODE + NEW PLUMBING FOR THE INSTALLATION.","9/1/2025","Técnico","9/1/2025","Manager",,"False","Brayan Alvares","9/8/2025","20526","450","9/9/2025","1","7","1"
"NAVARA TAMPA","NAVARA TAMPA",,,"Converted","Filter","Blue Life","(6) POOL PENTAIR FILTERS ELEMENT P 105 FOR POOL, (2) COMMERCIAL SPA FILTER PLM200, FULL INSTALLATION",,"Operaciones",,,,"True","Camilo Leon","9/7/2024","15927","2,357.00","9/18/2024","0",,"11"
"NAVARA TAMPA","NAVARA TAMPA","5458","2,933.75","Converted","Pumps","Blue Life","NEW COMMERCIAL 3HP PUMP.","1/7/2026","Operaciones","1/14/2026","Manager",,"True","Brayan Alvares","1/16/2026","22074","2,933.75","1/19/2026",,,
"NAVARA TAMPA","NAVARA TAMPA","5932","2,530","Converted","Filter","Blue Life","PENTAIR FILTERS ELEMENT <br>PH 105 FOR POOL, COMMERCIAL SPA FILTER PLM200, INSTALLATION","3/31/2026","Operaciones","5/22/2026","Manager","5/30/2026","True","Brayan Alvares","6/11/2026","24213","2,530","6/11/2026",,,
"NAVARA TAMPA","NAVARA TAMPA","6024","800","Converted","Resurface","Roger/BigBlue","Pool Dry path for hollow spot","4/13/2026","Operaciones","6/1/2026","Manager","6/11/2026","False","No Aplica","6/11/2026","24215","800","6/11/2026",,,
"NAVARA TAMPA","NAVARA TAMPA","6448","100","Pending","Air Relief Valve",,"NEW AIR RELIEF AND <br>INSTALLATION","6/15/2026",,,,,"False",,,,,,,,
"NAVARA TAMPA","NAVARA TAMPA","6506","70","Pending","Line Chlorinator ",,"SPA: CHLORINE FEEDER LINE, INSTALLATION","6/23/2026",,,,,"False",,,,,,,,
"NICHE.","NICHE .","4749","592","Converted","Filter","Blue Life","(#4749) 4 PENTAIR FILTERS CCP320","7/25/2025","Técnico","8/8/2025","N/A",,"False","Camilo Leon","8/22/2025","20188","592.0","8/22/2025","14","14","1"
"NICHE.","NICHE .","4748","160","Converted","Lights","Blue Life","(#4748) POOL LIGHT INSTALLATION","7/24/2025","Técnico","7/24/2025","N/A",,"False","Camilo Hidalgo","8/14/2025","20184","160.0","8/22/2025","1","21","8"
"NICHE.","NICHE .","5227","380","Pending","Service Maintenance Equipment","Blue Life","NEW HOSE FOR FEEDER +<br>LINE FEEDER +<br>PRESSURE GAUGE + <br>VACUUM GAUGE +<br>CL","10/30/2025","Operaciones",,,,"True",,,,,,"0","0","0"
"NICHE.","NICHE .","6505","211","Pending","Flotador",,"WATER LEVEL CONTROL VALVE VAKPAK SYSTEM., INSTALLATION","6/22/2026",,,,,"False",,,,,,,,
"Nicole Malloy","Nicole Malloy ","6145","250","Converted","Plumbing","Blue Life","Redo the suction plumbing that is clogged so that it can be easily cleaned","4/30/2026","Operaciones","4/30/2026","Manager","5/5/2026","True","Brayan Alvares","5/5/2026","23718","250","5/6/2026",,,
"Nicole Malloy","Nicole Malloy ","6274","280","Declined","Filter",,"NEW POOL FILTERS CC150., INSTALLATION","5/20/2026",,,,,"False",,,,,,,,
"NORTH PARK ISLE CDD","NORTH PARK ISLE CDD","4189","619","Converted","Feeders","Blue Life","(#4189) NEW CHEMICAL STENNER PUMP - PH FEEDER","6/12/2025","Técnico","6/12/2025","Manager","6/26/2025","False","Orlando Gonzales","6/26/2025","18769","619","6/27/2025","1","14","1"
"NORTH PARK ISLE CDD","NORTH PARK ISLE CDD","5091","2,199.5","Pending","Returns Cover","Blue Life","NEW RETURNS FLOOR COVERS, INSTALLATION OF 50 RETURNS, REMOVE THE OLD RETURN, CLEAN UNDER THE RETURN, OLD CONC","10/1/2025","Operaciones",,,,"False",,,,,,"0","0","0"
"NORTH PARK ISLE CDD","NORTH PARK ISLE CDD",,,,"Filter","Blue Life","FILTROS DE ARENA ",,"Operaciones",,,,"True",,"3/27/2024",,,,"0",,"0"
"NORTH PARK ISLE CDD","NORTH PARK ISLE CDD","5469","380","Pending","Service Maintenance Equipment","Blue Life","NEW HOSE FOR FEEDER +<br>LINE FEEDER +<br>PRESSURE GAUGE + <br>VACUUM GAUGE +<br>CL","1/8/2026","Operaciones",,,,"False",,,,,,"0","0","0"
"NORTH PARK ISLE CDD","NORTH PARK ISLE CDD","5687","619","Converted","Feeders","Blue Life","NEW CHEMICAL STENNER PUMP - CHLORINE FEEDER, CHLORINE FEEDER INSTALLATION","2/24/2026","Operaciones","2/24/2026","Manager","2/27/2026","True","Brayan Alvares","2/27/2026","22507","619","2/27/2026",,,
"NORTH PARK ISLE CDD","NORTH PARK ISLE CDD","5834","619","Converted","Feeders","Blue Life","NEW CHEMICAL STENNER PUMP - PH FEEDER, PH FEEDER INSTALLATION","3/19/2026","Operaciones","5/27/2026","Manager","6/11/2026","True","Guillermo Fernandez","6/11/2026","24212","619","6/11/2026",,,
"NORTH PARK ISLE CDD","NORTH PARK ISLE CDD","6147","145","Pending","Safety Equipment",,"COMMERCIAL SAFETY LIFE RING COAST GUARD APPROVED.","4/30/2026",,,,,"False",,,,,,,,
"NORTH PARK ISLE CDD","NORTH PARK ISLE CDD","6326","1,280","Accepted","Resurface","Blue Life","Pool Dry path for hollow spot","5/26/2026","Comercial","5/27/2026","Manager",,"False","No Aplica",,,,,,,
"NORTH PARK ISLE CDD","NORTH PARK ISLE CDD","6550","211","Converted","Flotador","Blue Life","WATER LEVEL CONTROL VALVE VAKPAK SYSTEM., INSTALLATION","6/26/2026","Operaciones","6/30/2026","Manager","7/1/2026","True","Camilo Leon","7/1/2026","24608","211","7/2/2026",,,
"NORTH PARK ISLE CDD","NORTH PARK ISLE CDD","6630","153","Converted","Lights","Blue Life","POOL: LIGHT WEDGE., INSTALLATION","7/9/2026","Operaciones","7/9/2026","Manager","7/17/2026","True","Camilo Hidalgo","7/23/2026","24725","153","7/23/2026",,,
"NORTH PARK ISLE CDD","NORTH PARK ISLE CDD","6694","102","Pending","Rules Sing",,"POOL: RULES SING","7/22/2026",,,,,"False",,,,,,,,
"NORTH PARK ISLE CDD","NORTH PARK ISLE CDD","6764",,"Pending","[]",,"Repair four (4) damaged spots on the pool surface to restore appearance and prevent","8/7/2026",,,,,"False",,,,,,,,
"NOVA AT TRINITY APARTMENTS","NOVA AT TRINITY APARTMENTS","4822","305","Converted","Valves,Plumbing","Blue Life","(#4822)WAY VALVE +NEW PLUMBING +  INSTALLATION OF SUCTION VALVES AND PLUMBING.","8/19/2025","Técnico","9/8/2025","Manager",,"False","Camilo Leon","9/12/2025","20537","305",,"20","4","0"
"NOVA AT TRINITY APARTMENTS","NOVA AT TRINITY APARTMENTS",,,"Pending","Filter","Blue Life",,,"Operaciones",,,,"True",,"4/4/2023",,,,"0",,"0"
"NOVA AT TRINITY APARTMENTS","NOVA AT TRINITY APARTMENTS","5977","167","Pending","Feeders,Throw Rope",,"SAFETY THROW ROPE., NEW HOSE FOR FEEDERS - PH AND CHLORINE, INSTALLATION","4/3/2026",,,,,"False",,,,,,,,
"NOVA AT TRINITY APARTMENTS","NOVA AT TRINITY APARTMENTS","6527","80","Pending","Line Chlorinator ",,"New hose for line chlorinator","6/24/2026",,,,,"False",,,,,,,,
"NOVA AT TRINITY APARTMENTS","NOVA AT TRINITY APARTMENTS","6574","1,031","Pending","Filter",,"COMMERCIAL POOL FILTER DISC., D.E POWDER., INSTALLATION","7/1/2026",,,,,"False",,,,,,,,
"NOVEL BEACH PARK","NOVEL BEACH PARK","4074","1,303","Converted","Filter","Blue Life","(#4074) 26 RECTANGULAR ANTHONY FILTER GRIDS + D.E POWER","5/8/2025","Técnico","6/10/2025","N/A",,"False","Brayan Alvares","6/20/2025","18759","1303.0","6/25/2025","33","10","5"
"NOVEL BEACH PARK","NOVEL BEACH PARK","4970","900","Pending","Leak","Roger/BigBlue","Commercial full leak detection.","11/14/2025","Operaciones",,,,"True",,,,,,"0","0","0"
"NOVEL BEACH PARK","NOVEL BEACH PARK","5703","619","Converted","Feeders","Blue Life","NEW CHEMICAL STENNER PUMP - PH FEEDER, PH FEEDER INSTALLATION","2/27/2026","Operaciones","5/14/2026","Manager","5/20/2026","True","Nelson Belauzaran","5/20/2026","23795","619","5/20/2026",,,
"NOVEL BEACH PARK","NOVEL BEACH PARK","5796","80","Converted","Feeders","Blue Life","NEW HOSE FOR FEEDERS., INSTALLATION","3/13/2026","Operaciones","3/13/2026","Manager","3/16/2026","True","Nelson Belauzaran","3/16/2026","22885","80","3/17/2026",,,
"NOVEL BEACH PARK","NOVEL BEACH PARK","6186","285","Converted","Salt Bag","Blue Life","SALT BAGS","5/7/2026","Operaciones","5/7/2026","Manager","5/20/2026","True","Dany Lopez","5/20/2026","23798","285","5/20/2026",,,
"NOVEL BEACH PARK","NOVEL BEACH PARK","6273","700","Converted","Acid Wash","Blue Life","PARTIAL ACID WASH","5/20/2026","Operaciones","5/20/2026","Manager","5/26/2026","True","Brayan Alvares","5/26/2026","23836","700","5/26/2026",,,
"NOVEL BEACH PARK","NOVEL BEACH PARK","6277","725","Converted","ORP Sensor","Blue Life","ORP SENSOR, INSTALLATION","5/20/2026","Operaciones","5/26/2026","Manager","6/2/2026","True","Dany Lopez","6/2/2026","24177","725","6/4/2026",,,
"NOVEL BEACH PARK","NOVEL BEACH PARK","6321","142.5","Converted","Salt Bag","Blue Life","SALT BAGS","5/26/2026","Operaciones","5/26/2026","Manager","6/2/2026","True","Dany Lopez","6/2/2026","24182","142.50","6/4/2026",,,
"NOVEL BEACH PARK","NOVEL BEACH PARK","6551","153","Converted","Lights","Blue Life","POOL LIGHT WEDGE., INSTALLATION","6/26/2026","Operaciones","7/1/2026","Manager","7/10/2026","True","Brayan Alvares","7/21/2026","24719","153","7/22/2026",,,
"NOVEL BEACH PARK","NOVEL BEACH PARK","6594","1,391","Converted","Filter","Blue Life","25 COMMERCIAL POOL RECTANGULAR ANTHONY FILTER GRIDS, D.E POWDER., INSTALLATION","7/2/2026","Operaciones","7/3/2026","Manager","7/10/2026","True","Brayan Alvares","7/21/2026","24715","1.391","7/21/2026",,,
"NV PROPERTY - ROLLINGDALE","NV PROPERTY - ROLLINGDALE",,,"Pending","Filter","Blue Life",,,"Operaciones",,,,"True",,"7/11/2024",,,,"0",,"0"
"NV PROPERTY 5207 BURR PI","NV PROPERTY 5207 BURR PI","5891","153","Pending","Lights",,"POOL LIGHT WEDGE., LIGHT INSTALLATION","3/26/2026",,,,,"False",,,,,,,,
"Nv property Heronglen","Nv property Heronglen",,,"Pending","Filter","Blue Life",,,"Operaciones",,,,"True",,"7/3/2025",,,,"0",,"0"
"NV PROPERTY MARVY","NV PROPERTY MARVY","4802","1,750","Converted","Leak","Roger/BigBlue","It was applied pressure using a combination of water and air to locate the
leak in the return-to-pool line. Using a listening device, the exact location of the
underground leak was pinpointed behind the wall fitting at the shallow end of the pool.","7/24/2025","Técnico",,,,"False",,,"20169","1750.0","8/12/2025","0","0","0"
"NV PROPERTY MARVY","NV PROPERTY MARVY","4801","450","Converted","Leak","Roger/BigBlue","Inspection Summary: The pool was thoroughly inspected for leaks, and a static pressure test was conducted on the entire plumbing system. ","7/24/2025","Técnico",,,,"False",,,"20168","450.0","8/12/2025","0","0","0"
"OAK GROVE APARTMENT","OAK GROVE APARTMENT","3695","1,040.13","Converted","Filter","Blue Life","PENTAIR FILTERS ELEMENT FOR FNS PLUS COMMERCIAL, D.E. POWDER, FULL INSTALLATION","11/14/2025","Operaciones",,,,"True","Yasiel Amador","2/8/2025","17236","1039.2","2/2/2025","0",,"0"
"OAK GROVE APARTMENT","OAK GROVE APARTMENT","3780","325.76","Converted","Service Maintenance Equipment","Blue Life","LINE FEEDER, NEW HOSE FOR FEEDERS, FULL INSTALLATION","11/14/2025","Operaciones","2/18/2025",,,"True",,,"17265","325.76",,"0","0","0"
"OAK GROVE APARTMENT","OAK GROVE APARTMENT","4231","1,160","Converted","Flow Meter","Blue Life","MULTIPORT VALVE PENTAIR HI-<br>FLOW 2 FNS PLUS FILTER, FULL INSTALLATION","11/14/2025","Operaciones",,,,"True",,,"19043","1160.0","7/1/2025","0","0","0"
"OAK GROVE APARTMENT","OAK GROVE APARTMENT","3986","703","Converted","Lights","Blue Life","POOL LIGHT INSTALLATION, SKIMMER GUTTER, RETURN COVER, FULL INSTALLATION","11/14/2025","Operaciones",,,,"True",,,"18771","703.0","6/26/2025","0","0","0"
"OAK GROVE APARTMENT","OAK GROVE APARTMENT","5430","1,850","Converted","Pumps","Blue Life","NEW 2.2 HP VS COMMERCIAL POOL PUMP, FULL INSTALLATION","1/7/2026","Operaciones","1/13/2026",,"1/16/2026","True","Brayan Alvares","1/16/2026","22070","2150","1/19/2026","6","3","3"
"OAK GROVE APARTMENT","OAK GROVE APARTMENT","5576","47","Pending","Safety Equipment,Skimmer Gutter","Blue Life","SAFETY THROW ROPE., SKIMMER GUTTER.","2/4/2026","Operaciones",,,,"False",,,,,,"0","0","0"
"OAK GROVE APARTMENT","OAK GROVE APARTMENT","5601","559","Converted","Feeders","Blue Life","NEW CHEMICAL STENNER PUMP - PH FEEDER, PH FEEDER INSTALLATION","2/11/2026","Operaciones","2/11/2026","Manager","2/11/2026","True","Brayan Alvares","2/11/2026","22452","619","2/13/2026","1","0","0"
"OAK GROVE APARTMENT","OAK GROVE APARTMENT","5795","2,392.5","Pending","Lights",,"NEW LED WHITE LIGHT, INSTALLATION","3/13/2026",,,,,"False",,,,,,,,
"OAK GROVE APARTMENT","OAK GROVE APARTMENT","6323","1,029.38","Converted","Filter","Blue Life","PENTAIR FILTERS ELEMENT FOR<br>FNS PLUS COMMERCIAL, D.E POWDER, INSTALLATION","5/26/2026","Operaciones","6/1/2026","Manager","6/10/2026","True","Brayan Alvares","6/10/2026","24211","1,029.38","6/10/2026",,,
"OAK GROVE APARTMENT","OAK GROVE APARTMENT","6375","100","Accepted","Air Relief Valve","Blue Life","NEW AIR RELIEF AND INSTALLATION","6/2/2026","Operaciones",,"Quickbooks","7/2/2026","True","Miguel Morales",,,,,,,
"Oak Manor","Oak Manor ","6564","900","Pending","Service Call",,"Adjust the mechanical door latch, service call stop to check light","6/29/2026",,,,,"False",,,,,,,,
"Oak Manor","Oak Manor ","6858",,"Accepted","Plumbing","Blue Life","Replace the system's pressure and suction piping - labor and materials","8/27/2026","Operaciones","8/27/2026","Manager","9/4/2026","True",,,,,,,,
"OAKS AT LAKESIDE ","OAKS AT LAKESIDE","4030","895","Converted","Motors","Blue Life","(#4030) HP MOTOR 2HP + IMPELLER + SEAL","4/25/2025","Técnico",,,,"False",,,"18183","895.0","1/5/2025","0","0",
"OAKS AT LAKESIDE ","OAKS AT LAKESIDE","3913","489.8","Converted","Tank","Blue Life","(#3913)NEW ACID TANK 20GAL + DELIVERY PLUST","4/3/2025","Técnico",,,,"False",,,"20163","464.0","4/15/2025","0","0",
"OAKS AT LAKESIDE ","OAKS AT LAKESIDE","4845","800","Converted","Acid Wash","Blue Life","(#4845) PARTIAL ACID WASH","8/26/2025","Manager","8/27/2025","Manager",,"False","Camilo Leon","9/18/2025","#20562","$800","9/22/2025","1","22","4"
"OAKS AT LAKESIDE ","OAKS AT LAKESIDE","4884","1,318","Converted","Feeders","Blue Life","(#4884) PH FEEDER + ACID FEEDER + LABOR","9/1/2025","Técnico","9/2/2025","Manager",,"False"," Diego Avila","9/13/2025","#20542","$1318","9/15/2025","1","11","2"
"OAKS AT LAKESIDE","OAKS AT LAKESIDE","5145","619","Converted","Feeders","Blue Life","NEW CHEMICAL STENNER PH PUMP, FULL INSTALLATION PH FEEDER","10/20/2025","Operaciones","10/21/2025","Manager","10/23/2025","True","Brayan Alvares","10/23/2025","20961","619","10/30/2025","1","2","7"
"OAKS AT LAKESIDE","OAKS AT LAKESIDE","3500","721.93","Converted","Filter","Blue Life","(10) RECTANGULAR ANTHONY FILTER GRIDS, D.E. POWER, FULL INSTALLATION","10/24/2024","Operaciones","10/25/2024","Manager","11/12/2024","True","Camilo Leon","11/12/2024","16456","721.93","11/12/2024","1","18","1"
"OAKS AT LAKESIDE","OAKS AT LAKESIDE","6355","825.58","Converted","Filter,Feeders","Blue Life","RECTANGULAR ANTHONY FILTER GRIDS, D.E POWDER, NEW HOSE FOR CHLORINE FEEDER, INSTALLATION","5/29/2026","Operaciones","6/10/2026","Manager","6/11/2026","True","Brayan Alvares","7/20/2026","24708","793.87","7/21/2026",,,
"OAKWOOD TRACE","OAKWOOD TRACE","5052","209","Converted","Motors","Blue Life","MOTOR SEAL, STANDAR LABOR","9/23/2025","Operaciones","9/24/2025","Manager","10/1/2025","False","Camilo Hidalgo","10/1/2025","20887","209","10/7/2025","1","7","6"
"OAKWOOD TRACE","OAKWOOD TRACE","5191","423","Converted","Flow Meter,Gutter Grates,Vacuum Plug","Blue Life","FLOW METER 2INCH, GUTTER GRATE, VACCUM PLUG, FULL INSTALLATION","10/22/2025","Operaciones","10/23/2025","Quickbooks","10/24/2025","True","Camilo Leon","10/24/2025","20962","423","10/30/2025","1","1","6"
"OAKWOOD TRACE","OAKWOOD TRACE",,,"Pending","Filter","Blue Life",,,"Operaciones",,,,"True",,"8/2/2021",,,,"0",,"0"
"OAKWOOD TRACE","OAKWOOD TRACE","5888","705","Converted","Filter","Blue Life","HAYWARD POOL FILTERS GRIDS 6020., D.E POWDER., INSTALLATION","3/26/2026","Operaciones","3/26/2026","Manager","3/31/2026","True","Brayan Alvares","3/31/2026","23237","705","4/1/2026",,,
"OAKWOOD TRACE","OAKWOOD TRACE","6695","211","Pending","Flotador",,"WATER LEVEL CONTROL VALVE VAKPAK SYSTEM., INSTALLATION","7/23/2026",,,,,"False",,,,,,,,
"OASIS AT BALLAST POINT","OASIS AT BALLAST POINT","3696","359.5","Converted","Filter","Blue Life","NEW COMMERCIAL POOL FILTERS C900+FULL INSTALLATION","1/15/2025","Técnico",,,,"False","Nelson Suarez","1/25/2025","17032","359.5","1/27/2025","0",,"0"
"OASIS AT BALLAST POINT","OASIS AT BALLAST POINT","3774","2,106.25","Converted","Pumps,Plumbing","Blue Life","(#3774) PUMP 2 HP + PLUMBING","2/13/2025","Técnico","2/19/2025","Manager","2/24/2026","False","Brayan Alvares","2/24/2025","17266","2,106.25","4/2/2025","0","0",
"OASIS AT BALLAST POINT","OASIS AT BALLAST POINT","5075","400","Pending","Lid","Blue Life","EQUIPMENT LID HINGES PART AND MATERIALS","11/14/2025","Operaciones",,,,"True",,,,,,"0","0","0"
"OASIS AT BALLAST POINT","OASIS AT BALLAST POINT","5474","260","Pending","Filter","Blue Life","NEW COMMERCIAL FILTERS C9002, FULL INSTALLATION","1/12/2026","Operaciones",,,"1/25/2026","False","Brayan Alvares",,,,,"0","0","0"
"OASIS AT BALLAST POINT","OASIS AT BALLAST POINT","6770",,"Converted","Start Up","Blue Life","SPECIAL POOL CLEANING FOR START UP","8/10/2026","Operaciones","8/10/2026","Manager","8/11/2026","True","Camilo Hidalgo","8/11/2026","25108","900","8/13/2026",,,
"OLYMPUS HARBOUR ISLAND","OLYMPUS HARBOUR ISLAND","4792","55","Converted","Basket","Blue Life","(#4792)NEW BASKET FOR PUMP","8/12/2025","Técnico",,,,"False","Alfredo Jimenez","8/21/2025","20185","55.0","8/22/2025","0",,"1"
"OLYMPUS HARBOUR ISLAND","OLYMPUS HARBOUR ISLAND","4204","178","Converted","Feeders","Blue Life","(#4204)LINE FEEDER +NEW HOSE FOR FEEDERS","6/12/2025","Técnico","6/17/2025","N/A",,"False","Alfredo Jimenez","6/26/2025","19051","178.0","2/7/2025","5","9","-139"
"OLYMPUS HARBOUR ISLAND","OLYMPUS HARBOUR ISLAND","4007","559","Converted","Filter","Blue Life","(#4007) 1 COMMERCIAL FOUNTAIN FILTERS PLM200","4/17/2025","Técnico",,,,"False","Brayan Alvares","1/18/2025","18304","559.0","8/5/2025","0",,"199"
"OLYMPUS HARBOUR ISLAND","OLYMPUS HARBOUR ISLAND","3895","1,500","Converted","Leak","Blue Life","(#3895) Repair Proposal – Commercial Spa Wall Fitting Replacement","3/28/2025","Técnico","4/16/2025","N/A",,"False","No Aplica","5/23/2025","18679","1500.0","6/3/2025","19","37","11"
"OLYMPUS HARBOUR ISLAND","OLYMPUS HARBOUR ISLAND","3671","211.95","Converted","Vacuum Plug","Blue Life","VACCUM PLUG FOR THE POOL","1/6/2025","Técnico",,,,"False",,,"17005","211.95","1/14/2025","0","0","0"
"OLYMPUS HARBOUR ISLAND","OLYMPUS HARBOUR ISLAND","3670","3,681.38","Converted","Heaters","Blue Life","SERVCE CALL HEATER  FOR  THE POOL","1/6/2025","Técnico",,,,"False",,,"20161","3475.0","1/7/2025","0","0","0"
"OLYMPUS HARBOUR ISLAND","OLYMPUS HARBOUR ISLAND","3748","500","Converted","Acid Wash","Blue Life","ACID WASH OF THE SPA","2/5/2025","Técnico",,,,"False",,,"17234","500.0","2/14/2025","0","0","0"
"OLYMPUS HARBOUR ISLAND","OLYMPUS HARBOUR ISLAND","3690","1,341.63","Converted","Filter","Blue Life","(30) POOL RECTANGULAR ANTHONY FILTER GRIDS+D.O.POWDER+FULL INSTALLATION","1/14/2025","Técnico",,,,"False","Camilo Hidalgo","5/7/2025","17004","1341.09","1/14/2025","0",,"0"
"OLYMPUS HARBOUR ISLAND","OLYMPUS HARBOUR ISLAND","4994","180","Converted","Heaters","Blue Life","(#4994) Pool heaters service call","9/12/2025","Manager","9/12/2025","Manager",,"False",,,"20578","$180                        ","9/29/2025","1","0",
"OLYMPUS HARBOUR ISLAND","OLYMPUS HARBOUR ISLAND","5344","409","Converted","Filter,Feeders","Blue Life","SPA- COMMERCIAL FILTER PML 200, INSTALLATION + CHLORINE FEEDER","12/1/2025","Operaciones","12/11/2025","Supervisor","12/15/2025","False","Alfredo Jimenez","12/16/2025","21697","1088","12/17/2025","10","5","1"
"OLYMPUS HARBOUR ISLAND","OLYMPUS HARBOUR ISLAND","5467","559","Converted","Feeders","Blue Life","NEW CHEMICAL STENNER PUMP - PH FEEDER FOR SPA, PH FEEDER INSTALLATION","1/9/2026","Operaciones","1/16/2026","Manager","1/29/2026","True","Alfredo Jimenez","1/28/2026","22107","619","1/29/2026","7","12","1"
"OLYMPUS HARBOUR ISLAND","OLYMPUS HARBOUR ISLAND","5476","540","Accepted","Filter","Blue Life","COMMERCIAL FOUNTAIN FILTERS PLM200, FULL INSTALLATION, D.E POWDER","1/12/2026","Operaciones","7/14/2026","Manager","7/31/2026","True","Brayan Alvares",,,,,"0","0","0"
"OLYMPUS HARBOUR ISLAND","OLYMPUS HARBOUR ISLAND","5767","619","Converted","Feeders","Blue Life","POOL: NEW CHEMICAL STENNER PUMP - PH FEEDER, PH FEEDER INSTALLATION","3/11/2026","Operaciones","3/11/2026","Manager","3/14/2026","True","Alfredo Jimenez","3/14/2026","22875","619","3/17/2026",,,
"OLYMPUS HARBOUR ISLAND","OLYMPUS HARBOUR ISLAND","5909","619","Converted","Feeders","Blue Life","POOL: NEW CHEMICAL STENNER PUMP - CHLORINE FEEDER, CHLORINE FEEDER INSTALLATION","3/27/2026","Operaciones","4/1/2026","Manager","4/9/2026","True","Camilo Leon","4/9/2026","23284","619","4/10/2026",,,
"OLYMPUS HARBOUR ISLAND","OLYMPUS HARBOUR ISLAND","6084","1,509","Converted","Filter","Blue Life","29 FILTER ANTHONY., D.E POWDER., INSTALLATION","4/21/2026","Operaciones","7/29/2026","Manager","8/7/2026","True","Brayan Alvares","8/10/2026","25084","1,509","8/11/2026",,,
"OLYMPUS HARBOUR ISLAND","OLYMPUS HARBOUR ISLAND","6308","129","Converted","Safety Equipment","Blue Life","SAFETY POLE 16""","5/25/2026","Operaciones","5/27/2026","Manager","6/19/2026","True","Camilo Leon","6/19/2026","24251","129","6/19/2026",,,
"OLYMPUS HARBOUR ISLAND","OLYMPUS HARBOUR ISLAND","6405","200","Converted","Service Call","Brian/ Responsable Pools","Gas heater service call","6/8/2026","Manager","6/8/2026","Manager","6/15/2026","False","No Aplica","6/15/2026","24252","200","6/19/2026",,,
"OLYMPUS HARBOUR ISLAND","OLYMPUS HARBOUR ISLAND","6455","640","Converted","Filter","Blue Life","SPA- COMMERCIAL FILTER PML<br>200, INSTALLATION","6/15/2026","Operaciones","6/16/2026","Manager","6/17/2026","True","Camilo Leon","6/17/2026","24249","640","6/18/2026",,,
"OLYMPUS HARBOUR ISLAND","OLYMPUS HARBOUR ISLAND","6456","7,470","Pending","Heaters",,"Option 1<br>Jandy JXi 400k BTU ASME Gas Heater<br>Quote to replace existing raypack, Labor &amp; Overhead, Jandy or Pentair Check Valve","6/15/2026",,,,,"False",,,,,,,,
"OLYMPUS HARBOUR ISLAND","OLYMPUS HARBOUR ISLAND","6457","9,105","Pending","Heaters",,"Option 2<br>Hayward 400K BTU ASME<br>Quote to replace existing Ray pack gas heater , Labor &amp; Overhead, Jandy or Pentair Check Valve","6/15/2026",,,,,"False",,,,,,,,
"OLYMPUS HARBOUR ISLAND","OLYMPUS HARBOUR ISLAND","6471","377","Converted","Flow Meter","Blue Life","POOL: COMMERCIAL FLOW METER 4 INCH, INSTALLATION","6/17/2026","Operaciones","6/18/2026","Manager","6/25/2026","True","Brayan Alvares","6/25/2026","24290","377","6/26/2026",,,
"OLYMPUS HARBOUR ISLAND","OLYMPUS HARBOUR ISLAND","6470","1,129","Converted","Motors","Blue Life","SPA: NEW COMMERCIAL POOL MOTOR 2HP., IMPELLER, MOTOR SEAL, DIFFUSER, INSTALLATION","6/17/2026","Operaciones","6/18/2026","Manager","6/25/2026","True","Brayan Alvares","6/25/2026","24291","1,129","6/26/2026",,,
"OLYMPUS HARBOUR ISLAND","OLYMPUS HARBOUR ISLAND","6510","250","Converted","Valves","Blue Life","CHECK VALVE, INSTALLATION","6/23/2026","Operaciones","6/23/2026","Manager","6/25/2026","True","Brayan Alvares","6/25/2026","24293","250","6/26/2026",,,
"OLYMPUS HARBOUR ISLAND","OLYMPUS HARBOUR ISLAND","6758",,"Accepted","Lights","Blue Life","POOL: NEW LED LIGHT, INSTALLATION","8/6/2026","Operaciones","8/19/2026","Manager",,"False",,,,,,,,
"ORCHARD PARK APARMENTS","ORCHARD PARK APARMENTS","4743","619","Converted","Feeders","Blue Life","NEW CHEMICAL STENNER PUMP. OF THE CHLORINE+FULL INSTALLATION","7/23/2025","Técnico",,,,"False",,,"20198","619.0","7/31/2025","0","0","0"
"ORCHARD PARK APARMENTS","ORCHARD PARK APARMENTS","5141","380","Pending","Service Maintenance Equipment","Blue Life","NEW HOSE FOR FEEDER +<br>LINE FEEDER +<br>VACUUM GAUGE +<br>CLAMP FLOW METER +<br>I","11/10/2025","Operaciones",,,,"True",,,,,,"0","0","0"
"ORCHARD PARK APARMENTS","ORCHARD PARK APARMENTS","4885","2,178.23","Declined","Filter","Blue Life","(14) COMMERCIAL POOL FILTER DISK, D.E POWDER, FULL INSTALLATION FILTERS, SEPARATION TANK POOL, WATER TORO VALVE, NEW PLUMBING FOR THE INSTALLATION, FULL INSTALLATION TANK, TORO VALVE & PLUMBING INSTALLATION, Rules Sing, SAFETY POLE 16""","9/1/2025","Operaciones",,,,"True",,"8/1/2025",,,,"0",,"0"
"ORCHARD PARK APARMENTS","ORCHARD PARK APARMENTS","6265","153","Converted","Lights","Blue Life","POOL LIGHT WEDGE., POOL LIGHT WEDGE INSTALLATION","5/18/2026","Operaciones","5/29/2026","Manager","6/8/2026","True","Brayan Alvares","6/8/2026","24201","153","6/10/2026",,,
"ORCHARD PARK APARMENTS","ORCHARD PARK APARMENTS","6361","282","Pending","Ligth Blub","Blue Life","NEW WHITE LIGHT BLUB., INSTALLATION","5/29/2026","Operaciones","5/29/2026","Manager",,"False","Brayan Alvares",,,,,,,
"ORCHARD PARK APARMENTS","ORCHARD PARK APARMENTS","6635","959","Converted","Motors","Blue Life","NEW COMMERCIAL POOL MOTOR 2HP., MOTOR SEAL., IMPELLER, INSTALLATION","7/10/2026","Operaciones","7/10/2026","Manager","7/15/2026","True","Brayan Alvares","8/18/2026","25153","959","8/19/2026",,,
"ORCHARD PARK APARMENTS","ORCHARD PARK APARMENTS","6653","809","Repair Done","Filter","Blue Life","14 COMMERCIAL POOL FILTER DISC., D.E POWDER., INSTALLATION","7/15/2026","Operaciones","7/15/2026","Manager","7/24/2026","True","Brayan Alvares","8/27/2026",,,,,,
"ORCHARD PARK APARMENTS","ORCHARD PARK APARMENTS","6808",,"Accepted","Hinges","Blue Life","LID HINGES","8/17/2026","Operaciones","8/21/2026","Manager","8/22/2026","True","Brayan Alvares",,,,,,,
"Oscar Valencia","Oscar Valencia",,,"Pending","Filter","Blue Life",,,"Operaciones",,,,"True",,"3/28/2025",,,,"0",,"0"
"Oscar Valencia II","Oscar Valencia II",,,"Pending","Filter","Blue Life",,,"Operaciones",,,,"True",,"5/30/2024",,,,"0",,"0"
"OSPREY POINTE","OSPREY POINTE","4861",,"Converted","Feeders","Blue Life","(#4861) NEW HOSE FOR FEEDERS.","8/28/2025","Técnico",,,,"False",,,"20212","69","8/28/2025","0","0",
"OSPREY POINTE","OSPREY POINTE","4865","380","Converted","Service Maintenance Equipment","Blue Life","(#4865) NEW HOSE FOR FEEDER +LINE FEEDER +PRESSURE GAUGE + VACUUM GAUGE +CL","9/10/2025","Operaciones","9/11/2025","Quickbooks",,"False","Camilo Leon","9/12/2025","#20544","$380","9/15/2025","1","1","3"
"OSPREY POINTE","OSPREY POINTE","2891","653.13","Converted","Filter","Blue Life","(12) RECTANGULAR ANTHONY FILTER GRIDS,D.E POWDER, FULL INSTALLATION","3/12/2024","Operaciones","4/25/2024","Manager","5/14/2024","True","No Aplica","5/14/2024","14775","653.13","5/15/2024","44","19","1"
"OSPREY POINTE","OSPREY POINTE","5352","882","Converted","Lights","Blue Life","(1) NEW LED WHITE LIGHT., FULL INSTALLATION","11/21/2025","Operaciones","12/11/2025","Manager","12/22/2025","False","Brayan Alvares","1/8/2026","22038","1182","1/7/2026","20","28","-1"
"OSPREY POINTE","OSPREY POINTE","5764","1,182","Pending","Lights",,"NEW LED WHITE LIGHT., INSTALLATION","3/11/2026",,,,,"False",,,,,,,,
"OSPREY POINTE","OSPREY POINTE","5765","1,367","Converted","Feeders","Blue Life","NEW CHEMICAL STENNER PUMP - PH AND CHLORINE FEEDERS, PH AND CHLORINE FEEDERS INSTALLATION, ","3/11/2026","Operaciones","5/18/2026","Manager","5/22/2026","True","Angel Viña","5/22/2026","23810","1,238","5/22/2026",,,
"OSPREY POINTE","OSPREY POINTE","6676","795","Pending","Filter",,"COMMERCIAL POOL RECTANGULAR ANTHONY FILTER GRIDS, D.E POWDER., INSTALLATION","7/17/2026",,,,,"False",,,,,,,,
"OSPREY POINTE APARTMENTS - WELLER","OSPREY POINTE APARTMENTS - WELLER","4064","779","Converted","Gutter Grates,Feeders","Blue Life","(#4064) GUTTER GRATES + PH FEEDER","5/6/2025","Health Department","7/16/2025","Manager",,"False",,"11/19/2025","20157","779.0","7/17/2025","0","0","0"
"OSPREY POINTE APARTMENTS - WELLER","OSPREY POINTE APARTMENTS - WELLER","3936","1,871","Converted","Filter","Blue Life","(17) SMALL RECTANGULAR ANTHONY FILTER GRIDS FOR OFFICE  POOL + LARGE RECTANGULAR ANTHONY FILTER GRIDS OFFICE POOL + D.E POWER ","5/21/2025","Técnico","11/19/2025","Camilo H","11/19/2025","False","Brayan Alvares","11/19/2025","21316","1.871","11/21/2025","182","-632","634"
"OSPREY POINTE APARTMENTS - WELLER","OSPREY POINTE APARTMENTS - WELLER","3688","1,080.5","Converted","Main Drain","Blue Life","(#3688) 2 MAIN DRAIN PARA COMPLETAR HD","1/14/2025","Técnico",,,,"False",,,"17267","1080.5","4/2/2025","0","0",
"OSPREY POINTE APARTMENTS - WELLER","OSPREY POINTE APARTMENTS - WELLER","5284","2,900","Converted","Pumps,Plumbing","Blue Life","NEW COMMERCIAL 3HP PUMP INTELLIFLO BACK POOL, NEW PLUMBING FOR THE INSTALLATION, FULL INSTALLATION","11/11/2025","Operaciones","11/11/2025","Quickbooks","11/17/2025","True","Brayan Alvares","11/17/2025","21300","2.900","11/18/2025","1","6","1"
"OSPREY POINTE APARTMENTS - WELLER","OSPREY POINTE APARTMENTS - WELLER","5285","1,200","Converted","Acid Wash","Blue Life","ACID WASH BACK POOL","11/11/2025","Operaciones","11/11/2025","Quickbooks","11/17/2025","True","Brayan Alvares","11/17/2025","21301","1.200","11/18/2025","1","6","1"
"OSPREY POINTE APARTMENTS - WELLER","OSPREY POINTE APARTMENTS - WELLER","5330","800","Converted","Leak","Roger/BigBlue","Commercial full leak detection Back pool","11/24/2025","Operaciones","11/25/2025","Manager","12/19/2025","False","No Aplica","12/19/2025","21713","800","12/22/2025","1","24","3"
"OSPREY POINTE APARTMENTS - WELLER","OSPREY POINTE APARTMENTS - WELLER","5412","1,300","Converted","Leak","Roger/BigBlue","Permanent Scum-Gutter Back pool <br>Repair Procedure:<br>Gutter Excavation:<br>Chis","12/26/2025","Operaciones","1/7/2026","Manager","2/4/2026","False","No Aplica","2/3/2026","22426","1300","2/4/2026","12","27","1"
"OSPREY POINTE APARTMENTS - WELLER","OSPREY POINTE APARTMENTS - WELLER","5501","290","Converted","Main Drain,Feeders","Blue Life","Commercial Main Drain cover VGB Pool 2, FULL INSTALLATION MAIN DRAIN, NEW CHEMICAL STENNER PUMP CHLORINE AND PH POOL 2, FULL INSTALLATION","1/16/2026","Health Department","1/23/2026","Manager","1/26/2026","True","Brayan Alvares","1/26/2026","22099","1778","1/27/2026","7","3","1"
"OSPREY POINTE APARTMENTS - WELLER","OSPREY POINTE APARTMENTS - WELLER","5946","619","Converted","Feeders","Blue Life","POOL1: NEW CHEMICAL STENNER PUMP - PH FEEDER, SAFETY THROW ROPE., INSTALLATION","3/31/2026","Operaciones","4/1/2026","Manager","4/14/2026","True"," Diego Avila","4/14/2026","23304","619","4/15/2026",,,
"OSPREY POINTE APARTMENTS - WELLER","OSPREY POINTE APARTMENTS - WELLER","5988","866","Converted","Motors","Blue Life","BACK POOL; NEW COMMERCIAL POOL MOTOR 1HP-1PHASE VACUUM, IMPELLER, MOTOR SEAL, INSTALLATION","4/7/2026","Operaciones","4/7/2026","Manager","4/11/2026","True","Brayan Alvares","4/11/2026","23297","866","4/13/2026",,,
"OSPREY POINTE APARTMENTS - WELLER","OSPREY POINTE APARTMENTS - WELLER","6098","129","Pending","Safety Equipment",,"SAFETY POLE 16&quot;.","4/23/2026",,,,,"False",,,,,,,,
"OSPREY POINTE APARTMENTS - WELLER","OSPREY POINTE APARTMENTS - WELLER","6715",,"Pending","[]",,"SKIMMER GUTTER OFFICE POOL, INSTALLATION","7/28/2026",,,,,"False",,,,,,,,
"OSPREY POINTE APARTMENTS - WELLER","OSPREY POINTE APARTMENTS - WELLER","6716",,"Pending","[]",,"BACK POOL: COMMERCIAL POOL RECTANGULAR ANTHONY FILTER GRIDS, D.E POWDER., INSTALLATION","7/28/2026",,,,,"False",,,,,,,,
"OSPREY POINTE APARTMENTS - WELLER","OSPREY POINTE APARTMENTS - WELLER","6799",,"Pending","[]",,"OFFICE POOL: NEW CHEMICAL STENNER PUMP - PH FEEDER, FULL INSTALLATION","8/14/2026",,,,,"False",,,,,,,,
"OSPREY POINTE APARTMENTS - WELLER","OSPREY POINTE APARTMENTS - WELLER","6799",,"Pending","[]",,"OFFICE POOL: NEW CHEMICAL STENNER PUMP - PH FEEDER, FULL INSTALLATION","8/14/2026",,,,,"False",,,,,,,,
"PABLO JACOME","PABLO JACOME","5477","550","Converted","Leak","Roger/BigBlue","Residential full leak detection.","1/12/2026","Operaciones","1/19/2026","Manager","2/4/2026","False","No Aplica","2/9/2026","22437","550","2/9/2026","7","0",
"PALM FLATS APARTMENTS","PALM FLATS APARTMENTS","4113","920","Pending","Filter","Blue Life","(17) COMMERCIAL POOL FILTER DISK +D.E POWDER","5/14/2025","Operaciones",,,,"False",,,,,,"0","0","0"
"PALM FLATS APARTMENTS","PALM FLATS APARTMENTS","3724","228.38","Converted","Pumps","Blue Life","PUMP SEAL ","1/23/2025","Técnico",,,,"False",,,"17033","228.38","1/27/2025","0","0","0"
"PALM FLATS APARTMENTS","PALM FLATS APARTMENTS","4270","1,056","Converted","Motors","Blue Life","NEW COMMERCIAL POOL MOTOR 2HP + IMPELLER + SEAL","7/1/2025","Técnico","4/21/2026","Manager","4/23/2026","True","Brayan Alvares","4/23/2026","23351","1,056","4/24/2026","0","0","0"
"PALM FLATS APARTMENTS","PALM FLATS APARTMENTS","6138","47","Converted","Safety Equipment","Blue Life","SAFETY THROW ROPE.","4/29/2026","Health Deparment","4/29/2026",,"4/30/2026","True","Miguel Morales","4/30/2026","23397","47","4/30/2026",,,
"PALM FLATS APARTMENTS","PALM FLATS APARTMENTS","6177","307","Converted","Flotador,ESCUTCHEON PLATE","Blue Life","ESCUTCHEON PLATE STAINLESS STEEL., WATER LEVEL CONTROL VALVE VAKPAK SYSTEM., INSTALLATION","5/5/2026","Operaciones","5/6/2026","Manager","6/10/2026","True","Brayan Alvares","6/13/2026","24231","307","6/16/2026",,,
"PALM FLATS APARTMENTS","PALM FLATS APARTMENTS","6288","35","Converted","Skimmer Gutter","Blue Life","SKIMER BASKET","5/21/2026","Operaciones","5/21/2026","Manager","5/28/2026","True","Miguel Morales","5/28/2026","23847","35","5/29/2026",,,
"PALM FLATS APARTMENTS","PALM FLATS APARTMENTS","6423","372","Converted","Steps","Blue Life","NEW STAINLESS STEEL STEP., INSTALLATION","6/11/2026","Operaciones","6/11/2026","Manager","6/13/2026","True","Brayan Alvares","6/13/2026","24232","372","6/16/2026",,,
"PALM FLATS APARTMENTS","PALM FLATS APARTMENTS","6744",,"Accepted","Steps,Safety Equipment,Hinges,Feeders",,"NEW STAINLESS STEEL STEP., SAFETY THROW ROPE., LID HINGES, NEW HOSE FOR FEEDERS PH AND CHLORINE, INSTALLATION","8/7/2026","Operaciones","8/7/2026","Manager","8/8/2026","True","Brayan Alvares",,,,,,,
"PALM GROVE LUXURY APARMENTS","PALM GROVE LUXURY APARMENTS","3829","2,500","Converted","Acid Wash","Blue Life","(#3829)FULL ACID WASH","3/7/2025","Técnico",,,,"False",,,"17855","2500.0","1/4/2025","0","0",
"PALM GROVE LUXURY APARMENTS","PALM GROVE LUXURY APARMENTS","4125","150","Converted","Lights","Blue Life","(#4125)NEW WHITE LIGHT WEDGE +FULL INSTALLATION","5/20/2025","Operaciones","5/21/2025","N/A",,"False","Camilo Leon","5/26/2025","18394","150.0","5/27/2025","1","5","1"
"PALM GROVE LUXURY APARMENTS","PALM GROVE LUXURY APARMENTS","3784","550","Converted","Acid Wash","Blue Life","(#3784) ACID WASH FORTHE SPA","2/18/2025","Técnico",,,,"False",,,"17624","550.0","6/3/2025","0","0",
"PALM GROVE LUXURY APARMENTS","PALM GROVE LUXURY APARMENTS","4022","162","Converted","Filter","Blue Life","FILTER O-RING FOR SPA+FULL INSTALLATION","4/22/2025","Técnico",,,,"False",,"4/23/2025","20917","162","10/17/2025","0",,"177"
"PALM GROVE LUXURY APARMENTS","PALM GROVE LUXURY APARMENTS","3879","180","Converted","Heaters","Blue Life","SERVICE CALL HEATER ","3/26/2025","Técnico",,,,"False",,,"19814","180.0","7/13/2025","0","0","0"
"PALM GROVE LUXURY APARMENTS","PALM GROVE LUXURY APARMENTS","5066","748","Pending","Feeders","Blue Life","CHLORINE- NEW CHEMICAL STENNER PUMP., PH-NEW HOSE FOR FEEDERS., STANDAR LABOR","9/29/2025","Operaciones",,,,"False",,,,,,"0","0","0"
"PALM GROVE LUXURY APARMENTS","PALM GROVE LUXURY APARMENTS","5641","180","Converted","Heaters",,"Gas heater service call","2/16/2026","Operaciones","2/16/2026","Manager","2/17/2026","False","No Aplica","2/17/2026","22483","180","2/20/2026",,,
"PALM GROVE LUXURY APARMENTS","PALM GROVE LUXURY APARMENTS","5868","2,375","Pending","Filter",,"POOL: RECTANGULAR ANTHONY FILTER GRIDS, COMMERCIAL SPA FILTERS PLM300, D.E POWDER., INSTALLATION","3/24/2026",,,,,"False",,,,,,,,
"PALM GROVE LUXURY APARMENTS","PALM GROVE LUXURY APARMENTS","6061","55","Converted","Lid","Blue Life","WhisperFlo Clear Strainer Cover","4/17/2026","Técnico","4/18/2026","Mantenimiento","4/22/2026","True","Gustavo Barrero","4/22/2026","23358","55","4/24/2026",,,
"PALMA CEIA","PALMA CEIA","4164","651","Converted","Filter","Blue Life","(#4164) 4 REGULAR FILTER MODEL # DEV60","5/30/2025","Técnico","6/3/2025","N/A",,"False","Camilo Leon","6/4/2025","18691","651.0","6/6/2025","4","1","2"
"PALMA CEIA","PALMA CEIA","4057","1,260","Converted","Motors","Blue Life","NEW 3HP POOL MOTOR.+seal+impelled+NEW PLUMBING FOR THE INSTALLATION.+FULL INSTALLATION FOR THE MOTOR 3HP","5/6/2025","Técnico",,,,"False",,,"19107","1260.0","5/25/2025","0","0","0"
"PALMA CEIA","PALMA CEIA","3669","665.5","Converted","Main Drain","Blue Life","Commercial Main Drain cover VGB+NEW RETURN COVER+FULL INSTALLATION","1/4/2025","Técnico",,,,"False",,,"17008","665.5","1/14/2025","0","0","0"
"PALMA CEIA","PALMA CEIA","3668","716","Converted","Feeders,Flow Meter","Blue Life","VACCUM PLUG+LINE FEEDER+NEW HOSE FOR FEEDER+COMMERCIAL 2INC  FLOW  METER+FULL INSTALLATION","1/3/2025","Técnico",,,,"False",,,"17015","716.0","1/14/2025","0","0","0"
"PALMA CEIA","PALMA CEIA","6438","783","Converted","Feeders","Blue Life","NEW CHEMICAL PH STENNER PUMP., POOL PRESSURE GAUGE., 2 SKIMMER GUTTER., INSTALLATION","6/12/2026","Health Deparment","6/12/2026","Manager","7/10/2026","True","Nelson Belauzaran","6/17/2026","25085","783","8/11/2026",,,
"PALMA CEIA","PALMA CEIA","6586","651","Converted","Filter","Blue Life","REGULAR FILTER MODEL # DEV60, D.E POWDER., INSTALLATION","7/1/2026","Operaciones","7/2/2026","Manager","7/10/2026","True","Brayan Alvares","7/27/2026","24743","651","7/28/2026",,,
"PALMS AT ASHLEY OAKS","PALMS AT ASHLEY OAKS / VISTA PALMS","2917","728.38","Converted","Filter","Blue Life","(14) COMMERCIAL POOL FILTER DISK, D.E POWDER, FULL INSTALLATION","3/22/2024","Operaciones","3/22/2024","Manager","3/22/2024","True","No Aplica","3/22/2024","15652","728.38","8/19/2024","1","1","150"
"PALMS AT ASHLEY OAKS","PALMS AT ASHLEY OAKS / VISTA PALMS","6160","1,116","Converted","Motors","Blue Life","NEW COMMERCIAL POOL MOTOR 2HP - 1PHASE","5/4/2026","Operaciones","5/7/2026","Manager","5/9/2026","True","Brayan Alvares","5/9/2026","23756","1,116","5/12/2026",,,
"PALMS AT ASHLEY OAKS","PALMS AT ASHLEY OAKS / VISTA PALMS","6605","809","Converted","Filter","Blue Life","COMMERCIAL POOL FILTER DISC 14","7/3/2026","Operaciones","7/6/2026","Manager","7/10/2026","True","Brayan Alvares","8/8/2026","25088","809","8/11/2026",,,
"PALMS AT ASHLEY OAKS / VISTA PALMS","PALMS AT ASHLEY OAKS / VISTA PALMS","6743","176","Accepted","SAFETY POLE,Safety Equipment","Blue Life","SAFETY POLE 16""., SAFETY THROW ROPE.","8/4/2026","Operaciones","8/4/2026","Manager","8/21/2026","True","Jose Lugo",,,,,,,
"PALMS AT SAND LAKE APARTMENTS","PALMS AT SAND LAKE APARTMENTS","4163","850","Converted","Leak","Roger/BigBlue","(#4163) Commercial full leak detection.","5/30/2025","Operaciones",,,,"False","No Aplica","12/6/2025","18742","850.0","6/19/2025","0",,"-170"
"PALMS AT SAND LAKE APARTMENTS","PALMS AT SAND LAKE APARTMENTS","4185","800","Converted","Leak","Roger/BigBlue","(#4185) Commercial full leak detection ","6/9/2025","Técnico",,,,"False",,,"20209","800","8/28/2025","0","0",
"PALMS AT SAND LAKE APARTMENTS","PALMS AT SAND LAKE APARTMENTS","4809","4,200","Pending","Leak","Roger/BigBlue","Filter tank repair on the way o as or tapar necessary remove most of the components for access to all the damage areas Process for repair will be done using composite materials (resin based) ","8/15/2025","Técnico",,,,"False",,,,,,"0","0","0"
"PALMS AT SAND LAKE APARTMENTS","PALMS AT SAND LAKE APARTMENTS","4130","83","Converted","Vacuum Plug","Blue Life","VACCUM PLUG+FULL INSTALLATION","5/20/2025","Técnico",,,,"False",,,"18403","83.0","5/27/2025","0","0","0"
"PALMS AT SAND LAKE APARTMENTS","PALMS AT SAND LAKE APARTMENTS","4239","600","Converted","Leak","Roger/BigBlue","(#4239) Collector Tank Inspection and Leak Detection • The pool was dived to plug the main drain and skimmer lines.","6/20/2025","Técnico",,,,"False",,,"20123","600.0","8/7/2025","0","0","0"
"PALMS AT SAND LAKE APARTMENTS","PALMS AT SAND LAKE APARTMENTS","5104","302","Converted","Safety Equipment","Blue Life","Rules Sing, SAFETY THROW ROPE, VACCUM PLUG, FULL INSTALLATION","10/6/2025","Técnico","10/10/2025","Manager","10/14/2025","True","Camilo Leon","10/14/2025","20923","302","10/20/2025","4","4","6"
"PALMS AT SAND LAKE APARTMENTS","PALMS AT SAND LAKE APARTMENTS","5164","250","Converted","Plumbing","Blue Life","NEW PLUMBING FOR THE INSTALLATION AND AUTOFILL SYSTEM","10/20/2025","Operaciones","10/20/2025","Manager","10/27/2025","True","Brayan Alvares","10/27/2025","20960","250","10/30/2025","1","7","3"
"PALMS AT SAND LAKE APARTMENTS","PALMS AT SAND LAKE APARTMENTS","3040","759.55","Converted","Filter","Blue Life","(15) COMMERCIAL POOL FILTER DISK, D.E. POWDER, FULL INSTALLATION","5/6/2024","Operaciones","5/13/2024","Manager","8/19/2024","True","No Aplica","8/19/2024","15651","759.55","8/19/2024","7","98","1"
"PALMS AT SAND LAKE APARTMENTS","PALMS AT SAND LAKE APARTMENTS","5558","555","Converted","Filter","Blue Life","COMMERCIAL POOL FILTER DISK, D.E POWDER., FULL INSTALLATION","1/29/2026","Operaciones","2/12/2026","Manager","2/13/2026","True","Brayan Alvares","2/13/2026","22448","846","2/13/2026","14","0","0"
"PALMS AT SAND LAKE APARTMENTS","PALMS AT SAND LAKE APARTMENTS","5732","140","Converted","Plumbing","Blue Life","PLUMBING REPAIR LABOR AND MATERIALS","3/6/2026","Técnico","3/6/2026","Quickbooks","3/17/2026","True","Brayan Alvares","3/17/2026","22878","140","3/17/2026",,,
"PALMS AT SAND LAKE APARTMENTS","PALMS AT SAND LAKE APARTMENTS","5817","395","Pending","Line Chlorinator ",,"RAINBOW 320 IN - LINE CHLORINATOR, INSTALLATION","3/17/2026",,,,,"False",,,,,,,,
"PALMS AT SAND LAKE APARTMENTS","PALMS AT SAND LAKE APARTMENTS","5924","112","Converted","ESCUTCHEON PLATE","Blue Life","ESCUTCHEON PLATE STAINLESS STEEL.","3/30/2026","Operaciones","4/2/2026","Manager","4/14/2026","True","Dany Lopez","4/14/2026","23301","112","4/15/2026",,,
"PALMS AT SAND LAKE APARTMENTS","PALMS AT SAND LAKE APARTMENTS","6226","105","Accepted","Basket","Blue Life","SKIMER BASKET.","6/4/2026","Operaciones","6/22/2026","Quickbooks",,"False",,,,,,,,
"PALMS AT SAND LAKE APARTMENTS","PALMS AT SAND LAKE APARTMENTS","6394","830","Accepted","Feeders,Flotador","Blue Life","WATER LEVEL CONTROL VALVE VAKPAK SYSTEM., NEW CHEMICAL STENNER PUMP - CHLORINE FEEDER, INSTALLATION","6/4/2026","Operaciones","6/5/2026","Manager","6/10/2026","True","Brayan Alvares",,,,,,,
"PARC AT WESLEY CHAPEL","PARC AT WESLEY CHAPEL","3937","1,229","Converted","Filter","Blue Life","(#3937) 24 RECTANGULAR ANTHONY FILTER GRIDS + D.E POWER","4/6/2025","Operaciones","4/25/2025","N/A",,"False","Brayan Alvares","5/8/2025","#18315","1229","9/5/2025","19","13","120"
"PARC AT WESLEY CHAPEL","PARC AT WESLEY CHAPEL","4827","1,200","Pending","Special Cleaning","Blue Life","PARTIAL  CLEANING OF THE  POOL ","8/20/2025","Técnico",,,,"False",,,,,,"0","0","0"
"PARC AT WESLEY CHAPEL","PARC AT WESLEY CHAPEL","3759","1,735.13","Converted","Motors","Blue Life","NEW COMMERCIAL 5HP MOTOR+SEAL+IMPELLER+FULL INSTALLATION","2/7/2025","Técnico",,,"2/13/2025","False","Fabian Borja","2/13/2025","17237","1,735.13","2/3/2025","0","0","0"
"PARC AT WESLEY CHAPEL","PARC AT WESLEY CHAPEL","5280","830","Converted","Motors","Blue Life","VACUUM NEW COMMERCIAL POOL MOTOR 1HP., MOTOR SEAL, IMPELLER, FULL INSTALLATION","11/10/2025","Operaciones","11/24/2025","Manager","12/1/2025","True","Brayan Alvares",,"21629","830","12/3/2025","14","0",
"PARC AT WESLEY CHAPEL","PARC AT WESLEY CHAPEL","5881","178","Converted","Feeders","Blue Life","NEW HOSE FOR FEEDERS - PH AND CHLORINE, INSTALLATION","3/25/2026","Operaciones","3/25/2026","Manager","3/27/2026","True","Angel Viña","3/27/2026","22921","178","3/27/2026",,,
"PARC AT WESLEY CHAPEL","PARC AT WESLEY CHAPEL","5951","619","Converted","Feeders","Blue Life","NEW CHEMICAL STENNER PUMP - CHLORINE FEEDER, CHLORINE FEEDER INSTALLATION","4/1/2026","Operaciones","4/7/2026","Manager","4/15/2026","True","Camilo Hidalgo","4/15/2026","23313","619","4/16/2026",,,
"PARC AT WESLEY CHAPEL","PARC AT WESLEY CHAPEL","6611","1,735.13","Pending","Motors,Seal Motor",,"NEW COMMERCIAL 5HP MOTOR., MOTOR SEAL., IMPELLER, INSTALLATION","7/6/2026",,,,,"False",,,,,,,,
"PARC PLACE VILLAS","PARC PLACE VILLAS","5736","35","Pending","O ring Filter",,"O RING FILTER CC150, INSTALLATION","3/6/2026",,,,,"False",,,,,,,,
"PARC PLACE VILLAS","PARC PLACE VILLAS","6075","850","Pending","Leak",,"Commercial full leak detection.","4/20/2026",,,,,"False",,,,,,,,
"PARC PLACE VILLAS","PARC PLACE VILLAS","6491","150","Pending","Plumbing,Line Chlorinator ",,"NEW PLUMBING INSTALLATIONS FOR THE LINE CHLORINATOR","6/19/2026",,,,,"False",,,,,,,,
"PARK & MAIN","PARK & MAIN","5493","4,626.5","Converted","Pumps","Blue Life","NEW PENTAIR COMMERCIAL 5HP  WHISPERFLOW XF VARIABLE SPEED PUMP.","1/15/2026","Operaciones","1/22/2026",,"1/23/2026","True","Brayan Alvares","1/23/2026","22096","4,626.50","1/23/2026","7","1","1"
"PARK & MAIN","PARK & MAIN","5535","180","Converted","Heaters","Brian/ Responsable Pools","Gas heater service call","1/26/2026","Operaciones","1/26/2026","Manager","2/12/2026","False","No Aplica","2/12/2026","22467","180","2/17/2026","-365","0","0"
"PARK & MAIN","PARK & MAIN","6389","132,680","Converted","Filter","Blue Life","NEW COMMERCIAL POOL FILTERS","6/3/2026","Operaciones","6/3/2026","Manager","6/4/2026","True","Dany Lopez","6/4/2026","24189","1,326.80","6/4/2026",,,
"Park at Lake Como","Park at Lake Como","6500","39,500","Pending","Resurface",,"Quartz Resurfacing (Pool 2 + Tile Work)<br><br>Resurface interior of Pool with quar","8/6/2026","Comercial",,,,"False",,,,,,,,
"Park at Lake Como","Park at Lake Como","6475","39,500","Pending","Resurface",,"Quartz Resurfacing (Pool 1 + Tile Work)<br><br>Resurface interior of Pool with quar","8/6/2026","Comercial",,,,"False",,,,,,,,
"PARK AT LAKE MAGDALENE","PARK AT LAKE MAGDALENE","4202","2,450","Converted","Motors","Blue Life","(#4202)NEW COMMERCIAL 3 HP variable speed pump with timer. Energy efficiency.","6/12/2025","Operaciones","6/11/2025","N/A",,"False","Camilo Hidalgo","6/18/2025","18748","2450.0","6/19/2025","-1","7","1"
"PARK AT LAKE MAGDALENE","PARK AT LAKE MAGDALENE","3546","2,302","Converted","Filter","Blue Life","(#3546) PENTAIR FILTERS ELEMENT FOR FNS PLUS COMERCIAL +FNS PLUS MANIFOLD + D.E. POWER","4/25/2025","Operaciones","6/13/2025","N/A",,"False","Brayan Alvares","6/23/2025","18762","2302.0","6/26/2025","49","10","3"
"PARK AT LAKE MAGDALENE","PARK AT LAKE MAGDALENE","5054","660","Converted","Skimmer Gutter,Special Cleaning","Blue Life","SKIMMER GUTTER., HYDROCLEANER TREATMENT TO REMOVE BLACK ALGIE + LABOR","9/23/2025","Operaciones","9/26/2025","Manager","10/2/2025","False","Rui Daniel Acevedo","10/2/2025","20880","660","10/6/2025","3","6","4"
"PARK AT LAKE MAGDALENE","PARK AT LAKE MAGDALENE","5117","450","Pending","Skimmer Gutter","Blue Life","INSTALLATION SKIMMER GUTTER <br>We need to open each area of the gutter to remove t","11/14/2025","Operaciones",,,,"True",,,,,,"0","0","0"
"PARK AT LAKE MAGDALENE","PARK AT LAKE MAGDALENE","6010","636","Pending","Line Chlorinator ",,"RAINBOW 300 29X OFF-LINE AUTOMATIC, RETURN COVER., INSTALLATION","4/10/2026",,,,,"False",,,,,,,,
"PARK AT LAKE MAGDALENE","PARK AT LAKE MAGDALENE","6130","626.25","Converted","Pumps","Blue Life","PUMP HOUSING MAX E PRO, INSTALLATION","4/28/2026","Operaciones","5/1/2026","Manager","5/2/2026","True","Brayan Alvares","5/2/2026","23711","626.25","5/4/2026",,,
"PARK AT LAKE MAGDALENE","PARK AT LAKE MAGDALENE","6329","305","Pending","Skimmer Gutter",,"SKIMMER GUTTER, INSTALLATION","5/26/2026",,,,,"False",,,,,,,,
"PARK AT LAKE MAGDALENE","PARK AT LAKE MAGDALENE","6363","450","Converted","Special Cleaning","Blue Life","Surface cleaning and removal of black algae","5/29/2026","Operaciones","6/3/2026","Manager","6/12/2026","True","No Aplica","6/12/2026","24226","450","6/12/2026",,,
"PARK AT LAKE MAGDALENE","PARK AT LAKE MAGDALENE","6474","3,500","Pending","Acid Wash",,"FULL ACID WASH","6/17/2026",,,,,"False",,,,,,,,
"PARK AT LAKE MAGDALENE","PARK AT LAKE MAGDALENE","6518","1,996","Pending","Filter",,"PENTAIR FILTERS ELEMENT FOR<br>FNS PLUS COMMERCIAL, D.E POWDER., INSTALLATION","6/24/2026",,,,,"False",,,,,,,,
"PARK AT LAKE MAGDALENE","PARK AT LAKE MAGDALENE","6649","40","Pending","Nets",,"NET","7/13/2026",,,,,"False",,,,,,,,
"PARK AT LAKE MAGDALENE","PARK AT LAKE MAGDALENE","6712",,"Converted","Lights","Blue Life","POOL: LIGHT WEDGE., INSTALLATION","7/30/2026","Operaciones","7/31/2026","Manager","8/1/2026","True","Brayan Alvares","8/1/2026","24988","153","8/3/2026",,,
"PARK AT WELLINGTON","PARK AT WELLINGTON","4248","1,147","Converted","Motors","Blue Life","(#4248)NEW 3HP POOL MOTOR + SEAL + IMPELLER","6/24/2025","Técnico","6/24/2025","N/A",,"False","Brayan Alvares","6/27/2025","19044","1147.0","2/7/2025","1","3","-140"
"PARK AT WELLINGTON","PARK AT WELLINGTON","3865","325","Converted","Plunger","Blue Life","(#3865) 1 VAKPAK REPAIR KIT PLUNGER","3/20/2025","Técnico",,,,"False",,,"17957","325.0","9/4/2025","0","0",
"PARK AT WELLINGTON","PARK AT WELLINGTON","3781","619","Converted","Feeders","Blue Life","(#3781) 1 FEEDER PUMP ACID","2/17/2025","Técnico",,,,"False",,,"17958","619.0","9/4/2025","0","0",
"PARK AT WELLINGTON","PARK AT WELLINGTON","4858","380","Pending","Service Maintenance Equipment","Blue Life","NEW HOSE FOR FEEDER +LINE FEEDER +PRESSURE GAUGE + VACUUM GAUGE ","9/2/2025","Técnico",,,,"False",,,,,,"0","0","0"
"PARK AT WELLINGTON","PARK AT WELLINGTON","3551","1,031","Converted","Filter","Blue Life","(20) RECTANGULAR ANTHONY FILTER GRIDS, D.O POWDER, FULL INSTALLATION","11/9/2024","Operaciones","11/9/2024","Manager","4/25/2025","True","Brayan Alvares","4/25/2025","18783","1,031.00","7/17/2025","1","167","83"
"PARK AT WELLINGTON","PARK AT WELLINGTON","5975","200","Converted","Toro Valve","Blue Life","WATER TORO VALVE., INSTALLATION","4/3/2026","Operaciones","4/6/2026","Manager","4/17/2026","True","Alexander Lara","4/17/2026","23321","200","4/17/2026",,,
"PARK AT WELLINGTON","PARK AT WELLINGTON","6198","1,131","Converted","Filter","Blue Life","19 RECTANGULAR ANTHONY FILTER GRIDS, D.E POWDER., FULL INSTALLATION","5/8/2026","Operaciones","5/18/2026","Manager","5/21/2026","True","Brayan Alvares","5/21/2026","23808","1,089","5/22/2026",,,
"PARK AT WELLINGTON","PARK AT WELLINGTON","6370","253","Converted","Motors","Blue Life","POOL: 1 MOTOR SEAL","6/1/2026","Operaciones","7/9/2026","Manager","7/17/2026","True","Brayan Alvares","7/15/2026","24690","253","7/16/2026",,,
"PARK EAST CDD","PARK EAST CDD","4241","102","Converted","Safety Equipment","Blue Life","Rules Sing","11/6/2025","Operaciones",,,,"True",,,"20118","102.0","8/3/2025","0","0","0"
"PARK EAST CDD","PARK EAST CDD","5345","559","Converted","Feeders","Blue Life","NEW CHEMICAL STENNER PUMP., FULL INSTALLATION","12/1/2025","Operaciones","12/2/2025","Manager","12/4/2025","False","Yasiel Amador",,"21667","619","12/10/2025","1","0",
"PARK EAST CDD","PARK EAST CDD","5912","94","Converted","Safety Equipment","Blue Life","2 SAFETY THROW ROPE.","3/30/2026","Operaciones","5/4/2026","Manager","5/5/2026","True","Fabian Cairasco","5/5/2026","23721","94","5/7/2026",,,
"PARK EAST CDD","PARK EAST CDD","6388","619","Converted","Feeders","Blue Life","NEW CHEMICAL STENNER PUMP - PH FEEDER, INSTALLATION","6/3/2026","Operaciones","6/11/2026","Manager","6/13/2026","True","Guillermo Fernandez","6/13/2026","24265","619","6/22/2026",,,
"PARK EAST CDD","PARK EAST CDD","6516","2,307","Converted","Filter","Blue Life","COMMERCIAL POOL RECTANGULAR ANTHONY FILTER GRIDS, D.E POWDER., INSTALLATION","6/23/2026","Operaciones","6/24/2026","Manager","6/29/2026","True","Brayan Alvares","6/29/2026","24304","2,307","6/30/2026",,,
"PARK PLACE VILLAS","PARK PLACE VILLAS","5646","800","Converted","Leak","Roger/BigBlue","Commercial full leak detection.","2/16/2026","Operaciones","6/25/2026","Manager","7/13/2026","False",,"7/13/2026","24689","800","7/13/2026",,,
"PARK PLACE VILLAS","PARK PLACE VILLAS","5602","235","Pending","Filter",,"PENTAIR POOL FILTER CC200, VACCUM PLUG., INSTALLATION","2/19/2026",,,,,"False",,,,,,,,
"PARK PLACE VILLAS","PARK PLACE VILLAS","6029","3,796","Pending","Feeders,Chemical Controller",,"NEW CHEMICAL STENNER PUMP CHLORINE AND PH, FULL INSTALLATION FEEDERS, NEW CHEMICAL CONTROLLER HAYWARD HCC2000., FULL INSTALLATION CAT CONTROLLER","4/14/2026",,,,,"False",,,,,,,,
"PARK PLACE VILLAS","PARK PLACE VILLAS","6152","540","Converted","Main Drain","Blue Life","Commercial Main Drain cover VGB., FULL INSTALLATION","4/30/2026","Operaciones","6/25/2026","Manager","7/3/2026","True","Brayan Alvares","7/3/2026","24637","540","7/3/2026",,,
"PARK PLACE VILLAS","PARK PLACE VILLAS","6639","250","Converted","Plumbing","Blue Life","NEW PLUMBING FOR THE INSTALLATION.","7/10/2026","Operaciones","7/16/2026","Manager","7/24/2026","True","Brayan Alvares","7/20/2026","24712","250","7/21/2026",,,
"PARK PLACE VILLAS","PARK PLACE VILLAS","6811",,"Pending","[]",,"RAINBOW 320 IN - LINE CHLORINATOR, INSTALLATION","8/17/2026",,,,,"False",,,,,,,,
"PARK SHORE INVESTMENTS","PARK SHORE INVESTMENTS",,,"Pending","Filter","Blue Life",,,"Operaciones",,,,"True",,"10/7/2021",,,,"0",,"0"
"PARK SHORE INVESTMENTS","PARK SHORE INVESTMENTS","5373","380","Pending","Service Maintenance Equipment","Blue Life","NEW HOSE FOR FEEDER +<br>LINE FEEDER +<br>PRESSURE GAUGE + <br>VACUUM GAUGE +<br>CL","12/9/2025","Operaciones",,,,"False",,,,,,"0","0","0"
"PARK SHORE INVESTMENTS","PARK SHORE INVESTMENTS","6103","47","Pending","Throw Rope",,"SAFETY THROW ROPE.","4/23/2026",,,,,"False",,,,,,,,
"Park Springs","Park Springs","5822","1,031","Converted","Filter","Blue Life","FILTER DISC., D.E POWDER., INSTALLATION","3/17/2026","Operaciones","4/28/2026","Manager","5/5/2026","True","Brayan Alvares","5/5/2026","23720","1,031","5/7/2026",,,
"Park Springs","Park Springs","5919","532","Converted","Line Chlorinator ,ESCUTCHEON PLATE,Skimmer Gutter","Blue Life","ESCUTCHEON PLATE STAINLESS STEEL., SKIMMER GUTTER., RAINBOW 320 IN - LINE CHLORINATOR, INSTALLATION","3/30/2026","Operaciones","4/28/2026","Manager","5/5/2026","True","Brayan Alvares","5/5/2026","23722","532","5/7/2026",,,
"Park Springs","Park Springs","6501","211","Accepted","Valves","Blue Life","WATER LEVEL CONTROL VALVE VAKPAK SYSTEM., INSTALLATION","6/22/2026","Operaciones","6/22/2026","Manager","6/27/2026","True","Guillermo Fernandez",,,,,,,
"PARKWAY CENTER CDD","PARKWAY CENTER CDD","4114","450","Converted","Special Cleaning","Blue Life","(#4114) SUPER SHOCK THE POOL","5/15/2025","Operaciones","5/19/2025","N/A",,"False","Camilo Hidalgo","7/2/2025","19102","450.0","7/7/2025","4","44","5"
"PARKWAY CENTER CDD","PARKWAY CENTER CDD","4174","178","Converted","Feeders","Blue Life","(#4174)LINE FEDDER FOR THE CHLORINE +NEW HOSE FOR FEEDERS FOR THE CHLORINE OF SPA ","6/5/2025","Técnico","6/5/2025","N/A",,"False","Camilo Hidalgo","7/2/2025","19104","178.0","7/7/2025","1","27","5"
"PARKWAY CENTER CDD","PARKWAY CENTER CDD","4038","858","Converted","Motors","Blue Life","(#4038)NEW COMMERCIAL 1.5 HP MOTOR + SEAL + IMPELLER","4/30/2025","Técnico","6/4/2025","N/A",,"False","Brayan Alvares","6/9/2025","18694","858.0","6/11/2025","35","5","2"
"PARKWAY CENTER CDD","PARKWAY CENTER CDD","4031","619","Converted","Feeders","Blue Life","(#4031)1 NEW CHEMICAL STENNER PUMP FOR THE CHLORINE","4/25/2025","Técnico",,,,"False",,,"20210","619","4/30/2025","0","0",
"PARKWAY CENTER CDD","PARKWAY CENTER CDD","3739","470","Converted","Lid","Blue Life","(#3739) PARTS AND MATERIALS TO FIX THE LID","2/3/2025","Técnico",,,,"False",,,"17269","470.0","4/2/2025","0","0",
"PARKWAY CENTER CDD","PARKWAY CENTER CDD","3777","508.5","Converted","Filter","Blue Life","(#3777) 1 COMMERCIAL SPA FILTER PLM 200","2/14/2025","Técnico","2/17/2025","N/A","2/18/2025","False","Camilo Leon","2/18/2025","17268","508.50","4/2/2025","3","1","43"
"PARKWAY CENTER CDD","PARKWAY CENTER CDD","4969","400","Converted","Toro Valve,Flotador","Blue Life","(#4969) WATER TORO VALVE., REGULAR AUTO LEVEL CONTROL VALVE, FULL INSTALLATION","9/8/2025","Técnico","9/8/2025","Quickbooks",,"False","Camilo Leon","9/12/2025","#20536","$400","9/12/2025","1","4","1"
"PARKWAY CENTER CDD","PARKWAY CENTER CDD","5071","1,900","Converted","Pumps","Blue Life","NEW 2.2 HP VARIABLE-SPEED COMMERCIAL SPA PUMP, FULL INSTALLATION","10/1/2025","Manager","10/1/2025","Manager","10/3/2025","False","Brayan Alvares","10/3/2025","20884","1900","10/7/2025","1","2","4"
"PARKWAY CENTER CDD","PARKWAY CENTER CDD","5001","380","Converted","Service Maintenance Equipment","Blue Life","SPA- NEW HOSE FOR FEEDER +LINE FEEDER +PRESSURE GAUGE + VACUUM GAUGE ","10/27/2025","Operaciones","10/27/2025","Manager","11/18/2025","True","Camilo Leon","11/18/2025","21308","380","11/20/2025","1","22","2"
"PARKWAY CENTER CDD","PARKWAY CENTER CDD","5000","380","Converted","Service Maintenance Equipment","Blue Life","POOL- NEW HOSE FOR FEEDER +LINE FEEDER +PRESSURE GAUGE + VACUUM GAUGE +","10/27/2025","Operaciones","10/27/2025","Manager","11/18/2025","True","Camilo Leon","11/18/2025","21309","380","11/20/2025","1","22","2"
"PARKWAY CENTER CDD","PARKWAY CENTER CDD","5552","540","Converted","Filter","Blue Life","COMMERCIAL SPA FILTERS PLM200., FULL INSTALLATION","2/3/2026","Operaciones","2/17/2026","Manager","2/19/2026","True","Angel Hernandez","2/19/2026","22479","640","2/20/2026","0","0","0"
"PARKWAY CENTER CDD","PARKWAY CENTER CDD","5656","35","Converted","Basket","Blue Life","SKIMER BASKET.","2/18/2026","Operaciones","2/18/2026","Manager","2/19/2026","True","Angel Hernandez","2/19/2026","22481","35","2/20/2026",,,
"PARKWAY CENTER CDD","PARKWAY CENTER CDD","5757","180","Converted","Heaters","Brian/ Responsable Pools","Gas heater service call","3/10/2026","Operaciones","3/11/2026","Manager","4/15/2026","False","No Aplica","4/15/2026","23303","180","4/15/2026",,,
"PARKWAY CENTER CDD","PARKWAY CENTER CDD","5944","180","Pending","Service Call",,"Gas heater service call","3/31/2026",,,,,"False",,,,,,,,
"PARKWAY CENTER CDD","PARKWAY CENTER CDD","6161","1,906","Converted","Feeders","Blue Life","SPA: NEW CHEMICAL STENNER PUMP - PH AND CHLORINE FEEDER, POOL: NEW CHEMICAL STENNER PUMP - PH FEEDER, POOL: LINE CHLORINE FEEDER, 3 FEEDER INSTALLATION","5/6/2026","Operaciones","5/7/2026","Manager","5/8/2026","True","Angel Hernandez","5/8/2026","23747","1,906","5/8/2026",,,
"PEARCE AT PAVILLION","PEARCE AT PAVILLION","4093","423","Converted","Jets","Blue Life","(#4093) SEAL FOR THE SPA JETS + IMPELLER FOR THE SPA JETS ","5/13/2025","Técnico","5/13/2025","N/A",,"False",,,"18357","423.0","5/20/2025","1","0",
"PEARCE AT PAVILLION","PEARCE AT PAVILLION","3783","818.75","Converted","Feeders","Blue Life","(#3783) 1 FEEDER STENNER PUMP + WATER LEVEL CONTROL","2/18/2025","Técnico",,,,"False",,,"17627","818.75","6/3/2025","0","0",
"PEARCE AT PAVILLION","PEARCE AT PAVILLION","4840","247","Converted","Timer","Blue Life","(#4840) SPA TIMER 15 MIN/110V","8/25/2025","Técnico","8/26/2025","Manager",,"False","Brayan Alvares","9/12/2025","#20538","$247","9/15/2025","1","17","3"
"PEARCE AT PAVILLION","PEARCE AT PAVILLION","4094","2,500","Pending","Acid Wash","Blue Life","FULL ACID WASH","5/13/2025","Técnico",,,,"False",,,,,,"0","0","0"
"PEARCE AT PAVILLION","PEARCE AT PAVILLION","3697","616","Converted","Filter","Blue Life","(2) CARTRIDGE FILTER FOR THE SPA+FULL INSTALLATION","1/15/2025","Técnico","5/11/2026","Manager","5/18/2026","True","Brayan Alvares","5/18/2026","23775","616","5/18/2026","0",,"0"
"PEARCE AT PAVILLION","PEARCE AT PAVILLION","5130","2,019","Converted","Motors,Toro Valve,Autofill","Blue Life","NEW COMMERCIAL 5HP MOTOR FOUNTAIN, IMPELLER, SEAL, FULL INSTALLATION FOUNTAIN MOTOR, WATER TORO VALVE POOL, REGULAR AUTO LEVEL CONTROL VALVE POOL, FULL INSTALLATION POOL AUTOFILL","10/13/2025","Manager","10/13/2025","Manager","10/14/2025","True","Camilo Leon","10/14/2025","20924","2019","10/20/2025","1","1","6"
"PEARCE AT PAVILLION","PEARCE AT PAVILLION","5283","596","Converted","Pumps","Blue Life","IMPELLER, DIFFUSER, SEAL, FULL INSTALLATION","11/10/2025","Operaciones","11/10/2025","Manager","11/14/2025","False","Brayan Alvares","11/14/2025","21297","596","11/18/2025","1","4","4"
"PEARCE AT PAVILLION","PEARCE AT PAVILLION","5239","1,254","Converted","Filter","Blue Life","COMMERCIAL POOL 26 FILTER DISK, D.E POWDER, FULL INSTALLATION","11/14/2025","Operaciones","7/14/2026","Manager","7/24/2026","True","Brayan Alvares","8/10/2026","25083","1,254","8/11/2026","0","0","0"
"PEARCE AT PAVILLION","PEARCE AT PAVILLION","5347","380","Converted","Service Maintenance Equipment","Blue Life","NEW HOSE FOR FEEDER +<br>LINE FEEDER +<br>PRESSURE GAUGE + <br>VACUUM GAUGE +<br>CL","12/2/2025","Operaciones","12/3/2025","Manager","12/3/2025","True","Brayan Alvares",,"21669","380","12/10/2025","1","0",
"PEARCE AT PAVILLION","PEARCE AT PAVILLION","5664","380","Converted","Feeders","Blue Life","SPA: NEW HOSE FOR FEEDER +<br>LINE FEEDER +<br>PRESSURE GAUGE + <br>VACUUM GAUGE +<","2/19/2026","Operaciones","2/19/2026","Manager","2/20/2026","True","Camilo Leon","2/20/2026","22482","380","2/20/2026",,,
"PEARCE AT PAVILLION","PEARCE AT PAVILLION","5867","68.38","Converted","Skimmer Gutter","Blue Life","White Square Skimmer Lid, FULL INSTALLATION","3/24/2026","Operaciones","3/24/2026","Manager","4/3/2026","True","Angel Hernandez","4/3/2026","23254","68.38","4/3/2026",,,
"PEARCE AT PAVILLION","PEARCE AT PAVILLION","6102","489.75","Converted","Filter,Basket","Blue Life","PENTAIR FILTER CC75, CENTER CORE, INSTALLATION","4/23/2026","Operaciones","5/11/2026","Manager","5/18/2026","True","Brayan Alvares","5/18/2026","23779","454,75","5/18/2026",,,
"PEARCE AT PAVILLION","PEARCE AT PAVILLION","6163","1,116","Converted","Motors","Blue Life","NEW COMMERCIAL POOL MOTOR 2HP - 1 PHASE, IMPELLER, MOTOR SEAL, INSTALLATION","5/4/2026","Operaciones","5/4/2026","Manager","5/12/2026","True","Brayan Alvares","5/12/2026","23755","1,116","5/12/2026",,,
"PEARCE AT PAVILLION","PEARCE AT PAVILLION","6354","619","Converted","Feeders","Blue Life","NEW CHEMICAL STENNER PUMP - CHLORINE FEEDER, INSTALLATION","5/29/2026","Operaciones","5/29/2026","Manager","6/1/2026","True","Angel Hernandez","5/30/2026","24172","619","6/1/2026",,,
"PEARCE AT PAVILLION","PEARCE AT PAVILLION","6481","901","Converted","Motors","Blue Life","NEW COMMERCIAL POOL MOTOR 1HP - 1PHASE, IMPELLER, MOTOR SEAL, SKIMER BASKET., INSTALLATION","6/18/2026","Operaciones","6/19/2026","Manager","6/23/2026","True","Brayan Alvares","6/23/2026","24280","901","6/24/2026",,,
"PENINSULA AT NORTHWOOD","PENINSULA AT NORTHWOOD","5775","35","Converted","Basket","Blue Life","OFFICE POOL: SKIMER BASKET FOR VACCUM","3/11/2026","Operaciones","3/12/2026","Manager","3/18/2026","True","Nelson Suarez","3/18/2026","22891","35","3/19/2026",,,
"PENINSULA AT NORTHWOOD","PENINSULA AT NORTHWOOD","5878","110","Pending","ESCUTCHEON PLATE",,"POOL 2: ESCUTCHEON PLATE STAINLESS STEEL.","3/25/2026",,,,,"False",,,,,,,,
"PENINSULA AT NORTHWOOD","PENINSULA AT NORTHWOOD","5982","772","Converted","Filter","Blue Life","POOL 2 fitness center/ southside: COMMERCIAL POOL FILTER DISK, D.E POWDER., FILTER INSTALLATION","4/6/2026","Operaciones","6/25/2026","Manager","7/10/2026","True","Brayan Alvares","7/10/2026","24675","722","7/10/2026",,,
"PENINSULA AT NORTHWOOD","PENINSULA AT NORTHWOOD","6092","411","Converted","Flotador,Toro Valve","Blue Life","OFFICE POOL: WATER LEVEL CONTROL VALVE VAKPAK SYSTEM., OFFICE POOL: WATER TORO VALVE., INSTALLATION","4/22/2026","Operaciones","4/22/2026","Manager","4/27/2026","True","Nelson Suarez","4/27/2026","23373","411","4/27/2026",,,
"PENINSULA AT NORTHWOOD APARTMENTS","PENINSULA AT NORTHWOOD","4740","4,000","Pending","Leak","Roger/BigBlue","ScumGutter Electronic Test and repair Pinpoint with the listening device, the exact location of the underground broken scum gutter line.","7/23/2025","Técnico",,,,"False",,,,,,"0","0","0"
"PENINSULA AT NORTHWOOD APARTMENTS","PENINSULA AT NORTHWOOD","3672","480","Converted","Lid","Blue Life","VALPACK LID REPAIR","1/6/2025","Técnico",,,,"False",,,"17016","480.0","1/14/2025","0","0","0"
"PENINSULA AT NORTHWOOD APARTMENTS","PENINSULA AT NORTHWOOD","4028","2,500","Pending","Acid Wash","Blue Life","(#4028) FULL ACID WASH","4/24/2025","Técnico",,,,"False",,,,,,"0","0","0"
"PENINSULA AT NORTHWOOD APARTMENTS","PENINSULA AT NORTHWOOD","3667","481","Converted","Chlorinator Tabs","Blue Life","CHLORINE TABS+FULL INSTALLATION","1/3/2025","Técnico",,,,"False",,,"17018","481.0","1/14/2025","0","0","0"
"PENINSULA AT NORTHWOOD APARTMENTS","PENINSULA AT NORTHWOOD","3666","481","Converted","Chlorinator Tabs","Blue Life","CHLORINATOR TABS FOR  THE OFFICE POOL+FULL INSTALLATION","1/3/2025","Técnico",,,,"False",,,"17017","481.0","1/14/2025","0","0","0"
"PENINSULA AT NORTHWOOD APARTMENTS","PENINSULA AT NORTHWOOD","3581","2,490","Converted","Pumps","Blue Life","NEW COMMERCIAL 3HP variable speed pump with timer. Energy efficiency. Pool 2, NEW PLUMBING FOR THE INSTALLATION, FULL INSTALLATION","10/9/2025","Operaciones","10/30/2025","Manager","10/31/2025","True","Brayan Alvares","10/31/2025","21250","2490","11/4/2025","21","1","4"
"PENINSULA AT NORTHWOOD APARTMENTS","PENINSULA AT NORTHWOOD","5301","211","Converted","Flotador","Blue Life","WATER LEVEL CONTROL VALVE VAKPAK SYSTEM., INSTALLATION","11/13/2025","Técnico","11/13/2025","Manager","11/24/2025","True","Brayan Alvares","11/24/2025","21334","211","11/28/2025","1","11","4"
"PENINSULA AT NORTHWOOD APARTMENTS","PENINSULA AT NORTHWOOD","5600","25","Converted","O-ring Pump","Blue Life","O-RING FOR THE PUMP","2/11/2026","Health Deparment","2/16/2026","Manager","2/18/2026","True","Nelson Suarez","2/18/2026","22474","25","2/18/2026","0","0","0"
"PIERHOUSE AT CHANNELSIDE","PIERHOUSE AT CHANNELSIDE","3770","199.75","Converted","Toro Valve","Blue Life","(#3770)WATER TORO VALVE","2/12/2025","Técnico",,,,"False",,,"17246","199.75","2/17/2025","0","0",
"PIERHOUSE AT CHANNELSIDE","PIERHOUSE AT CHANNELSIDE","3963","599","Converted","Valves,Pumps","Blue Life","(#3963) 1 WAY VALVE+ 1 POOL PUMP CLAMP + 1 MALE ADAPTER","4/9/2025","Técnico",,,,"False",,,"18039","599.0","4/17/2025","0","0",
"PIERHOUSE AT CHANNELSIDE","PIERHOUSE AT CHANNELSIDE","3964","619","Converted","Feeders","Blue Life","(#3964) 1NEW CHEMICAL STENNER PUMP","4/9/2025","Técnico",,,,"False",,,"17985","619.0","4/17/2025","0","0",
"PIERHOUSE AT CHANNELSIDE","PIERHOUSE AT CHANNELSIDE","5024","595","Converted","ORP Sensor","Blue Life","ORP Chlorine Sensor SPA, FULL INSTALLATION","9/17/2025","Técnico",,,"9/29/2025","False","Camilo Leon","9/29/2025","20878","595","10/6/2025","0",,"7"
"PIERHOUSE AT CHANNELSIDE","PIERHOUSE AT CHANNELSIDE","5288","865","Converted","Heaters","Brian/ Responsable Pools","Gas Spa heater service call, Termal Regulator, Pentair bypass disc, Pressure switch","11/12/2025","Operaciones","11/12/2025","Manager","12/18/2025","True","No Aplica","12/18/2025","21705","865","12/18/2025","1","36","1"
"PIERHOUSE AT CHANNELSIDE","PIERHOUSE AT CHANNELSIDE","4613","250","Converted","Special Cleaning","Blue Life","FOUNTAIN DRAIN AND CLEANING","11/17/2025","Técnico","11/17/2025","Quickbooks","11/20/2025","True","Camilo Leon","11/20/2025","21324","250","11/25/2025","1","3","5"
"PIERHOUSE AT CHANNELSIDE","PIERHOUSE AT CHANNELSIDE","3385","1,507.75","Converted","Filter","Blue Life","(8) NEW COMMERCIAL POOL FILTERS, REGULAR FILTER CC150 FOR SPA, FULL INSTALLATION","9/11/2024","Operaciones","10/3/2024","Manager","10/31/2024","True","No Aplica","10/31/2024","16418","1,507.75","11/9/2024","22","28","9"
"PIERHOUSE AT CHANNELSIDE","PIERHOUSE AT CHANNELSIDE","5329","450","Converted","Motors","Blue Life","FOUNTAIN SUBMERSIBLE PUMP, FULL INSTALLATION","11/24/2025","Operaciones","11/25/2025","Manager","12/10/2025","False","Camilo Leon",,"21677","650","12/10/2025","1","0",
"PIERHOUSE AT CHANNELSIDE","PIERHOUSE AT CHANNELSIDE","5354","1,200","Converted","Filter","Blue Life","PENTAIR FILTERS ELEMENT., REGULAR FILTERS CC150, FULL INSTALLATION","12/1/2025","Operaciones","12/2/2025","Manager","12/23/2025","True","Alfredo Jimenez","12/20/2025","21718","1625","12/24/2025","1","18","4"
"PIERHOUSE AT CHANNELSIDE","PIERHOUSE AT CHANNELSIDE","5494","559","Converted","Feeders","Blue Life","NEW CHEMICAL STENNER PUMP, CHLORINE FEEDER, CHLORINE FEEDER INSTALLATION","1/15/2026","Operaciones","1/16/2026","Manager","1/20/2026","False","Alfredo Jimenez","1/16/2026","22073","619","1/19/2026","1","1","3"
"PIERHOUSE AT CHANNELSIDE","PIERHOUSE AT CHANNELSIDE","5593","1,550","Converted","Pumps,Plumbing,Valves","Blue Life","1.5 HP VS COMMERCIAL POOL PUMP VARIABLE., NEW PLUMBING FOR THE INSTALLATION - VALVES, INSTALLATION","2/10/2026","Operaciones","2/12/2026","Manager","2/13/2026","True","Brayan Alvares","2/13/2026","22451","1940","2/13/2026","2","1","0"
"PIERHOUSE AT CHANNELSIDE","PIERHOUSE AT CHANNELSIDE","6001","850","Converted","Leak","Roger/BigBlue","Commercial full leak detection.","4/9/2026","Operaciones","4/14/2026","Manager","5/25/2026","False","No Aplica","5/20/2026","23816","850","5/25/2026",,,
"PIERHOUSE AT CHANNELSIDE","PIERHOUSE AT CHANNELSIDE","6048","300","Converted","Flotador","Blue Life","WATER LEVEL CONTROL VALVE VAKPAK SYSTEM WITH FLOAT ASSEMBLY, INSTALLATION","4/16/2026","Operaciones","5/14/2026","Manager","5/19/2026","True","Brayan Alvares","5/19/2026","23785","300","5/20/2026",,,
"PIERHOUSE AT CHANNELSIDE","PIERHOUSE AT CHANNELSIDE","6320","2,800","Accepted","Leak","Blue Life","Scum Gutter Structural Leak Repair:<br>This repair involves performing a more<br>pe","5/26/2026","Health Deparment","5/27/2026","Manager",,"False","No Aplica",,,,,,,
"PIERHOUSE AT CHANNELSIDE","PIERHOUSE AT CHANNELSIDE","6495","670","Converted","Sum Pump","Blue Life","SOURCE: SUMP PUMP JEBAO JGP WITH INSTALLATION","6/19/2026","Operaciones","6/22/2026","Quickbooks","7/9/2026","True","Brayan Alvares","7/9/2026","24674","670","7/10/2026",,,
"PIERHOUSE AT CHANNELSIDE","PIERHOUSE AT CHANNELSIDE","6618","265","Converted","Plumbing","Blue Life","PENTAIR PRESSURE UNION KIT, INSTALLATION","7/7/2026","Operaciones","7/7/2026","Manager","8/4/2026","True","Brayan Alvares","8/4/2026","25065","265","8/5/2026",,,
"PIERHOUSE AT CHANNELSIDE","PIERHOUSE AT CHANNELSIDE","6665","2,883.75","Converted","Pumps","Blue Life","POOL: NEW COMMERCIAL 3HP PUMP - 1 PHASE - VARIABLE SPEED PUMP. - INTELLIFLOW, INSTALLATION","7/15/2026","Operaciones","7/31/2026","Quickbooks - Gio","8/4/2026","True","Brayan Alvares","8/4/2026","25066","2,883.75","8/5/2026",,,
"PIERHOUSE AT CHANNELSIDE","PIERHOUSE AT CHANNELSIDE","6757",,"Accepted","Basket,Returns Cover","Blue Life","POOL AND SPA: NEW LED WHITE LIGHT., SKIMMER BASKET., New floor return., FULL INSTALLATION","8/25/2026","Operaciones","8/27/2026","Manager",,"False",,,,,,,,
"PIERHOUSE AT CHANNELSIDE","PIERHOUSE AT CHANNELSIDE","6868",,"Accepted","Lights","Blue Life","POOL AND SPA: NEW LED WHITE LIGHT., INSTALLATION","8/27/2026","Operaciones","8/27/2026","Manager",,"False",,,,,,,,
"PINCH A PENNY","PINCH A PENNY","5216","1,677","Pending","Filter","Blue Life","RECTANGULAR ANTHONY FILTER GRIDS, D.E POWDER., VAKPAK REPAIR KIT PLUNGER 6&quot;, WATER TORO VALVE., WATER LEVEL CONTROL VALVE VAKPAK SYSTEM., FULL INSTALLATION","10/28/2025","Operaciones",,,,"True",,,,,,"0","0","0"
"POINTE AT CARROLLWOOD","POINTE AT CARROLLWOOD","4761","356","Converted","Flow Meter","Blue Life","(#4761 ) FLOW METER 3INCH","7/30/2025","Técnico","7/31/2025","N/A",,"False","Camilo Leon","8/15/2025","20186","356.0","8/22/2025","1","15","7"
"POINTE AT CARROLLWOOD","POINTE AT CARROLLWOOD","3700","481","Converted","Chlorinator Tabs","Blue Life","CHLORINATOR TABS+FULL INSTALLATION","1/16/2025","Técnico",,,,"False",,,"17218","481.0","2/3/2025","0","0","0"
"POINTE AT CARROLLWOOD","POINTE AT CARROLLWOOD","3552","1,930.75","Converted","Filter","Blue Life","NEW COMMERCIAL POOL FILTERS SYSTEM 3 500SF SET, FULL INSTALLATION","11/9/2024","Operaciones","11/26/2024","Manager","1/23/2025","True","Camilo Leon","1/23/2025","17968","1,930.75","4/3/2025","17","58","70"
"PRESERVE AT MOBBY BAY","PRESERVE AT MOBBY BAY","4046","1,762","Converted","Filter","Blue Life","(#4046) 32COMMERCIAL POOL FILTER DISK +D.E. POWDER + 2 HOSE FEEDER + 2 LINE FEEDER + STAR UP","5/2/2025","Operaciones","5/2/2025","N/A",,"False","Brayan Alvares","5/9/2025","18326","1762.0","5/12/2025","1","7","3"
"PRESERVE AT MOBBY BAY","PRESERVE AT MOBBY BAY","6026","380","Converted","Service Maintenance Equipment","Blue Life","NEW HOSE FOR FEEDER +<br>LINE FEEDER +<br>PRESSURE GAUGE + <br>VACUUM GAUGE +<br>CL","4/13/2026","Operaciones","4/13/2026","Manager","4/27/2026","True","Camilo Leon","4/27/2026","23368","380","4/27/2026",,,
"PRESERVE AT MOBBY BAY","PRESERVE AT MOBBY BAY","6125","350","Converted","Plumbing","Blue Life","NEW PLUMBING FOR THE INSTALLATION.","4/27/2026","Operaciones","4/27/2026","Manager","5/1/2026","True","Brayan Alvares","5/1/2026","23706","350","5/1/2026",,,
"PRESERVE AT MOBBY BAY","PRESERVE AT MOBBY BAY","6392","619","Converted","Feeders","Blue Life","NEW CHEMICAL STENNER PUMP - CHLORINE FEEDER, INSTALLATION","6/4/2026","Operaciones","6/4/2026","Manager","6/11/2026","True","Nelson Belauzaran","6/11/2026","24218","619","6/12/2026",,,
"PRESERVE AT ZEPHYR RIDGE","PRESERVE AT ZEPHYR RIDGE","4756","1,048","Converted","Filter","Blue Life","(#4756) 8 NEW COMMERCIAL FILTER CCP240 PENTAIR","7/28/2025","Técnico","8/4/2025","N/A",,"False","Camilo Hidalgo","8/8/2025","20133","1048.0","8/13/2025","7","4","5"
"PRESERVE AT ZEPHYR RIDGE","PRESERVE AT ZEPHYR RIDGE","4268","449","Declined","Filter","Blue Life","(#4268)PENTAIR FILTER CLAMP","6/30/2025","Técnico",,,,"False",,,,,,"0","0","0"
"PRESERVE AT ZEPHYR RIDGE","PRESERVE AT ZEPHYR RIDGE","5333","800","Pending","Leak","Roger/BigBlue","Commercial full leak detection.","11/25/2025","Operaciones",,,,"False",,,,,,"0","0","0"
"PRESERVE AT ZEPHYR RIDGE","PRESERVE AT ZEPHYR RIDGE","5850","50","Converted","Skimmer Gutter","Blue Life","SKIMMER GUTTER.","3/20/2026","Operaciones","3/26/2026","Manager","4/3/2026","True","Angel Viña","4/3/2026","23253","50","4/3/2026",,,
"PRESERVE AT ZEPHYR RIDGE","PRESERVE AT ZEPHYR RIDGE","6362","1,048","Converted","Filter","Blue Life","NEW COMMERCIAL FILTER<br>CCP240 PENTAIR, INSTALLATION","5/29/2026","Operaciones","6/8/2026","Manager","6/11/2026","True"," Diego Avila","6/11/2026","24217","1,048","6/12/2026",,,
"PRESERVE AT ZEPHYR RIDGE","PRESERVE AT ZEPHYR RIDGE","6432","40","Accepted","Air Relief Valve","Blue Life","NEW AIR RELIEF.","6/11/2026","Operaciones","7/30/2026","Manager",,"False","Angel Viña",,,,,,,
"PRESERVE AT ZEPHYR RIDGE","PRESERVE AT ZEPHYR RIDGE","6721",,"Converted","Clamps","Blue Life","2 PENTAIR FILTER CLAMP., INSTALLATION","7/29/2026","Operaciones","8/3/2026","Manager","8/8/2026","True","Brayan Alvares","8/8/2026","25091","931","8/11/2026",,,
"PROSE LAKESIDE","PROSE LAKESIDE",,,"Pending","Filter","Blue Life",,,"Operaciones",,,,"True",,"11/29/2024",,,,"0",,"0"
"PROSPECT LAKE WIRE","PROSPECT LAKE WIRE","3740","784.8","Converted","Filter","Blue Life","(#3740) 4 PENTAIR FILTERS ELEMENT","2/3/2025","Técnico",,,,"False","Camilo Hidalgo","3/11/2025","17665","784.8","3/14/2025","0",,"3"
"PROSPECT LAKE WIRE","PROSPECT LAKE WIRE","4610","1,810","Converted","Filter","Blue Life","PENTAIR FILTERS ELEMENT, FULL INSTALLATION","11/14/2025","Operaciones","11/20/2025","Manager","12/18/2025","True","Yasiel Amador","12/18/2025","21706","1810","12/18/2025","6","28","1"
"PROSPECT LAKE WIRE","PROSPECT LAKE WIRE","5273","1,438","Converted","Service Maintenance Equipment","Blue Life","COMMERCIAL FLOW METER, NEW CHEMICAL STENNER PUMP, RULES SIGN, FULL INSTALLATION FLOW METER, FEEDER AND RULES, NEW HOSE FOR FEEDER +<br>LINE FEEDER +<br>PRESSURE GAUGE + <br>VACUUM GAUGE +<br>CL","11/7/2025","Operaciones","11/7/2025","Quickbooks","11/13/2025","False","Yasiel Amador","11/13/2025","21315","1.438","11/21/2025","1","6","8"
"PROSPECT LAKE WIRE","PROSPECT LAKE WIRE","5769","1,696","Converted","Motors","Blue Life","NEW COMMERCIAL 5HP MOTOR - 3 PHASES, IMPELLER, MOTOR SEAL, FULL INSTALLATION","3/11/2026","Operaciones","3/11/2026","Manager","3/12/2026","True","Brayan Alvares","3/12/2026","22862","1.696","3/13/2026",,,
"PROSPECT LAKE WIRE","PROSPECT LAKE WIRE","5911","779","Converted","Feeders,Thermometer","Blue Life","NEW CHEMICAL STENNER PUMP - PH FEEDER, NEW THERMOMETER., PH FEEDER AND THERMOMETER INSTALLATION","3/30/2026","Operaciones","5/15/2026","Manager","5/19/2026","True","Camilo Leon","5/19/2026","23784","779","5/20/2026",,,
"PROSPECT LAKE WIRE","PROSPECT LAKE WIRE","6144","200","Converted","Service Call","Brian/ Responsable Pools","Gas heater service call","4/30/2026","Operaciones","5/15/2026","Manager","5/21/2026","False","No Aplica","5/21/2026","23821","200","5/25/2026",,,
"PROSPECT LAKE WIRE","PROSPECT LAKE WIRE","6291","788","Accepted","Filter","Blue Life","PENTAIR FILTERS ELEMENT, FULL INSTALLATION","5/21/2026","Operaciones","5/22/2026","Manager",,"False","Brayan Alvares",,,,,,,
"PROSPECT LAKE WIRE","PROSPECT LAKE WIRE","6294","8,820","Pending","Heaters",,"Heat Pro 140K BTU Heat Pump<br>Labor &amp; Overhead <br>The Hayward HeatPro 140,000","5/21/2026",,,,,"False",,,,,,,,
"PROSPECT LAKE WIRE","PROSPECT LAKE WIRE","6295","7,690","Pending","Heaters",,"MadiMack Titan 140 Heat Pump and chiller<br>Labor &amp; Overhead<br>The Madimack 14","5/21/2026",,,,,"False",,,,,,,,
"PURITAN PLACE APARTMENTS","PURITAN PLACE APARTMENTS","4160","250","Converted","Safety Equipment","Blue Life","(#4160) POOL EQUIPMENT LABOR AND MATERIALS  THE OFFICE POOL ","5/29/2025","Técnico","5/30/2025","N/A",,"False","Camilo Hidalgo","5/30/2025","18680","250.0","3/6/2025","1","1","-85"
"PURITAN PLACE APARTMENTS","PURITAN PLACE APARTMENTS","4859","959","Converted","Motors","Blue Life","(#4859) NEW COMMERCIAL POOL MOTOR 2HP - VACUUM","8/28/2025","Técnico","8/30/2025","Manager",,"False","Brayan Alvares","9/12/2025","#20549","$959","9/15/2025","2","13","3"
"PURITAN PLACE APARTMENTS","PURITAN PLACE APARTMENTS","5009","466","Converted","Safety Equipment","Blue Life","NEW STAINLESS STEEL STEP SOUTH POOL, SAFETY THROW ROPE SOUTH POOL, SAFETY LINE ROPE SOUTH POOL, NEW ANCHORS, BLUE AND WHITE SAFETY FLOATS, STANDAR LABOR","9/15/2025","Técnico","9/15/2025","Manager","9/19/2025","False","Camilo Leon","9/19/2025","20864","466","10/3/2025","1","4","14"
"PURITAN PLACE APARTMENTS","PURITAN PLACE APARTMENTS","5010","846","Converted","Filter","Blue Life","POOL 1 COMMERCIAL POOL FILTER DISK., D.E POWDER., FULL INSTALLATION","9/15/2025","Técnico",,,,"False","Brayan Alvares","9/17/2025","#20510","$846","9/23/2025","0",,"6"
"PURITAN PLACE APARTMENTS","PURITAN PLACE APARTMENTS","5011","846","Converted","Filter","Blue Life","POOL 2 COMMERCIAL POOL FILTER DISK., D.E POWDER., FULL INSTALLATION","9/15/2025","Técnico",,,,"False","Brayan Alvares","9/17/2025","#20571","$846","9/23/2025","0",,"6"
"PURITAN PLACE APARTMENTS","PURITAN PLACE APARTMENTS","5077","120","Converted","Plumbing","Blue Life","OFFICE POOL RUBBER PLUMBING OF SUCTION + INSTALLATION","9/30/2025","Operaciones","10/1/2025","Manager","10/3/2025","True","Brayan Alvares","10/3/2025","20883","120","10/6/2025","1","2","3"
"PURITAN PLACE APARTMENTS","PURITAN PLACE APARTMENTS","5616","45","Converted","Skimmer Gutter,Gauges,Steps,Safety Equipment,Flow Meter","Blue Life","PRESSURE/VAC GAUGE. SOUTH POOL., SKIMMER GUTTER. OFFICE POOL., ESCUTCHEON PLATE STAINLESS STEEL. OFFICE POOL., SAFETY LINE ROPE. OFFICE POOL., NEW ANCHORS. OFFICE POOL., commercial 2inc flow meter. OFFICE POOL., FULL INSTALLATION","2/12/2026","Health Deparment","2/13/2026","Manager","2/16/2026","True","Camilo Leon","2/16/2026","22462","848","2/16/2026","1","0","0"
"PURITAN PLACE APARTMENTS","PURITAN PLACE APARTMENTS","5702","35","Converted","Basket","Blue Life","OFFICE POOL: RECTANGULAR SKIMER BASKET FOR VACUUM","2/27/2026","Operaciones","3/3/2026","Manager","3/12/2026","True","Angel Hernandez","3/12/2026","22859","35","3/13/2026",,,
"PURITAN PLACE APARTMENTS","PURITAN PLACE APARTMENTS","5729","200","Converted","Tiles","Blue Life","LABOR AND MATERIALS","3/5/2026","Operaciones","3/6/2026","Manager","3/18/2026","True","Brayan Alvares","3/18/2026","22889","200","3/19/2026",,,
"PURITAN PLACE APARTMENTS","PURITAN PLACE APARTMENTS","6002","47","Declined","Safety Equipment","Blue Life","BACK POOL: SAFETY THROW ROPE.","4/9/2026","Operaciones",,,"4/14/2026","False","Dany Lopez",,,,,,,
"PURITAN PLACE APARTMENTS","PURITAN PLACE APARTMENTS","6309","102","Pending","Rules Sing",,"Back pool: Rules Sing","5/25/2026",,,,,"False",,,,,,,,
"PURITAN PLACE APARTMENTS","PURITAN PLACE APARTMENTS","6517","35","Pending","Basket",,"OFFICE POOL:  BASKET PUMP BLUE","6/23/2026",,,,,"False",,,,,,,,
"PURITAN PLACE APARTMENTS","PURITAN PLACE APARTMENTS","6672","250","Pending","Ladder",,"REPAIR HANDRAIL.","7/16/2026",,,,,"False",,,,,,,,
"RAINTREE OAKS APARTMENT","RAINTREE OAKS APARTMENT","4794","2,000","Pending","Leak","Roger/BigBlue","Three-Gutter Repair Scope: Excavation and permanent repair on the two gutters where active leaks were found.","8/12/2025","Técnico",,,,"False",,,,,,"0","0","0"
"RAINTREE OAKS APARTMENT","RAINTREE OAKS APARTMENT","4793","4,500","Pending","Leak","Roger/BigBlue","Scum gutters service Estimate – Permanent Scum-Gutter Repairs Note: Although active leaks were found in three scum gutters, experience shows that other gutters often develop similar failures.","8/12/2025","Técnico",,,,"False",,,,,,"0","0","0"
"RAINTREE OAKS APARTMENT","RAINTREE OAKS APARTMENT","4763","800","Converted","Leak","Roger/BigBlue","Commercial Pool Leak Detection Summary
A commercial pool was thoroughly inspected for leaks.
Static pressure tests were performed on both the suction and return lines, and no issues were found.","7/31/2025","Técnico",,,,"False",,,"20132","800.0","8/7/2025","0","0","0"
"RAINTREE OAKS APARTMENT","RAINTREE OAKS APARTMENT",,,"Pending","Filter","Blue Life","FILTROS DE ARENA ",,"Operaciones",,,,"True",,"1/26/2022",,,,"0",,"0"
"RAINTREE OAKS APARTMENT","RAINTREE OAKS APARTMENT","5696","75","Converted","Line Chlorinator ","Blue Life","LINE CHLORINATOR INSTALLATION","2/26/2026","Operaciones","2/26/2026","Manager","3/16/2026","True","Camilo Hidalgo","3/16/2026","22886","75","3/18/2026",,,
"RAINTREE OAKS APARTMENT","RAINTREE OAKS APARTMENT","6281","100","Converted","Skimmer Gutter","Blue Life","SKIMMER GUTTER., INSTALLATION","5/21/2026","Operaciones","5/21/2026","Manager","5/26/2026","True","Adrian Suarez","5/26/2026","23837","100","5/26/2026",,,
"RAINTREE OAKS APARTMENT","RAINTREE OAKS APARTMENT","6521","866","Accepted","Motors","Blue Life","NEW COMMERCIAL POOL MOTOR 1HP - 1PHASE, IMPELLER, MOTOR SEAL, INSTALLATION","6/24/2026","Operaciones","6/24/2026","Manager","6/26/2026","True","Brayan Alvares",,,,,,,
"RAINTREE OAKS APARTMENT","RAINTREE OAKS APARTMENT","6628","2,181.25","Converted","Pumps","Blue Life","NEW COMMERCIAL 1.5HP PUMP INTELLIFLOW, INSTALLATION","7/9/2026","Operaciones","7/16/2026","Manager","8/1/2026","True","Brayan Alvares","8/1/2026","24983","2,181.25","8/3/2026",,,
"REAL HOOT","RENTHOOT LLC",,,"Pending","Filter","Blue Life",,,"Operaciones",,,,"True",,"6/10/2024",,,,"0",,"0"
"Reflections at Riverview","Reflections at Riverview ","6782",,"Repair Done","Start Up","Blue Life","POOL AND SPA: SPECIAL POOL CLEANING FOR START UP","8/12/2026","Comercial","8/25/2026","Manager","8/26/2026","True","Dany Lopez","8/26/2026",,,,,,
"REGATTA AT TRINITY","REGATTA AT TRINITY","4108","735","Converted","Filter","Blue Life","(#4108) 12 COMMERCIAL POOL FILTER DIKS+ D.O POWER","5/14/2025","Técnico","5/23/2025","N/A","5/22/2025","False","Camilo Hidalgo","5/26/2025","18395","735.0","5/27/2025","9","3","1"
"REGATTA AT TRINITY","REGATTA AT TRINITY","4012","3,794","Converted","Pumps,Feeders","Blue Life","(#4012) 1 3HP PUMP + 1 PH STENNER PUMP +NEW PLUMBING AND VALVES FOR THE INSTALLATION+  2 LADDER BUMPERS +3 SKIMMER GUTTE","4/18/2025","Técnico","4/29/2025","N/A",,"False",,,"18023","3794.0","4/27/2025","11","0",
"REGATTA AT TRINITY","REGATTA AT TRINITY","4243","1,000","Converted","Leak","Blue Life","(#4243)remove the floor temporarily and install the pool equipment","6/23/2025","Técnico","8/25/2025","Manager","10/1/2025","False","Brayan Alvares","10/1/2025","20894","1,000","10/8/2025","63","37","7"
"REGATTA AT TRINITY","REGATTA AT TRINITY","3729","4,200","Converted","Main Drain","Blue Life","(#3729) MAIN DRAIN BOX PERMANET REPAIR","1/29/2025","Técnico","2/10/2025","N/A",,"False",,,"17671","4200.0","3/19/2025","12","0","0"
"REGATTA AT TRINITY","REGATTA AT TRINITY","3684","750","Converted","Leak","Roger/BigBlue","LEAK DETECTION
A commercial pool was thoroughly
inspected for leaks.","1/14/2025","Técnico",,,,"False",,,"17649","750.0","3/6/2025","0","0","0"
"REGATTA AT TRINITY","REGATTA AT TRINITY","5976","236","Pending","Flotador,Skimmer Gutter",,"WATER LEVEL CONTROL VALVE VAKPAK SYSTEM., SKIMMER GUTTER., INSTALLATION","4/3/2026",,,,,"False",,,,,,,,
"REGATTA AT TRINITY","REGATTA AT TRINITY","6575","735","Pending","Filter",,"COMMERCIAL POOL FILTER DISC., D.E POWDER., INSTALLATION","7/1/2026",,,,,"False",,,,,,,,
"REGENCY SQUARE","REGENCY SQUARE","5548","740","Converted","Filter","Blue Life","COMMERCIAL POOL FILTER DISK, D.E POWDER, RAINBOW 320 OFF - LINE CHLORINATOR, FULL INSTALLATION","1/28/2026","Operaciones","1/29/2026","Manager","2/4/2026","True","Brayan Alvares","2/4/2026","22424","1.226","2/4/2026","1","6","1"
"REGENCY SQUARE","REGENCY SQUARE","5550","145","Converted","Safety Equipment","Blue Life","COMMERCIAL SAFETY LIFE RING COAST GUARD APPROVED., SAFETY THROW ROPE., SAFETY POLE 16&quot;., HOOK, SAFETY LINE ROPE, BLUE AND WHITE SAFETY FLOATS., RULES SIGN, DELIVERY","1/28/2026","Operaciones","1/29/2026","Manager","2/3/2026","True","Camilo Leon","2/3/2026","22425","751","2/4/2026","1","5","1"
"REGENCY SQUARE","REGENCY SQUARE","5562","2,100","Pending","Ladder","Blue Life","CROSSBRACE COMMERCIAL 3 - STEEP POOL LADDER, INSTALLATION","1/30/2026","Operaciones",,,,"False",,,,,,"0","0","0"
"REGENCY SQUARE","REGENCY SQUARE","5791","1,031","Converted","Plumbing,Skimmer Gutter,Flow Meter,Flotador","Blue Life","SKIMMER GUTTER., FULL INSTALLATION SKIMMET GUTTERS Includes frames and is secured with concrete.","3/17/2026","Health Deparment","3/17/2026","Manager","3/20/2026","True","Brayan Alvares","3/20/2026","22901","1.031","3/20/2026",,,
"REGENCY SQUARE","REGENCY SQUARE","6135","250","Converted","Plumbing","Blue Life","Redo the suction plumbing that is <br>clogged so that it can be easily <br>cleaned<","4/28/2026","Operaciones","4/29/2026",,"4/30/2026","True","Brayan Alvares","4/30/2026","23395","250","4/30/2026",,,
"REGENCY SQUARE","REGENCY SQUARE","6136","1,079","Converted","Feeders,Electrical","Blue Life","NEW CHEMICAL STENNER PUMP - PH FEEDER, INSTALL A NEW SWITCH, A NEW WIRE, AND A NEW GFCI TO CONNECT THE FEEDER., FEEDER AND ELECTRICAL INSTALLATION","4/28/2026","Operaciones","4/29/2026",,"4/30/2026","True","Brayan Alvares","4/30/2026","23396","1,079","4/30/2026",,,
"REGENCY SQUARE","REGENCY SQUARE","6159","540","Converted","Main Drain","Blue Life","Commercial Main Drain cover VGB., FULL INSTALLATION","5/4/2026","Operaciones","5/5/2026","Manager","5/7/2026","True","Brayan Alvares","5/7/2026","23734","540","5/7/2026",,,
"RENAISSANCE TAMPA INT PLAZA","RENAISSANCE TAMPA INT PLAZA","5802","29,000","Pending","Resurface",,"Refinish pool surface Marquis bluestone<br>Pool<br>grind around lights and all fitt, Refinish SPAl surface Marquis bluestone<br>SPA<br>grind around light and all fittin","5/5/2026",,,,,"False",,,,,,,,
"RENAISSANCE TAMPA INT PLAZA","RENAISSANCE TAMPA INT PLAZA","5803","23,140","Converted","Resurface",,"2-Rail Aluminum 4'H - Dark Gray<br>- 48' total<br>- Powder Coated in Dark Gray<br>-, 2-Rail Aluminum 6'H - Dark Gray<br>- 12' total<br>- Powder Coated in Dark Gray<br>-, Aluminum 6'H - Black<br>3 Rail - Residential<br>- 28' total<br>- Three gates in tot","5/5/2026",,,,"6/15/2026","False",,"6/15/2026","23717-24239","23140","6/16/2026",,,
"RENAISSANCE TAMPA INT PLAZA","RENAISSANCE TAMPA INT PLAZA","6739",,"Converted","Pumps","Blue Life","NEW COMMERCIAL 3HP PUMP - INTELLIFLO, INSTALLATION","8/3/2026","Operaciones","8/3/2026","Manager","8/12/2026","True","Brayan Alvares","8/12/2026","25106","3,078.50","8/13/2026",,,
"RENAISSANCE TAMPA INT PLAZA","RENAISSANCE TAMPA INT PLAZA","6724","180","Pending","Service Call",,"Gas heater service call","8/6/2026","Comercial",,,,"False",,,,,,,,
"RENEE SANCHEZ","RENEE SANCHEZ",,,"Pending","Filter","Blue Life",,,"Operaciones",,,,"True",,"2/21/2019",,,,"0",,"0"
"RENEE SANCHEZ","RENEE SANCHEZ","5950","140","Pending","Filter",,"REGULAR FILTERS PENTAIR CC100.","4/1/2026",,,,,"False",,,,,,,,
"RENTHOOT LLC","RENTHOOT LLC","6677","240","Pending","Filter",,"COMMERCIAL POOL FILTERS CC200, INSTALLATION","7/17/2026",,,,,"False",,,,,,,,
"RESERVE AT LAKE POINTE APARTMENTS","RESERVE AT LAKE POINTE APARTMENTS","4193","287","Converted","Feeders","Blue Life","(#4193 )PENTAIR TABLET FEEDER REPAIR PART AND LABOR +SAFETY LINE ROPE OF THE BACK POOL +NEW ANCHORS OF HE BACK POOL","6/11/2025","Técnico","6/11/2025","N/A",,"False","Camilo Hidalgo","6/26/2025","18763","287.0","6/27/2025","1","15","1"
"RESERVE AT LAKE POINTE APARTMENTS","RESERVE AT LAKE POINTE APARTMENTS","4129","590","Converted","Main Drain","Blue Life","(#4129) MAIN DRAIN COVER","5/20/2025","Health Department","5/22/2025","N/A",,"False","Anier Reina","5/24/2025","18397","590.0","5/27/2025","2","2","3"
"RESERVE AT LAKE POINTE APARTMENTS","RESERVE AT LAKE POINTE APARTMENTS","3981","739","Converted","Safety Equipment","Blue Life","(#3981) 1 SAFETY LINE ROPE THE OFFICE POOL + 1 NEW ANCHORS THE OFFICE POOL +2 NEW CHEMICAL STENNER PUMP THE OFFICE POOL","4/14/2025","Operaciones","5/22/2025","N/A",,"False","Camilo Hidalgo","5/22/2025","18396","739.0","5/27/2025","38","1","5"
"RESERVE AT LAKE POINTE APARTMENTS","RESERVE AT LAKE POINTE APARTMENTS","4220","800","Converted","Leak","Roger/BigBlue","Back Pool – Leak Detection Report

The commercial pool was fully inspected for leaks. At the time of testing, the water level  was low and the autofill system was turned  off.
","6/17/2025","Técnico",,,,"False",,,"20125","800.0","8/7/2025","0","0","0"
"RESERVE AT LAKE POINTE APARTMENTS","RESERVE AT LAKE POINTE APARTMENTS","4217","800","Converted","Leak","Roger/BigBlue","The pool was completely checked for leaks.

 The main drain and return lines were static  tested and successfully held pressure with  no issues detected.
 The leak was isolated to the scum gutters.","6/17/2025","Técnico",,,,"False",,,"20124","800.0","8/7/2025","0","0","0"
"RESERVE AT LAKE POINTE APARTMENTS","RESERVE AT LAKE POINTE APARTMENTS","4034","1,031","Converted","Filter","Blue Life","(#4034) 32 POOL FILTERS DISK + D.E. POWER","4/25/2025","Operaciones",,,,"False","Brayan Alvares","4/30/2025","18184","1031.0","4/30/2025","0",,"0"
"RESERVE AT LAKE POINTE APARTMENTS","RESERVE AT LAKE POINTE APARTMENTS","4254","372","Converted","Steps","Blue Life","NEW STAINLESS STEEL STEP, FULL INSTALLATION FOR THE 2 STAINLESS STEEL STEP","9/18/2025","Técnico",,"Manager","10/2/2025","True","Camilo Leon","10/2/2025","20890","372","10/7/2025","0",,"5"
"RESERVE AT LAKE POINTE APARTMENTS","RESERVE AT LAKE POINTE APARTMENTS","5181","3,100","Converted","Leak","Roger/BigBlue","Work Scope for back pool – Pool Light Conduit Repair<br>Issue Identified:<br>The po","11/13/2025","Operaciones","3/10/2026","Manager",,"True","No Aplica","3/27/2026","23771","3100","5/22/2026","0","0","0"
"RESERVE AT LAKE POINTE APARTMENTS","RESERVE AT LAKE POINTE APARTMENTS","5182","2,800","Converted","Leak","Roger/BigBlue","Estimate Front Pool – Permanent Scum-Gutter Repairs<br>Note: Although active leaks ","11/13/2025","Operaciones","3/10/2026","Manager",,"True",,"3/19/2026","22924","2800","3/31/2026","0","0","0"
"RESERVE AT LAKE POINTE APARTMENTS","RESERVE AT LAKE POINTE APARTMENTS","5298","180","Converted","Autofill,Plumbing","Blue Life","AUTOFILL SYSTEM PLUMBING, MATERIAL AND LABOR","11/14/2025","Operaciones","11/14/2025","Manager ","11/10/2025","True","Camilo Leon","11/10/2025","21306","180","11/20/2025","1","-4","10"
"RESERVE AT LAKE POINTE APARTMENTS","RESERVE AT LAKE POINTE APARTMENTS","5820","1,238","Converted","Feeders","Blue Life","BACK POOL: NEW CHEMICAL STENNER PUMP - PH AND CHLORINE FEEDER, PH AND CHLORINE FEEDER INSTALLATION","3/17/2026","Operaciones","3/24/2026","Manager","3/26/2026","True","Camilo Leon","3/26/2026","22914","1238","3/26/2026",,,
"RESERVE AT LAKE POINTE APARTMENTS","RESERVE AT LAKE POINTE APARTMENTS","6100","920","Converted","Filter","Blue Life","OFFICE POOL: COMMERCIAL POOL FILTER DISK, D.E POWDER., INSTALLATION","4/23/2026","Operaciones","4/28/2026","Manager","5/4/2026","True","Brayan Alvares","5/4/2026","23715","920","5/4/2026",,,
"RESERVE AT LAKE POINTE APARTMENTS","RESERVE AT LAKE POINTE APARTMENTS","6254","130","Declined","Safety Line Rope,Safety Equipment","Blue Life","SAFETY LINE ROPE., SAFETY HOOK","5/18/2026",,,,,,,,,,,,,
"RESERVE AT LAKE POINTE APARTMENTS","RESERVE AT LAKE POINTE APARTMENTS","6306","2,500","Pending","Service Call",,"Repair the coping throughout the entire section.","5/22/2026",,,,,"False",,,,,,,,
"RESERVE AT LAKE POINTE APARTMENTS","RESERVE AT LAKE POINTE APARTMENTS","6489","211","Converted","Valves","Blue Life","BACK POOL: WATER LEVEL CONTROL VALVE VAKPAK SYSTEM., INSTALLATION","6/19/2026","Operaciones","6/22/2026","Manager","6/29/2026","True","Brayan Alvares","6/29/2026","24303","211","6/30/2026",,,
"RESERVE AT LAKE POINTE APARTMENTS","RESERVE AT LAKE POINTE APARTMENTS","6652","7,000","Pending","Leak",,"Estimate Front Pool – Permanent Scum-Gutter:<br>This estimate covers all scum gutte","7/13/2026",,,,,"False",,,,,,,,
"Residences At LakePark","Residences At LakePark","5511","33,500","Pending","Resurface","Blue Life","B-Bluestone Pool<br>Plaster pool using Premix Marbletite --<br>Bluestone<br>Commerc, if the customer need a new tile all around the pool 6x6 will be a $8500 extra for l","1/20/2026","Comercial",,,,"False",,,,,,"0","0","0"
"RESIDENCES THE GREEN","RESIDENCES THE GREEN","5221","43,500","Converted","Resurface","Blue Life","B-Bluestone Pool<br>Plaster pool using Premix Marbletite --<br>Bluestone<br>Commerc","10/29/2025","Comercial","12/11/2025","Manager","2/2/2026","True","No Aplica","2/2/2026","21278/22081","24,750.00","3/5/2026","43","53","0"
"RETREAT AT TAMPA","RETREAT AT TAMPA","5094","72","Converted","Skimmer Gutter","Blue Life","SKIMMER GUTTER., INSTALLATION","10/2/2025","Operaciones","10/2/2025","Quickbooks","10/15/2025","True","Yasiel Amador","10/15/2025","20921","72",,"1","13",
"RETREAT AT TAMPA","RETREAT AT TAMPA","5507","1,924","Converted","Filter","Blue Life","FILTER DISC., FULL INSTALLATION, D.E POWDER.","1/19/2026","Operaciones","1/27/2026","Manager","1/28/2026","True","Brayan Alvares","1/28/2026","22108","2.215","1/29/2026","8","1","1"
"RETREAT AT TAMPA","RETREAT AT TAMPA","5628","75","Converted","Plumbing","Blue Life","THREE WAY VALVE, NEW PLUMBING FOR THE INSTALLATION., FULL INSTALLATION","2/12/2026","Operaciones","2/12/2026","Manager","2/13/2026","True","Brayan Alvares","2/13/2026","22455","315","2/13/2026","1","1","0"
"RETREAT AT TAMPA","RETREAT AT TAMPA","5776","1,238","Converted","Feeders","Blue Life","NEW CHEMICAL STENNER PUMP - PH AND CHLORINE FEEDER, PH AND CHLORINE FEEDER INSTALLATION","3/11/2026","Operaciones","4/22/2026","Manager","4/23/2026","True"," Diego Avila","4/23/2026","23352","1,238","4/24/2026",,,
"RETREAT AT TAMPA","RETREAT AT TAMPA","5650","1,033","Pending","Tiles,Safety Equipment",,"Repair damaged tiles in the pool., SAFETY POLE 16&quot;., SKIMMER GUTTER.","3/31/2026",,,,,"False",,,,,,,,
"RETREAT AT TAMPA","RETREAT AT TAMPA","6129","377","Converted","Flow Meter","Blue Life","COMMERCIAL FLOW METER - 6 INCHES, INSTALLATION","4/28/2026","Operaciones","4/28/2026","Manager","4/30/2026","True","Brayan Alvares","4/30/2026","23393","377","4/30/2026",,,
"RETREAT AT TAMPA","RETREAT AT TAMPA","6211","200","Converted","Tiles","Blue Life","TILE REPLACEMENT - PART AND LABOR","5/11/2026","Operaciones","5/13/2026","Manager","5/14/2026","True","Brayan Alvares","5/14/2026","23763","200","5/15/2026",,,
"REVEL CLEARWATER","REVEL CLEARWATER","6244","619","Pending","Feeders",,"NEW CHEMICAL STENNER PUMP - PH FEEDER, INSTALLATION PH FEEDER","5/14/2026",,,,,"False",,,,,,,,
"REVEL CLEARWATER","REVEL CLEARWATER","6303","70","Pending","Safety Line Rope",,"SAFETY LINE ROPE, INSTALLATION","5/22/2026",,,,,"False",,,,,,,,
"REVEL CLEARWATER","REVEL CLEARWATER","6713",,"Pending","Filter",,"COMMERCIAL POOL FILTERS PLM300, INSTALLATION","7/27/2026",,,,,"False",,,,,,,,
"REVEL CLEARWATER","REVEL CLEARWATER","6713",,"Pending","[]",,"COMMERCIAL POOL FILTERS PLM300, INSTALLATION","8/8/2026",,,,,"False",,,,,,,,
"REVELLO APARTMENTS","REVELLO APARTMENTS","5159","1,300","Pending","Lights","Blue Life","NEW HAYWARD WHITE LIGTH 100FT, INSTALLATION","10/17/2025","Operaciones",,,,"True",,,,,,"0","0","0"
"REVELLO APARTMENTS","REVELLO APARTMENTS",,,"Pending","Filter","Blue Life",,,"Operaciones",,,,"True",,"11/28/2025",,,,"0",,"0"
"REVELLO APARTMENTS","REVELLO APARTMENTS","5738","1,179","Converted","Filter","Blue Life","FILTER DISC., D.E POWDER., WHISPERFLO CLEAR STRAINER 
COVER INSTALLATION","3/6/2026","Operaciones","4/17/2026","Manager","4/20/2026","True","Brayan Alvares","4/20/2026","23326","1,179","4/20/2026",,,
"REVELLO APARTMENTS","REVELLO APARTMENTS","5811","377","Converted","Flow Meter","Blue Life","COMMERCIAL FLOW METER 4 INCH, INSTALLATION","3/16/2026","Operaciones","3/23/2026","Manager","4/4/2026","True","Camilo Hidalgo","4/4/2026","23266","377","4/6/2026",,,
"REVELLO APARTMENTS","REVELLO APARTMENTS","6325","2,957.5","Pending","Lights",,"NEW LED WHITE LIGHT., INSTALLATION","5/26/2026",,,,,"False",,,,,,,,
"REVELLO APARTMENTS","REVELLO APARTMENTS","6624","260","Converted","Feeders","Blue Life","2 INTERNAL FEEDER TUBE AND PRESSURE EXTERNAL LINES FOR PH AND CHLORINE, FULL INSTALLATION","7/8/2026","Operaciones","7/9/2026","Manager","7/10/2026","True","Camilo Hidalgo","7/10/2026","24683","260","7/10/2026",,,
"REVELLO APARTMENTS","REVELLO APARTMENTS","6701","153","Accepted","Lights","Blue Life","POOL: LIGHT WEDGE., INSTALLATION","7/23/2026","Operaciones","7/23/2026","Manager","7/31/2026","True","Brayan Alvares",,,,,,,
"REVERE LANDINGS","REVERE LANDINGS","3998","278","Converted","Thermometer,Chlorinator Tabs","Blue Life","(#3998) 1NEW THERMOMETER + 1 HOSE FOR THE CHLORINATOR TABS","4/15/2025","Técnico",,,,"False",,,"18024","278.0","4/29/2025","0","0",
"REVERE LANDINGS","REVERE LANDINGS","4226","619","Converted","Feeders","Blue Life","NEW CHEMICAL STENNER PUMP OF THE CLHORINE  FOR THE BACK POOL+FULL INSTALLATION","6/18/2025","Técnico","1/30/2026","Manager","2/5/2026","True","Yasiel Amador","2/5/2026","22431","619","2/6/2026","226","6","1"
"REVERE LANDINGS","REVERE LANDINGS","4981","109","Pending","Feeders","Blue Life","NEW HOSE FOR FEEDERS., INSTALLATION","11/14/2025","Operaciones",,,,"True",,,,,,"0","0","0"
"REVERE LANDINGS","REVERE LANDINGS","5189","990","Converted","Filter","Blue Life","(22) BACK POOL COMMERCIAL POOL FILTER DISK., D.E POWDER., FULL INSTALLATION","11/14/2025","Operaciones","1/30/2026","Manager","2/4/2026","True","Brayan Alvares","2/4/2026","22428","990","2/4/2026","77","5","1"
"REVERE LANDINGS","REVERE LANDINGS","5190","854","Converted","Filter","Blue Life","(18) OFICCE POOL- NEW COMMERCIAL FILTER DISK FOR FRONT POOL, D.E POWDER, FULL INSTALLATION","11/14/2025","Operaciones","1/30/2026","Manager","2/4/2026","True","Brayan Alvares","2/4/2026","22427","854","2/4/2026","77","5","1"
"REVERE LANDINGS","REVERE LANDINGS","5461","559","Converted","Feeders","Blue Life","FRONT POOL: NEW CHEMICAL STENNER PUMP, CHLORINE FEEDER, CHLORINE FEEDER INSTALLATION","1/7/2026","Operaciones","1/12/2026","Manager","1/15/2026","True","Yasiel Amador","1/15/2026","22066","619","1/16/2026","5",,
"REVERE LANDINGS","REVERE LANDINGS","5460","380","Converted","Service Maintenance Equipment","Blue Life","BACK POOL: NEW HOSE FOR FEEDER +<br>LINE FEEDER +<br>PRESSURE GAUGE + <br>VACUUM GA","1/7/2026","Operaciones","1/12/2026","Manager","1/15/2026","True","Yasiel Amador","1/15/2026","22067","380","1/16/2026","5",,
"REVERE LANDINGS","REVERE LANDINGS","5700","192","Converted","Safety Equipment","Blue Life","COMMERCIAL SAFETY LIFE RING COAST GUARD APPROVED., SAFETY THROW ROPE.","2/27/2026","Health Deparment","3/3/2026","Manager","3/5/2026","True","No Aplica","3/5/2026","22840","192","3/6/2026",,,
"REVERE LANDINGS","REVERE LANDINGS","5922","211","Converted","Flotador","Blue Life","OFFICE POOL: WATER LEVEL CONTROL VALVE VAKPAK SYSTEM., INSTALLATION","3/30/2026","Operaciones","4/2/2026","Manager","4/28/2026","True","Dany Lopez","4/28/2026","23378","211","4/29/2026",,,
"REVERE LANDINGS","REVERE LANDINGS","5921","380","Converted","Service Maintenance Equipment","Blue Life","OFFICE POOL: NEW HOSE FOR FEEDER +<br>LINE FEEDER +<br>PRESSURE GAUGE + <br>VACUUM ","3/30/2026","Operaciones","4/2/2026","Manager","4/28/2026","True","Dany Lopez","4/28/2026","23377","380","4/29/2026",,,
"REVERE LANDINGS","REVERE LANDINGS","5923","238","Converted","Flotador,Gauges","Blue Life","BACK POOL: WATER LEVEL CONTROL VALVE VAKPAK SYSTEM., POOL PRESSURE GAUGE., INSTALLATION","3/30/2026","Operaciones","4/2/2026","Manager","4/27/2026","True","Dany Lopez","4/27/2026","23364","238","4/27/2026",,,
"REVERE LANDINGS","REVERE LANDINGS","6167","428","Converted","ESCUTCHEON PLATE","Blue Life","NEW STAINLESS STEEL STEP OFFICE POOL., ESCUTCHEON PLATE STAINLESS STEEL BACK POOL, FULL INSTALLATION","5/5/2026","Operaciones","5/12/2026","Manager","5/19/2026","True","Brayan Alvares","5/19/2026","23786","428","5/20/2026",,,
"REVERE LANDINGS","REVERE LANDINGS","6305","754","Converted","Flow Meter","Blue Life","COMMERCIAL FLOW METER 3 INCH - ROLACHEM, INSTALLATION","5/22/2026","Operaciones","5/22/2026","Manager","5/30/2026","True","Camilo Leon","5/30/2026","24167","754","6/1/2026",,,
"REVERE LANDINGS","REVERE LANDINGS","6488","2,883.75","Converted","Pumps","Blue Life","NEW COMMERCIAL 3HP PUMP - 1 <br>PHASE INTELLIFLO, INSTALLATION","6/18/2026","Operaciones","6/18/2026","Manager","6/20/2026","True","Brayan Alvares","6/20/2026","24269","2,883.75","6/22/2026",,,
"REVERE LANDINGS","REVERE LANDINGS","6487","1,577.64","Pending","Motors",,"NEW 3HP - 1PHASE POOL MOTOR., IMPELLER, MOTOR SEAL, PUMP CLAMP, INSTALLATION","6/18/2026",,,,,"False",,,,,,,,
"RHUDA STERN","RHUDA STERN",,,"Pending","Filter","Blue Life",,,"Operaciones",,,,"True",,"2/19/2019",,,,"0",,"0"
"Ridge Manor","Ridge Manor","5154","36,500","Pending","Resurface","Blue Life","B-Bluestone Pool Plaster pool using Premix Marbletite -- Bluestone","10/16/2025","Comercial",,,,"False",,,,,,"0","0","0"
"Ridge Manor","Ridge Manor","5443","370","Pending","Motors","Blue Life","VACUUM MOTOR 1 HP, IMPELLER, MOTOR SEAL, FULL INSTALLATION","1/6/2026","Operaciones",,,,"False",,,,,,"0","0","0"
"Ridge Manor","Ridge Manor","5596","890","Converted","Pumps,Vacuum Plug,Plumbing,Service Maintenance Equipment","Blue Life","NEW 1HP PENTAIR PUMP., VACCUM PLUG., NEW PLUMBING FOR THE INSTALLATION., NEW HOSE FOR FEEDER +<br>LINE FEEDER +<br>PRESSURE GAUGE + <br>VACUUM GAUGE +<br>CL, THE LABOR INCLUDES REMOVE THE OLD PUMP, RECREATE THE PLUMBING, INSTALL CONCRETE BLO","2/10/2026","Operaciones","2/12/2026","Manager","2/14/2026","True","Brayan Alvares","2/14/2026","22458","2297.30","2/16/2026","2","0","0"
"Ridge Manor","Ridge Manor","5895","400","Pending","Electrical",,"Install a new electrical connection line and GFCI outlet.","3/27/2026",,,,,"False",,,,,,,,
"Ridge Manor","Ridge Manor","5965","1,238","Pending","Feeders",,"NEW CHEMICAL STENNER PUMP - PH AND CHLORINE FEEDER, PH AND CHLORINE FEEDER INSTALLATION","4/2/2026",,,,,"False",,,,,,,,
"Ridge Manor","Ridge Manor","6583","1,031","Pending","Filter",,"COMMERCIAL POOL FILTER DISC., D.E POWDER., INSTALLATION","7/1/2026",,,,,"False",,,,,,,,
"RIDGELAKE APARTMENT","RIDGELAKE APARTMENT","4010","1,182","Converted","Lights","Blue Life","(#4010) 1 NEW LED WHITE LIGHT it","4/18/2025","Técnico","4/18/2025","N/A",,"False",,,"18358","1182.0","5/20/2025","1","0",
"RIDGELAKE APARTMENT","RIDGELAKE APARTMENT","4009","1,792","Converted","Filter","Blue Life","(#4009) 2 SPINDLE VACCUM THE 36"" INCHES -12 HOLE+filter spacer +pvc unions + 24 RECTANGULAR ANTHONY FILTER GRIDS","4/18/2025","Operaciones","4/18/2025","N/A",,"False","Camilo Hidalgo","5/19/2025","18371","1792.0","5/21/2025","1","31","2"
"RIDGELAKE APARTMENT","RIDGELAKE APARTMENT","4011","1,182","Converted","Lights","Blue Life","(#4011) 1 NEW LED WHITE LIGH","4/18/2025","Operaciones","4/18/2025","N/A",,"False","Camilo Hidalgo","5/19/2025","18684","1182.0","6/3/2025","1","31","15"
"RIDGELAKE APARTMENT","RIDGELAKE APARTMENT","3894","700","Converted","Special Cleaning","Blue Life","(#3894) RETURN DEEP CLEANING WITH METAL OUT AND RUST REMOVAL","3/28/2025","Técnico",,,,"False",,,"17978","700.0","4/14/2025","0","0","0"
"RIDGELAKE APARTMENT","RIDGELAKE APARTMENT","5029","640","Converted","Sum Pump","Blue Life","SUMP PUMP, CHECK VALVE, FULL INSTALLATION","9/18/2025","Técnico","10/3/2025","Quickbooks","10/6/2025","True","Camilo Hidalgo","10/6/2025","20895","640","10/8/2025","15","3","2"
"RIDGELAKE APARTMENT","RIDGELAKE APARTMENT","5033","1,182","Converted","Lights","Blue Life","NEW LED WHITE LIGHT, FULL INSTALLATION","9/19/2025","Técnico","10/3/2025","Quickbooks","10/8/2025","True","Camilo Hidalgo","10/8/2025","20902","1182","10/9/2025","14","5","1"
"RIDGELAKE APARTMENT","RIDGELAKE APARTMENT","5621","380","Converted","Service Maintenance Equipment","Blue Life","NEW HOSE FOR FEEDER +<br>LINE FEEDER +<br>PRESSURE GAUGE + <br>VACUUM GAUGE +<br>CL","2/12/2026","Operaciones","2/12/2026","Manager","2/21/2026","True","Brayan Alvares","2/21/2026","22487","380","2/23/2026","0","0","0"
"RIDGELAKE APARTMENT","RIDGELAKE APARTMENT","5667","1,300","Converted","Lights","Blue Life","NEW LED WHITE LIGHT, INSTALLATION","2/19/2026","Operaciones","3/6/2026","Quickbooks","3/14/2026","True","Brayan Alvares","3/14/2026","22872","1300","3/17/2026",,,
"RIDGELAKE APARTMENT","RIDGELAKE APARTMENT","5739","1,047","Converted","Filter","Blue Life","18 RECTANGULAR ANTHONY FILTER GRIDS., D.E POWDER., INSTALLATION","3/11/2026","Operaciones","3/13/2026","Manager","3/25/2026","True","Brayan Alvares","3/25/2026","22912","1047","3/26/2026",,,
"RIDGELAKE APARTMENT","RIDGELAKE APARTMENT","5797","937","Converted","Main Drain,Thermometer,Flow Meter","Blue Life","Commercial Main Drain cover VGB., NEW THERMOMETER., COMMERCIAL FLOW METER 4 INCH, INSTALLATION","3/13/2026","Operaciones","3/13/2026","Manager","4/2/2026","True","Brayan Alvares","5/9/2026","23753","937","5/12/2026",,,
"RIDGELAKE APARTMENT","RIDGELAKE APARTMENT","5999","1,800","Converted","Acid Wash","Blue Life","ACID WASH","4/9/2026","Operaciones","4/9/2026","Manager","4/11/2026","True","Camilo Hidalgo","4/10/2026","23298","1.800","4/13/2026",,,
"RIDGELAKE APARTMENT","RIDGELAKE APARTMENT","6027","38,500","Pending","Resurface",,"Refinish pool surface Marquis <br>bluestone<br>Pool<br>grind around lights and all ","4/13/2026",,,,,"False",,,,,,,,
"RIDGELAKE APARTMENT","RIDGELAKE APARTMENT","6028","57,056.63","Pending","Resurface",,"Refinish pool surface Marquis <br>bluestone<br>Pool<br>grind around lights and all , 2X2 Commercial non Slippery tile.<br>Price may change depend the color, All new markers tile for the entire pool","4/13/2026",,,,,"False",,,,,,,,
"RIVER PLACE APARTMENTS","RIVER PLACE APARTMENTS","5179","773","Converted","Filter","Blue Life","COMMERCIAL POOL FILTER DISK., D.E POWDER., FULL INSTALLATION","10/22/2025","Operaciones","10/23/2025","Manager","10/27/2025","True","Yasiel Amador","10/27/2025","21234","773","11/3/2025","1","4","7"
"RIVER PLACE APARTMENTS","RIVER PLACE APARTMENTS","5226","679","Converted","Plumbing,Feeders","Blue Life","NEW PLUMBING FOR THE INSTALLATION, NEW CHEMICAL PH STENNER PUMP, FULL INSTALLATION FEEDER","10/30/2025","Operaciones","10/31/2025","Manager","11/3/2025","True","Brayan Alvares","11/3/2025","21257","679","11/5/2025","1","3","2"
"RIVER PLACE APARTMENTS","RIVER PLACE APARTMENTS","5197","800","Converted","Leak","Roger/BigBlue","Commercial full leak detection.","11/14/2025","Operaciones","10/23/2025","Manager",,"True",,,"21328","800","11/25/2025","-22",,
"RIVER PLACE APARTMENTS","RIVER PLACE APARTMENTS","5355","1,200","Pending","Leak","Roger/BigBlue","Estimate – Permanent Scum-Gutter Repairs<br><br>Excavation:<br>Chisel out concrete ","12/1/2025","Operaciones",,,,"False",,,,,,"0","0","0"
"RIVER PLACE APARTMENTS","RIVER PLACE APARTMENTS","5431","559","Converted","Feeders","Blue Life","NEW CHEMICAL STENNER PUMP, PH FEEDER., INSTALLATION","1/6/2026","Operaciones","3/12/2026","Manager","3/18/2026","True","Camilo Hidalgo","3/18/2026","22888","619","3/19/2026","0","0","0"
"RIVER PLACE APARTMENTS","RIVER PLACE APARTMENTS","6366","211","Converted","Flotador","Blue Life","WATER LEVEL CONTROL VALVE VAKPAK SYSTEM., INSTALLATION","6/1/2026","Operaciones","6/1/2026","Manager","6/12/2026","True","Camilo Hidalgo","6/12/2026","24227","211","6/12/2026",,,
"RIVER PLACE APARTMENTS",,,,"Converted","[]",,"PRESSURE GAUGE.",,,,,"7/27/2026","False",,"7/27/2026","24663","27","7/27/2026",,,
"RIVER POINT","RIVER POINT","3941","700","Converted","Filter","Blue Life","(#3941) 1 HAYWARK POOL FILTERS GRIDS DE6020 +D.E. POWER","4/6/2025","Operaciones","4/11/2025","N/A",,"False","Yasiel Amador","5/20/2025","18383","700.0","5/23/2025","5","39","3"
"RIVER POINT","RIVER POINT","4019","226","Converted","Tiles","Blue Life","(#4019) EXTENDED SPLIT TILE","4/21/2025","Técnico","4/24/2025","N/A",,"False","Yasiel Amador","5/20/2025","18386","226.0","5/24/2025","3","26","4"
"RIVER POINT","RIVER POINT","4878","936","Converted","Motors","Blue Life","(#4878)NEW COMMERCIAL POOL MOTOR 2HP. + IMPELLER + SEAL","7/11/2025","Técnico",,,,"False",,,"20151","936.0","7/13/2025","0","0","0"
"RIVER POINT","RIVER POINT","4228","800","Converted","Leak","Roger/BigBlue","Commercial full leak detection.","6/18/2025","Técnico","4/9/2026","Manager",,"False","No Aplica","4/21/2026","23339","800","4/22/2026","0","0","0"
"RIVER POINT","RIVER POINT","5074","730","Converted","Flow Meter,Service Maintenance Equipment","Blue Life","(#5074) Flow meter 2.5 + New hose for feeder + line feeder + pressure gauge + vacuum gauge + clamp flow meter ","9/30/2025","Health Department","10/1/2025","Manager","10/1/2025","False","Camilo Hidalgo","10/1/2025","20892","730","10/7/2025","1","1","6"
"RIVER POINT","RIVER POINT","5617","80","Converted","Backwash Hose","Blue Life","BLUE BACKWASH HOSE, PART AND LABOR","2/12/2026","Operaciones","2/12/2026","Manager","2/25/2026","True","Camilo Leon","2/25/2026","22494","80","2/25/2026","1","0","0"
"RIVER POINT","RIVER POINT","5792","705","Converted","Filter","Blue Life","HAYWARD POOL FILTERS GRIDS 6020., D.E POWDER., FILTER INSTALLATION","3/13/2026","Operaciones","3/16/2026","Manager","3/26/2026","True","Brayan Alvares","3/26/2026","22913","705","3/26/2026",,,
"RIVER POINT","RIVER POINT","6091","1,800","Converted","Leak","Roger/BigBlue","Beam Crack Repair – Scope of Work<br>(Commercial Pool)<br>The commercial pool has a","4/22/2026","Health Deparment","5/6/2026","Manager","6/2/2026","False","No Aplica","6/2/2026","24173","1800","6/3/2026",,,
"RIVER POINT","RIVER POINT","6164","211","Converted","Flotador","Blue Life","WATER LEVEL CONTROL BLACK VALVE VAKPAK SYSTEM., INSTALLATION","5/4/2026","Operaciones","5/12/2026","Manager","5/19/2026","True","Brayan Alvares","5/19/2026","23768","211","5/15/2026",,,
"RIVER POINT","RIVER POINT","6526","200","Converted","Service Call","Blue Life","Fix leak in the pump","6/24/2026","Operaciones","7/6/2026","Manager","7/9/2026","True","Brayan Alvares","7/9/2026","24672","200","7/10/2026",,,
"RIVER POINT","RIVER POINT","6658","180","Converted","Plumbing","Blue Life","Repair the leaking pipe connection","7/14/2026","Operaciones","7/20/2026","Manager","7/24/2026","True","Brayan Alvares","8/1/2026","24986","180","8/3/2026",,,
"RIVER VIEW APARTMENTS","RIVER VIEW APARTMENTS","4719","1,061","Converted","Safety Equipment","Blue Life","(#4719) ANCHORS, 2 SAFETY LIFE RING, FEEDER","7/17/2025","Health Department","7/25/2025","N/A",,"False","Camilo Leon","7/31/2025","20116","1061.0","4/8/2025","8","6","-114"
"RIVER VIEW APARTMENTS","RIVER VIEW APARTMENTS","3942","1,586","Converted","Filter","Blue Life","(#3942) 2 NEW COMMERCIAL SYSTEM 3 STRAIT POOL FILTERS SET. +D.E POWDER","4/6/2025","Operaciones","4/9/2025","N/A",,"False","Yasiel Amador","4/17/2025"," #18002","1586","4/22/2025","3","8","5"
"RIVER VIEW APARTMENTS","RIVER VIEW APARTMENTS","5956","253","Converted","Safety Equipment","Blue Life","SAFETY LINE ROPE., NEW ANCHORS., BLUE AND WHITE SAFETY FLOATS., FULL INSTALLATION","4/1/2026","Health Deparment","4/1/2026","Manager","4/14/2026","True","Camilo Hidalgo","4/14/2026","23305","253","4/15/2026",,,
"RIVER VIEW APARTMENTS","RIVER VIEW APARTMENTS","6049","1,697.5","Converted","Filter","Blue Life","2 COMMERCIAL SYSTEM 3 FILTER GRIDS, FILTER INSTALLATION","4/16/2026","Operaciones","4/21/2026","Manager","4/27/2026","True","Brayan Alvares","4/27/2026","23371","1,697.50","4/27/2026",,,
"RIVER VIEW APARTMENTS","RIVER VIEW APARTMENTS","6192","87","Declined","Gauges","Blue Life","POOL PRESSURE GAUGE., INSTALLATION","5/7/2026","Operaciones",,,,"False",,,,,,,,
"RIVER VIEW APARTMENTS","RIVER VIEW APARTMENTS","6207","666","Converted","Feeders","Blue Life","NEW CHEMICAL STENNER PUMP - PH FEEDER, POOL PRESSURE GAUGE., INSTALLATION","5/11/2026","Operaciones","5/12/2026","Manager","5/14/2026","True","Angel Hernandez","5/14/2026","23761","666","5/15/2026",,,
"RIVER VIEW APARTMENTS","RIVER VIEW APARTMENTS","6358","1,246","Converted","Motors","Blue Life","NEW 3HP-1PHASE POOL MOTOR, IMPELLER, MOTOR SEAL, INSTALLATION","5/29/2026","Operaciones","6/1/2026","Manager","6/5/2026","True","Brayan Alvares","6/5/2026","24194","1,246","6/5/2026",,,
"RIVER VIEW APARTMENTS","RIVER VIEW APARTMENTS","6651","102","Converted","Rules Sing","Blue Life","POOL: RULES SING","7/13/2026","Operaciones","7/20/2026","Manager","7/23/2026","True","Angel Hernandez","7/23/2026","24734","102","7/24/2026",,,
"RIVERTREE LANDING","RIVERTREE LANDING","4233","2,290","Converted","Pumps,Plumbing","Blue Life","(#4233) PUMP 2HP + PLUMBING","6/19/2025","Técnico","6/24/2025","N/A",,"False","Brayan Alvares","7/27/2025","19045","2290.0","2/7/2025","5","33","-170"
"RIVERTREE LANDING","RIVERTREE LANDING","4216","1,303","Converted","Filter","Blue Life","(#4216) 26 COMMERCIAL POOL FILTER DISK +D.E POWDER.","7/3/2025","Operaciones","7/8/2025","N/A",,"False","Yasiel Amador","7/10/2025","19822","1303.0","7/18/2025","5","2","8"
"RIVERTREE LANDING","RIVERTREE LANDING","5504","86","Converted","Steps","Blue Life","NEW STAINLESS STEEL STEP, FULL INSTALLATION","1/19/2026","Operaciones","2/12/2026","Manager","2/21/2026","True","Brayan Alvares","2/21/2026","22488","286","2/23/2026","24","0","0"
"Roberto Torres","Roberto Torres",,,"Pending","Filter","Blue Life",,,"Operaciones",,,,"True",,"6/5/2025",,,,"0",,"0"
"RODEWAY INN","RODEWAY INN","4795","29,050","Pending","Leak","Roger/BigBlue","Quartz poo resurface: Marquis quartz, New return fittings, Main drain frame, drain pool, wall and floor preparation with a bond coat, wall return, light, skimmer and main drain will be undercut to ensure water tightness.","8/12/2025","Técnico",,,,"False",,,,,,"0","0","0"
"Roland Hinojosa","Roland Hinojosa","6099","140","Converted","Salt Cell","Blue Life","REALIZAR EN MAYO 
Deep clean salt cell and filter system","4/23/2026","Operaciones","4/23/2026","Owner","5/5/2026","True","Camilo Leon","5/5/2026","23725","140","5/7/2026",,,
"ROYAL BREEZE APARTMENT","ROYAL BREEZE APARTMENT","3962","1,060","Converted","Main Drain","Blue Life","(#3962) 1 COMERCIAL POOL MAIN DRAIN VALVE+ DRAIN POOL FOR INSTALLATION AND PIPE REPAIR","4/9/2025","Técnico",,,,"False",,,"18367","1060.0","5/20/2025","0","0",
"ROYAL BREEZE APARTMENT","ROYAL BREEZE APARTMENT","4143","146","Converted","Steps","Blue Life","(#4143) NEW STAINLESS STEEL STEP","5/23/2025","Técnico","5/30/2025","N/A",,"False","Camilo Hidalgo","6/18/2025","18749","146.0","6/19/2025","7","19","1"
"ROYAL BREEZE APARTMENT","ROYAL BREEZE APARTMENT","3662","697.2","Converted","Filter","Blue Life","(#3662)COMMERCIAL POOL FILTER DISK FOR THE OFFICE POOL 13 + D.E. POWER","1/3/2025","Técnico","1/20/2025","N/A",,"False","No Aplica","4/22/2025","17025","696.28","1/23/2025","17","92","-89"
"ROYAL BREEZE APARTMENT","ROYAL BREEZE APARTMENT","3698","790.73","Converted","Filter","Blue Life","(#3698) COMMERCIAL POOL FILTER DISK 17 + D.E. POWDER","1/15/2025","Técnico","1/20/2025","N/A",,"False","No Aplica","4/22/2025","17026","789.8","1/23/2025","5","92","-89"
"ROYAL BREEZE APARTMENT","ROYAL BREEZE APARTMENT","5438","559","Converted","Feeders","Blue Life","BACK POOL: CHLORINE NEW CHEMICAL STENNER PUMP., INSTALLATION","1/7/2026","Operaciones","1/19/2026",,"1/21/2026","True","Brayan Alvares","1/21/2026","22092","619","1/23/2026","12","2","2"
"ROYAL BREEZE APARTMENT","ROYAL BREEZE APARTMENT","5439","370","Converted","Motors","Blue Life","OFFICE POOL: NEW COMMERCIAL POOL MOTOR 1HP., IMPELLER, MOTOR SEAL, FULL INSTALLATION NEW COMMERCIAL POOL MOTOR 1HP+ IMPELLER+ SEAL","1/7/2026","Operaciones","1/19/2026","Manager","1/21/2026","True","Brayan Alvares","1/21/2026","22084","866","1/21/2026","12","2","1"
"ROYAL BREEZE APARTMENT","ROYAL BREEZE APARTMENT","5663","619","Converted","Feeders","Blue Life","FRONT POOL: NEW CHEMICAL STENNER PUMP - CHLORINE FEEDER, CHLORINE FEEDER INSTALLATION","3/9/2026","Operaciones","3/9/2026","Manager","3/11/2026","True","Nelson Suarez","3/11/2026","22853","619","3/11/2026",,,
"ROYAL BREEZE APARTMENT","ROYAL BREEZE APARTMENT","5859","287","Pending","Safety Equipment",,"BACK POOL: NEW ANCHORS., BACK POOL: BLUE AND WHITE SAFETY FLOATS., BACK POOL: SAFETY LINE ROPE., INSTALLATION","3/23/2026",,,,,"False",,,,,,,,
"ROYAL BREEZE APARTMENT","ROYAL BREEZE APARTMENT","6120","372","Pending","Steps",,"FRONT POOL: NEW STAINLESS STEEL STEP., INSTALLATION","4/27/2026",,,,,"False",,,,,,,,
"ROYAL BREEZE APARTMENT","ROYAL BREEZE APARTMENT","6234","280","Pending","Seal Motor",,"BACK POOL: MOTOR SEAL, INSTALLATION","5/13/2026",,,,,"False",,,,,,,,
"ROYAL BREEZE APARTMENT","ROYAL BREEZE APARTMENT","6319","619","Converted","Feeders","Blue Life","FRONT POOL: NEW CHEMICAL STENNER PUMP - PH FEEDER, PH FEEDER INSTALLATION","5/25/2026","Operaciones","6/8/2026","Manager","6/10/2026","True","Nelson Suarez","6/10/2026","24210","619","6/10/2026",,,
"ROYAL BREEZE APARTMENT","ROYAL BREEZE APARTMENT","6441","619","Converted","Feeders","Blue Life","BACK POOL: NEW CHEMICAL STENNER PUMP - PH , INSTALLATION","6/12/2026","Operaciones","7/7/2026","Manager","7/10/2026","True","No Aplica","7/10/2026","24678","619","7/10/2026",,,
"ROYAL BREEZE APARTMENT","ROYAL BREEZE APARTMENT","6549","1,238","Pending","Feeders",,"FRONT POOL: NEW CHEMICAL STENNER PUMP - CHLORINE AND PH FEEDER, INSTALLATION","6/26/2026",,,,,"False",,,,,,,,
"ROYAL BREEZE APARTMENT","ROYAL BREEZE APARTMENT","6453","261","Converted","Flotador,Valves","Blue Life","BACK POOL: WATER LEVEL CONTROL VALVE VAKPAK SYSTEM AND INSTALLATION, VALVE AND INSTALLATION","6/25/2026","Operaciones","7/7/2026",,"7/10/2026","True","Brayan Alvares","7/10/2026","24679","261","7/10/2026",,,
"ROYAL BREEZE APARTMENT","ROYAL BREEZE APARTMENT","6668","1,073","Converted","Filter,Seal Motor","Blue Life","BACK POOL: 17 COMMERCIAL POOL FILTER DISC., D.E POWDER., BACK POOL: MOTOR SEAL., FULL INSTALLATION","7/15/2026","Operaciones","7/28/2026","Manager","8/7/2026","True","Brayan Alvares","8/12/2026","25103","1,073","8/13/2026",,,
"ROYAL BREEZE APARTMENT","ROYAL BREEZE APARTMENT","6682","220","Converted","Feeders","Blue Life","OFFICE POOL: NEW LINE FOR FEEDERS PH AND CHLORINE, INSTALLATION","7/20/2026","Operaciones","7/28/2026","Manager","8/14/2026","True","Camilo Leon","8/18/2026","25147","220","8/19/2026",,,
"RUDY NASSRY","RUDY NASSRY",,,"Pending","Filter","Blue Life",,,"Operaciones",,,,"True","Camilo Leon","9/10/2024",,,,"0",,"0"
"RUDY NASSRY","RUDY NASSRY","5968","35","Converted","Basket","Blue Life","SKIMER BASKET.","4/2/2026","Operaciones","4/2/2026","Manager","4/16/2026","True","Nelson Suarez","4/16/2026","23315","35","4/16/2026",,,
"SABAL PALM AT CARROLLWOOD","SABAL PALM AT CARROLLWOOD","6222","1,327","Converted","Filter","Blue Life","FILTER DISC., D.E POWDER., INSTALLATION","5/12/2026","Operaciones","6/5/2026","Manager","6/2/2026","True","Brayan Alvares","6/2/2026","24197","1,769","6/5/2026",,,
"SABAL PALM AT CARROLLWOOD","SABAL PALM AT CARROLLWOOD","6686","4,436.2","Pending","Motors",,"NEW COMMERCIAL 7.5 HP MOTOR., NEW 7.5 IMPELLER, MOTOR SEAL., FULL INSTALLATION","7/21/2026",,,,,"False",,,,,,,,
"SAGE AT CYPRESS CAY","SAGE AT CYPRESS CAY","2682","1,525","Converted","Filter","Blue Life","(#2682) 32 SMALL RECTANGULAR ANTHONY FILTER GRIDS +D.E POWDER","6/6/2025","Técnico","6/18/2025","N/A",,"False","Brayan Alvares","6/27/2025","19047","1525.0","2/7/2025","12","9","-140"
"SAGE AT CYPRESS CAY","SAGE AT CYPRESS CAY","5173","999","Converted","Feeders,Service Maintenance Equipment","Blue Life","NEW CHEMICAL STENNER PH PUMP, FULL INSTALLATION FEEDER, NEW HOSE FOR FEEDER +<br>LINE FEEDER +<br>PRESSURE GAUGE + <br>VACUUM GAUGE ","10/21/2025","Health Department","11/5/2025","Manager","11/7/2025","True","Brayan Alvares","11/7/2025","21273","999","11/12/2025","15","2","5"
"SAGE AT CYPRESS CAY","SAGE AT CYPRESS CAY","5972","1,200","Converted","Acid Wash","Blue Life","PARTIAL ACID WASH","4/3/2026","Operaciones","4/20/2026","Manager","4/30/2026","True","Camilo Leon","4/30/2026","23389","1200","4/30/2026",,,
"SAGE AT CYPRESS CAY","SAGE AT CYPRESS CAY","6060","47","Pending","Throw Rope",,"SAFETY THROW ROPE.","4/17/2026",,,,,"False",,,,,,,,
"SAGE AT CYPRESS CAY","SAGE AT CYPRESS CAY","6343","1,635","Pending","Filter",,"RECTANGULAR ANTHONY FILTER GRIDS, D.E POWDER, INSTALLATION","5/27/2026",,,,,"False",,,,,,,,
"SAGE AT CYPRESS CAY","SAGE AT CYPRESS CAY","6760",,"Pending","Lights",,"POOL: LIGHT WEDGE., INSTALLATION","8/7/2026",,,,,"False",,,,,,,,
"SAGE ON PALMER RANCH","SAGE ON PALMER RANCH","5622","2,258","Pending","Chemical Controller,Service Maintenance Equipment",,"NEW CHEMICAL CONTROLLER HAYWARD HCC2000., SPA: NEW HOSE FOR FEEDER +<br>LINE FEEDER +<br>PRESSURE GAUGE + <br>VACUUM GAUGE +<, INSTALLATION","2/13/2026","Operaciones",,,,"False",,,,,,"0","0","0"
"SAGE ON PALMER RANCH","SAGE ON PALMER RANCH","5623","1,000","Pending","Acid Wash",,"FULL ACID WASH FOR SPA","2/13/2026","Operaciones",,,,"False",,,,,,"0","0","0"
"SAGE ON PALMER RANCH","SAGE ON PALMER RANCH","5625","714","Converted","Filter","Blue Life","POOL 2: RECTANGULAR ANTHONY FILTER GRIDS, D.E POWDER., INSTALLATION","2/13/2026","Operaciones","3/20/2026","Manager","3/23/2026","True","Brayan Alvares","3/23/2026","22902","1055","3/25/2026","0","0","0"
"SAGE ON PALMER RANCH","SAGE ON PALMER RANCH","5624","714","Converted","Filter","Blue Life","POOL 1: RECTANGULAR ANTHONY FILTER GRIDS, D.E POWDER., VAKPAK REPAIR KIT PLUNGER., INSTALLATION","2/13/2026","Operaciones","3/20/2026","Manager","3/23/2026","True","Brayan Alvares","3/23/2026","22903","1465","3/25/2026","0","0","0"
"SAGE ON PALMER RANCH","SAGE ON PALMER RANCH","5720","60","Declined","Pumps","Blue Life","Pump housing seal","3/4/2026","Operaciones","3/4/2026","Quickbooks",,"False","Camilo Hidalgo",,,,,,,
"SAGE ON PALMER RANCH","SAGE ON PALMER RANCH","5760","180","Converted","Heaters","Brian/ Responsable Pools","Gas heater service call, electric issue ","3/10/2026","Operaciones","3/10/2026","Manager","4/7/2026","False","No Aplica","4/7/2026","23279","180","4/8/2026",,,
"SAGE ON PALMER RANCH","SAGE ON PALMER RANCH","5845","330","Converted","Timer","Blue Life","NEW ELECTRICAL TIMER., INSTALLATION","3/20/2026","Operaciones","3/20/2026","Manager","3/23/2026","True","Brayan Alvares","3/23/2026","22906","330","3/25/2026",,,
"SAGE ON PALMER RANCH","SAGE ON PALMER RANCH","5992","1,664","Converted","Heaters","Brian/ Responsable Pools","EMERGENCY SHUT OFF, WIRING","4/7/2026","Operaciones","4/20/2026","Manager",,"False","No Aplica",,,,,,,
"SAGE ON PALMER RANCH","SAGE ON PALMER RANCH","6123","624.5","Converted","Pumps","Blue Life","PUMP HOUSING MAX E PRO, INSTALLATION","4/27/2026","Operaciones","4/27/2026","Manager","4/29/2026","True","Brayan Alvares","4/29/2026","23385","624.50","4/29/2026",,,
"SAGE ON PALMER RANCH","SAGE ON PALMER RANCH","6351","200","Pending","Service Call",,"Gas heater service call","5/28/2026",,,,,"False",,,,,,,,
"SAGE ON PALMER RANCH","SAGE ON PALMER RANCH","6511","100","Accepted","Air Relief Valve","Blue Life","NEW AIR RELIEF AND INSTALLATION","6/23/2026","Operaciones","6/23/2026","Manager","6/25/2026","True","Miguel Morales",,,,,,,
"SAGE ON PALMER RANCH","SAGE ON PALMER RANCH","6541","475","Converted","Service Call",,"Gas heater service call<br>- All Work Performed comes with a ONE YEAR Warranty on w, Roll out sensor<br>- Labor &amp; Overhead","6/25/2026",,,,"6/26/2026","False",,"6/26/2026","24289","475","6/26/2026",,,
"SAGE ON PALMER RANCH","SAGE ON PALMER RANCH","6562","6,795","Pending","Heaters",,"OPTION 1<br>Jandy JXi 400k BTU ASME Gas <br>Heater <br>Lower cost ASME rated gas he","6/29/2026",,,,,"False",,,,,,,,
"SAGE ON PALMER RANCH","SAGE ON PALMER RANCH","6563","9,605","Pending","Heaters",,"OPTION 2<br>Replace heater with a Hayward ASME <br>unit, with adding an external fl, Sacrificial Anode <br>Labor &amp; Overhead<br>A sacrificial anode for a swimming <b, Electronic External Flow Switch<br>Labor &amp; Overhead","6/29/2026",,,,,"False",,,,,,,,
"SAGE ON PALMER RANCH","SAGE ON PALMER RANCH","6659","180","Accepted","Heaters","Brian/ Responsable Pools","Gas heater service call","7/14/2026","Operaciones","7/21/2026","Manager",,"False",,,,,,,,
"SAGE ON PALMER RANCH","SAGE ON PALMER RANCH","6734",,"Converted","Heaters","Brian/ Responsable Pools","Raypak Sacraficial Anode, External Flow Switch, Heat Exchange Cleaning","7/31/2026","Operaciones","8/3/2026","Manager","8/5/2026","False","No Aplica","8/5/2026","25169","900","8/24/2026",,,
"SAGE ON PALMER RANCH","SAGE ON PALMER RANCH","6830",,"Accepted","Motors","Blue Life","SPA: NEW COMMERCIAL MOTOR 1.5HP - 1PH, IMPELLER, MOTOR SEAL., POOL: NEW CHEMICAL STENNER PUMP - PH FEEDER, INSTALLATION","8/21/2026","Operaciones","8/26/2026","Manager","8/29/2026","True",,,,,,,,
"SAM HOBI","SAM HOBI",,,"Pending","Filter","Blue Life",,,"Operaciones",,,,"True",,"6/17/2025",,,,"0",,"0"
"SAM HOBI","SAM HOBI","6697","240","Pending","Filter",,"COMMERCIAL POOL FILTERS CC200, INSTALLATION","7/23/2026",,,,,"False",,,,,,,,
"SANCTUARY AT HIGHLAND OAKS","SANCTUARY AT HIGHLAND OAKS","4232","936","Converted","Motors","Blue Life","(#4232)NEW COMMERCIAL POOL MOTOR 2HP OF THE OFFICE POOL + IMPELLER + SEAL","6/19/2025","Técnico","6/19/2025","N/A",,"False","Brayan Alvares","6/23/2025","18766","936.0","6/27/2025","1","4","4"
"SANCTUARY AT HIGHLAND OAKS","SANCTUARY AT HIGHLAND OAKS","4045","2,748","Converted","Filter","Blue Life","(#4045) 26 COMMERCIAL POOL FILTER DISK BACK POOL D.E. POWER +2 LINE FEEDER + 2 HOSE FEEDER +STAR UP + 1 FEEDER","5/1/2025","Técnico","5/7/2025","N/A",,"False","No Aplica","5/12/2025","18369","2748.0","5/20/2025","6","5","8"
"SANCTUARY AT HIGHLAND OAKS","SANCTUARY AT HIGHLAND OAKS","4044","1,989","Converted","Filter","Blue Life","(#4044)26 COMMERCIAL POOL FILTER DISK FOR THE POOL OFFICE +D.E. POWER + 2 HOSE FEEDER + 2 LINE FEEDER + STAR UP","5/1/2025","Técnico","5/2/2025","N/A",,"False","No Aplica","5/12/2025","18368","1989.0","5/20/2025","1","10","8"
"SANCTUARY AT HIGHLAND OAKS","SANCTUARY AT HIGHLAND OAKS","4184","800","Converted","Leak","Roger/BigBlue","1. Inspection & Static Testing The entire pool was thoroughly inspected for leaks. Static-pressure tests on both the suction lines and return lines held pressure with no issues, confirming the main plumbing is sound.","6/9/2025","Técnico",,,,"False",,,"18800","800.0","7/21/2025","0","0","0"
"SANCTUARY AT HIGHLAND OAKS","SANCTUARY AT HIGHLAND OAKS","4810","178","Converted","Feeders","Blue Life","(#4810) FEEDER REPAIR:LINE FEEDER+ NEW HOSE FOR FEEDERS ","8/15/2025","Técnico",,,,"False",,,"20208","178.0","8/27/2025","0","0","0"
"SANCTUARY AT HIGHLAND OAKS","SANCTUARY AT HIGHLAND OAKS","4732","3,800","Converted","Leak","Roger/BigBlue","(#4732) MAIN DRAIN REPAIR BOX","7/21/2025","Operaciones",,,,"False",,,"20204","3800","8/28/2025","0","0",
"SANCTUARY AT HIGHLAND OAKS","SANCTUARY AT HIGHLAND OAKS","5005","1,086","Converted","Motors","Blue Life","NEW COMMERCIAL POOL MOTOR 2HP, IMPELLER, SEAL, FULL INSTALLATION","9/12/2025","Operaciones","9/15/2025","N/A",,"False","Brayan Alvares","9/17/2025","#20569","$1,086","9/23/2025","3","2","6"
"SANCTUARY AT HIGHLAND OAKS","SANCTUARY AT HIGHLAND OAKS","5456","559","Converted","Feeders","Blue Life","OFFICE POOL: NEW CHEMICAL STENNER PUMP - CHLORINE FEEDER, CHLORINE FEEDER INSTALLATION","1/7/2026","Operaciones","1/7/2026","Manager","1/10/2026","True","Angel Hernandez","1/10/2026","22051","619","1/12/2026","1","3","2"
"SANCTUARY AT HIGHLAND OAKS","SANCTUARY AT HIGHLAND OAKS","5457","559","Converted","Feeders","Blue Life","BACK POOL: NEW CHEMICAL STENNER PUMP - CHLORINE FEEDER, CHLORINE FEEDER INSTALLATION","1/7/2026","Operaciones","1/7/2026","Manager","1/10/2026","True","Angel Hernandez","1/10/2026","22052","619","1/12/2026","1","3","2"
"SANCTUARY AT HIGHLAND OAKS","SANCTUARY AT HIGHLAND OAKS","5749","283.3","Converted","Plumbing","Blue Life","OFFICE POOL: ENTIRE FLOW ASSEMBLY, INSTALLATION","3/10/2026","Operaciones","3/10/2026","Manager","3/13/2026","True","Camilo Leon","3/13/2026","22865","283.30","3/13/2026",,,
"SANCTUARY AT HIGHLAND OAKS","SANCTUARY AT HIGHLAND OAKS","6079","47","Pending","Throw Rope",,"SAFETY THROW ROPE.","4/21/2026",,,,,"False",,,,,,,,
"SANCTUARY AT HIGHLAND OAKS","SANCTUARY AT HIGHLAND OAKS","6220","250","Declined","Special Cleaning","Blue Life","DEEP CLEANING OF THE PIT AND <br>FILTERS","5/12/2026",,,,,"False",,,,,,,,
"SANCTUARY AT HIGHLAND OAKS","SANCTUARY AT HIGHLAND OAKS","6301","1,203","Converted","Filter","Blue Life","BAKC POOL: FILTER DISK, D.E POWDER, INSTALLATION","5/22/2026","Operaciones","6/1/2026","Manager","6/6/2026","True","Brayan Alvares","6/6/2026","24202","1,203","6/10/2026",,,
"SANCTUARY AT HIGHLAND OAKS","SANCTUARY AT HIGHLAND OAKS","6300","1,166","Converted","Filter","Blue Life","POOL OFFICE: FILTER DISK, D.E POWDER, INSTALLATION","5/22/2026","Operaciones","6/1/2026","Manager","6/6/2026","True","Brayan Alvares","6/6/2026","24203","1,166","6/10/2026",,,
"SANCTUARY AT HIGHLAND OAKS","SANCTUARY AT HIGHLAND OAKS","6408","165","Converted","Skimmer Gutter","Blue Life","BACK POOL: SKIMMER GUTTER., INSTALLATION","6/9/2026","Operaciones","6/9/2026","Manager","6/11/2026","True","Angel Hernandez","6/11/2026","24219","165","6/12/2026",,,
"SANCTUARY AT HIGHLAND OAKS","SANCTUARY AT HIGHLAND OAKS","6464","245","Converted","Valves","Blue Life","BACK POOL: THREE WAY VALVE, INSTALLATION","6/16/2026","Operaciones","6/17/2026","Manager","6/30/2026","True","Brayan Alvares","6/30/2026","24308","245","6/30/2026",,,
"SANCTUARY AT HIGHLAND OAKS","SANCTUARY AT HIGHLAND OAKS","6685","220","Pending","Feeders",,"NEW LINE FOR FEEDERS PH AND CHLORINE, FULL INSTALLATION","7/21/2026",,,,,"False",,,,,,,,
"SANCTUARY AT HIGHLAND OAKS","SANCTUARY AT HIGHLAND OAKS","6798",,"Converted","Motors","Blue Life","BACK POOL: NEW COMMERCIAL MOTOR 2.2HP - SINGLE PHASE, IMPELLER, MOTOR SEAL., INSTALLATION","8/14/2026","Operaciones","8/18/2026","Manager","8/22/2026","True","Brayan Alvares","8/22/2026","25174","1,116","8/24/2026",,,
"SANDANAY STONEHENGE CAMELOT APARTMENTS","SANDANAY STONEHENGE CAMELOT APARTMENTS","4227","846","Converted","Filter","Blue Life","(#4227) 15 COMMERCIAL POOL FILTER DISK + ","6/18/2025","Técnico","6/18/2025","N/A",,"False","Yasiel Amador","6/24/2025","18760","846.0","6/25/2025","1","6","1"
"SANDANAY STONEHENGE CAMELOT APARTMENTS","SANDANAY STONEHENGE CAMELOT APARTMENTS","4171","2,150","Converted","Pumps,Plumbing","Blue Life","NEW 2.2 HP VS COMMERCIAL POOL PUMP + NEW PLUMBING FOR THE INSTALLATION+FULL INSTALLATION","6/4/2025","Técnico",,,,"False",,,"20148","2150.0","6/30/2025","0","0","0"
"SANDANAY STONEHENGE CAMELOT APARTMENTS","SANDANAY STONEHENGE CAMELOT APARTMENTS","5605","250","Converted","Plumbing","Blue Life","NEW PLUMBING FOR SUCTION FILTER PUMP","2/11/2026","Operaciones","2/11/2026","Manager","2/13/2026","True","Brayan Alvares","2/13/2026","22456","250","2/13/2026","1","2","0"
"SANDANAY STONEHENGE CAMELOT APARTMENTS","SANDANAY STONEHENGE CAMELOT APARTMENTS","5756","450","Converted","Steps","Blue Life","BREAK UP THE CONCRETE AND 
ADJUST THE HANDRAIL CYLINDER","3/10/2026","Operaciones","3/10/2026","Manager","3/17/2026","True","Brayan Alvares","3/17/2026","22879","450","3/17/2026",,,
"SANDANAY STONEHENGE CAMELOT APARTMENTS","SANDANAY STONEHENGE CAMELOT APARTMENTS","5920","192","Converted","Safety Equipment","Blue Life","COMMERCIAL SAFETY LIFE RING 
COAST GUARD AND SAFETY THROW ROPE.","3/30/2026","Operaciones","3/30/2026","Manager","4/2/2026","True","Camilo Leon","4/3/2026","23256","192","4/3/2026",,,
"SANDANAY STONEHENGE CAMELOT APARTMENTS","SANDANAY STONEHENGE CAMELOT APARTMENTS","6067","160","Converted","Steps","Blue Life","Stair bumpers, Bumpers installation","5/5/2026","Health Deparment","4/23/2026","Manager","5/21/2026","True","Brayan Alvares","5/21/2026","23805","160","5/22/2026",,,
"SANDANAY STONEHENGE CAMELOT APARTMENTS","SANDANAY STONEHENGE CAMELOT APARTMENTS","6596","846","Converted","Filter","Blue Life"," POOL: 16 COMMERCIAL FILTER DISC., D.E POWDER., INSTALLATION","7/2/2026","Operaciones","8/18/2026","Manager","8/21/2026","True","Brayan Alvares",,"25180","883","8/24/2026",,,
"SANDANAY STONEHENGE CAMELOT APARTMENTS","SANDANAY STONEHENGE CAMELOT APARTMENTS","6852",,"Accepted","Sum Pump","Blue Life","SUMP PUMP., INSTALLATION","8/24/2026","Operaciones","8/26/2026","Manager",,"True","Brayan Alvares",,,,,,,
"SANDY CLARK","SANDY CLARK",,,"Pending","Filter","Blue Life",,,"Operaciones",,,,"True",,"7/28/2021",,,,"0",,"0"
"SEAZEN ROCKY POINT","SEAZEN ROCKY POINT","4621","180","Converted","Heaters","Blue Life","Gas heater service call Pool B","11/18/2025","Operaciones","11/17/2025","Quickbooks","11/18/2025","True",,"11/18/2025","21704","180","12/18/2025","-1","1","30"
"SEAZEN ROCKY POINT","SEAZEN ROCKY POINT",,,"Pending","Filter","Blue Life",,,"Operaciones",,,,"True",,"11/3/2025",,,,"0",,"0"
"SEAZEN ROCKY POINT","SEAZEN ROCKY POINT","5312","40,974","Pending","Resurface","Blue Life","FIRST POOL<br>Refinish pool surface Marquis bluestone<br>Pool<br>grind around light, SECOND POOL<br>Refinish pool surface Marquis bluestone<br>Pool<br>grind around ligh","11/19/2025","Comercial",,,,"True",,,,,,"0","0","0"
"SEAZEN ROCKY POINT","SEAZEN ROCKY POINT","5365","9,256","Converted","Heaters","Blue Life","Lochnivar 400 K BTU ASME Heater- 2-year warranty","12/5/2025","Operaciones","12/17/2025","Quickbooks","1/13/2026","True","No Aplica",,"21722","9.256","12/29/2025","12","0",
"SEAZEN ROCKY POINT","SEAZEN ROCKY POINT","5403","380","Converted","Service Maintenance Equipment","Blue Life","OFFICE POOL-NEW HOSE FOR FEEDER +<br>LINE FEEDER +<br>PRESSURE GAUGE + <br>VACUUM G","12/19/2025","Operaciones","12/19/2025","Manager","12/22/2025","True","Camilo Leon","12/22/2025","21709","380","12/19/2025","1","3","-3"
"SEAZEN ROCKY POINT","SEAZEN ROCKY POINT","5505","1,200","Converted","Motors","Blue Life","BACK POOL: NEW COMMERCIAL 5HP MOTOR - 1 PHASE, IMPELLER, MOTOR SEAL, INSTALLATION","1/20/2026","Operaciones","1/28/2026","Manager","2/2/2026","True","Brayan Alvares","2/2/2026","22422","1.696","2/4/2026","8","5","2"
"SEAZEN ROCKY POINT","SEAZEN ROCKY POINT","5561","280","Converted","Pumps","Blue Life","PUMP PLATE","1/30/2026","Operaciones","1/30/2026","Manager","2/2/2026","True","Brayan Alvares","2/2/2026","22423","280","2/4/2026","1","3","2"
"SEAZEN ROCKY POINT","SEAZEN ROCKY POINT","5654","380","Converted","Service Maintenance Equipment","Blue Life","BACK POOL: NEW HOSE FOR FEEDER + LINE FEEDER + PRESSURE GAUGE + VACUUM GAUGE + CLAM","2/18/2026","Operaciones","2/18/2026","Manager","2/18/2026","True","Brayan Alvares","2/18/2026","22476","380","2/18/2026",,,
"SEAZEN ROCKY POINT","SEAZEN ROCKY POINT","6398","1,040","Accepted","ESCUTCHEON PLATE","Blue Life","WAVERLY - 1.5&quot; DIAMOND WATER SPOUT - STAINLESS STEEL, Delivery to customer’s location","6/5/2026","Operaciones","6/16/2026","Manager",,"False",,,,,,,,
"SEAZEN ROCKY POINT","SEAZEN ROCKY POINT","6452","100","Converted","Feeders","Blue Life","OFFICE POOL: NEW HOSE FOR FEEDERS PH AND CHLORINE","6/15/2026","Operaciones","6/16/2026","Manager","6/17/2026","True","Brayan Alvares","7/17/2026","24700","100","7/17/2026",,,
"SERENITY CREEK","Armature Square","4526","1,069","Converted","Feeders","Blue Life","(#4526) PH FEEDER + 2 LIFE RINGS + 2 THROW ROPE","6/25/2025","Health Department","6/27/2025","N/A",,"False","Camilo Hidalgo","7/1/2025","19052","1069.0","2/7/2025","2","4","-144"
"SERENITY CREEK","Armature Square","3665","2,131.25","Converted","Pumps","Blue Life","(#3665) NEW 1.5HP VS COMMRECIAL POOL PUMP VARIABLE","1/3/2025","Técnico",,,,"False",,,"17860","2131.25","4/1/2025","0","0","0"
"SERENITY CREEK","Armature Square","5124","220","Pending","Tiles","Blue Life","LABOR AND MATERIALS 3 TILES AT THE EDGE OF THE POOL","10/9/2025","Operaciones",,,,"True",,,,,,"0","0","0"
"SERENITY CREEK","Armature Square",,,"Pending","Filter","Blue Life",,,"Operaciones",,,,"True",,"5/30/2022",,,,"0",,"0"
"SERENITY CREEK","Armature Square","5397","900","Converted","Leak","Blue Life","Commercial full leak detection.","12/19/2025","Operaciones","3/23/2026",,,"False","No Aplica","4/21/2026","23398","900","4/30/2026","0","0","0"
"SERENITY CREEK","Armature Square","5452","290","Pending","Main Drain","Blue Life","Commercial Main Drain cover VGB., FULL INSTALLATION MAIN DRAIN, SKIMMER GUTTER., ESCUTCHEON PLATE STAINLESS STEEL.","1/7/2026","Operaciones",,,,"False",,,,,,"0","0","0"
"SEVEN LAKES AT CARROLLWOOD","SEVEN LAKES AT CARROLLWOOD","4153","3,000","Converted","Filter,Plumbing","Blue Life","(#4153)HAYWARD VSF COMMERCIAL POOL +NEW PLUMBING FOR THE INSTALLATION","5/28/2025","Técnico","6/4/2025","N/A",,"False","Brayan Alvares","6/8/2025","18695","3000.0","6/11/2025","7","4","3"
"SEVEN LAKES AT CARROLLWOOD","SEVEN LAKES AT CARROLLWOOD","3779","590","Converted","Filter","Blue Life","(#3779) 1 HAYWARD FILTER CLAMP + 1 FILTER RING","2/17/2025","Técnico","2/18/2025","N/A",,"False","Camilo Leon","2/20/2025","17270","590","2/4/2025","1","2","-16"
"SEVEN LAKES AT CARROLLWOOD","SEVEN LAKES AT CARROLLWOOD","3905","717","Converted","Filter,Plumbing","Blue Life","(#3905)HAYWARD MULTIPORT VALVE FOR THE POOL OFFICE NEW PLUMBING FOR THE INSTALLATION","4/2/2025","Técnico",,,,"False",,,"18284","717.0","5/5/2025","0","0",
"SEVEN LAKES AT CARROLLWOOD","SEVEN LAKES AT CARROLLWOOD","4714","800","Converted","Leak","Blue Life","(#4714) Commercial full leak detection for the Back pool ","7/16/2025","Técnico",,,,"False",,,"20211","800.0","8/3/2025","0","0","0"
"SEVEN LAKES AT CARROLLWOOD","SEVEN LAKES AT CARROLLWOOD","4605","883","Converted","Filter","Blue Life","(#4605) 16 COMMERCIAL POOL FILTER DISK FOR THE BACK POOL + D.E POWER","7/15/2025","Técnico","7/16/2025","N/A",,"False","Camilo Leon","7/17/2025","20143","883",,"1","1","0"
"SHADETREE .","SHADETREE .","4766","800","Converted","Special Cleaning","Blue Life","(#4766) BLACK ALGAE REMOVAL","8/1/2025","Técnico","8/4/2025","N/A",,"False","Camilo Hidalgo","8/5/2025","20120","800.0","8/6/2025","3","1","1"
"SHADETREE .","SHADETREE .","5323","1,118","Converted","Feeders,Chemical Controller","Blue Life","NEW CHEMICAL PH AND CHLORINE STENNER PUMP, FULL INSTALLATION FEEDERS, NEW CHEMICAL CONTROLLER HAYWARD HCC2000., FULL INSTALLATION CAT CONTROLLER","11/21/2025","Operaciones","11/25/2025","Manager","12/3/2025","True","Camilo Hidalgo","12/3/2025","21637","3.638","12/3/2025","4","8","1"
"SHADETREE .","SHADETREE .","5537","1,016","Converted","Filter,Flotador","Blue Life","FILTERS CCP420 CARTRIDGE 4 PACK, FULL INSTALLATION, WATER LEVEL CONTROL VALVE VAKPAK SYSTEM., INSTALLATION","1/27/2026","Operaciones","1/27/2026","Manager","2/17/2026","True","Brayan Alvares","2/16/2026","22472","1.427","2/17/2026","1","0","0"
"SHADETREE .","SHADETREE .","5957","185","Converted","Skimmer Gutter","Blue Life","SKIMMER GUTTER., FULL INSTALLATION","4/3/2026","Operaciones","4/6/2026","Manager","4/17/2026","True","Angel Hernandez","4/15/2026","23311","185","4/16/2026",,,
"SHADETREE .","SHADETREE .","6548","175","Converted","Skimmer Gutter, Storage Sheds","Blue Life","SKIMMER GUTTER., INSTALLATION","6/26/2026","Operaciones","6/30/2026","Manager","7/10/2026","True","Angel Hernandez","7/10/2026","24680","175","7/10/2026",,,
"SHADETREE .","SHADETREE .","6598","1,731","Converted","Motors,Basket","Blue Life","NEW COMMERCIAL 5HP - 3PHASE MOTOR., IMPELLER, MOTOR SEAL., BASKET PUMP., INSTALLATION","7/3/2026","Operaciones","7/6/2026","Manager","7/8/2026","True","Brayan Alvares","7/8/2026","24673","1,731","7/10/2026",,,
"SHADETREE .","SHADETREE .","6717",,"Converted","Heaters","Brian/ Responsable Pools","Gas heater service call","7/28/2026","Operaciones","7/28/2026","Manager","7/28/2026","False","No Aplica","7/28/2026","24738","180","7/28/2026",,,
"SHADETREE .","SHADETREE .","6736",,"Pending","Heaters","Brian/ Responsable Pools","Hayward 400K BTU ASME - Labor &amp; Overhead, Second Stage Regulator - Labor &amp; Overhead","7/31/2026",,,,,"False",,,,,,,,
"Shanon Howel","Shanon Howel","5525","13,922.35","Pending","Resurface","Blue Life","Residential pool and spa<br>B-Bluestone Pool<br>Plaster pool using Premix Marbletit, New Glass Tile 2x3 Union square by sf","1/22/2026","Comercial",,,,"False",,,,,,"0","0","0"
"SHEILA BROWN","SHEILA BROWN","3837","6,250","Converted","Intellicenter","Blue Life","(#3837) New Pentair Intellicenter automation system + electrical materials for the installation","3/11/2025","Técnico","3/20/2025","N/A",,"False",,,"17946","6250.0","4/6/2025","9","0",
"SKY BEACH RESORT","SKY BEACH RESORT","4071","1,081","Converted","Filter","Blue Life","(#4071) 20 COMMERCIAL POOL FILTER DISK FOR THE POOL SMALL + D.O POWER","5/8/2025","Técnico",,,,"False","Giovanny Silva","5/8/2025","18301","1081.0","9/5/2025","0",,"120"
"SKY BEACH RESORT","SKY BEACH RESORT","4061","10,554","Converted","Feeders,Chemical Controller","Blue Life","(#4061) FOR 2 POOLS AND 1 SPA+6  NEW CHEMICAL STENNER PUMP FOR 2 POOLS AND 1 SPA.""2 NEW CHEMICAL CONTROLLER","5/6/2025","Operaciones",,,,"False",,,"18298","10554.0","8/5/2025","0","0",
"SKY BEACH RESORT","SKY BEACH RESORT","4060","3,770","Converted","Filter","Blue Life"," (#4060) MAIN POOL 80 COMMERCIAL POOL FILTER DISK FOR THE BIG POOL+ D.E POWDER + SPA FILTERS","5/6/2025","Operaciones",,,,"False","No Aplica","5/7/2025","18294","3770.0","8/5/2025","0",,"90"
"SKY BEACH RESORT","SKY BEACH RESORT","5389","180","Converted","Heaters","Roger/BigBlue","Gas heater service call","12/15/2025","Operaciones","12/16/2025","Manager","12/19/2025","True","No Aplica","12/19/2025","21719","180","12/26/2025","1","3","7"
"SKY BEACH RESORT","SKY BEACH RESORT","5522","1,850","Pending","Pumps,Plumbing","Blue Life","NEW 2.2 HP VS COMMERCIAL POOL PUMP- SUPERFLO VARIABLE SPEED PUMP, NEW PLUMBING FOR THE INSTALLATION., FULL INSTALLATION","1/22/2026","Operaciones",,,,"False",,,,,,"0","0","0"
"SKY BEACH RESORT","SKY BEACH RESORT","6096","129","Pending","Safety Equipment",,"SAFETY POLE 16&quot;.","4/23/2026",,,,,"False",,,,,,,,
"SKY BEACH RESORT","SKY BEACH RESORT","6197","1,031","Pending","Filter",,"POOL: FILTER DISC., D.E POWDER., INSTALLATION","5/8/2026",,,,,"False",,,,,,,,
"SKY BEACH RESORT","SKY BEACH RESORT","6196","180","Pending","Service Call",,"SPA: Gas heater service call","5/8/2026",,,,,"False",,,,,,,,
"SKY BEACH RESORT","SKY BEACH RESORT","6195","3,770","Pending","Filter",,"COMMERCIAL POOL FILTER DISK FOR THE BIG POOL, D.E POWDER., SPA FILTERS, FULL INSTALLATION","5/8/2026",,,,,"False",,,,,,,,
"SKY BEACH RESORT","SKY BEACH RESORT","6217","1,238","Pending","Feeders",,"NEW CHEMICAL STENNER PUMP - PH AND CHLORINE <br>FEEDER, CHLORINE AND PH FEEDER <br>INSTALLATION","5/12/2026",,,,,"False",,,,,,,,
"SKY BEACH RESORT","SKY BEACH RESORT","6539","356","Pending","Flow Meter",,"MAIN POOL: COMMERCIAL FLOW METER 3 inc., INSTALLATION","6/25/2026",,,,,"False",,,,,,,,
"SKY OAKS","SKY OAKS","4868","1,273.2","Pending","Lights","Blue Life","(#4868)  POOL LED","8/29/2025","Comercial",,,,"False",,,,,,"0","0","0"
"SKYHOUSE CHANNELSIDE","SKYHOUSE CHANNELSIDE","3763","440.25","Converted","Toro Valve","Blue Life","(#3763) WATER LEVEN CONTROL + WATER TORO VALVE","2/10/2025","Técnico",,,,"False",,,"17248","440.25","2/17/2025","0","0",
"SKYHOUSE CHANNELSIDE","SKYHOUSE CHANNELSIDE","4253","1,850","Converted","Filter","Blue Life","(#4253) 1 NEW COMMERCIAL FILTER CCP420","6/24/2025","Técnico","6/25/2025","N/A",,"False","Camilo Hidalgo","6/26/2025","19053","1850.0","2/7/2025","1","1","-139"
"SKYHOUSE CHANNELSIDE","SKYHOUSE CHANNELSIDE","3900","540","Converted","Tank","Blue Life","(#3900) 1 NEW CHEMICAL TANK 50GAL","3/31/2025","Técnico","4/1/2025","N/A",,"False",,,"17959","540.0","4/10/2025","1","0",
"SKYHOUSE CHANNELSIDE","SKYHOUSE CHANNELSIDE","3782","1,544.64","Converted","Filter","Blue Life","(#3782) 8 FILTERS CC420","2/17/2025","Técnico","4/1/2025","N/A",,"False","Camilo Leon","4/11/2025","#17965","1544.64","4/11/2025","43","10","1"
"SKYHOUSE CHANNELSIDE","SKYHOUSE CHANNELSIDE","5393","7,899","Converted","Heaters","Blue Life","PENTAIR 400 ASME HEATER AND ANODE","12/18/2025","Comercial","12/18/2025","Manager","12/22/2025","True","No Aplica","12/22/2025","21715","7899","12/23/2025","1","4","1"
"SKYHOUSE CHANNELSIDE","SKYHOUSE CHANNELSIDE","5584","3,000","Pending","Acid Wash","Blue Life","FULL ACID WASH","2/5/2026","Operaciones",,,,"False",,,,,,"0","0","0"
"SKYHOUSE CHANNELSIDE","SKYHOUSE CHANNELSIDE","5892","107","Converted","Life Hook,Safety Equipment","Blue Life","HOOK, BLUE AND WHITE SAFETY FLOATS.","3/26/2026","Manager","5/20/2026","Manager","5/25/2026","True","Alfredo Jimenez","5/25/2026","23791","170","5/20/2026",,,
"SKYHOUSE CHANNELSIDE","SKYHOUSE CHANNELSIDE","6266","377","Converted","Flow Meter","Blue Life","COMMERCIAL FLOW METER  4, INSTALLATION","5/18/2026","Health Deparment","5/26/2026","Manager","6/11/2026","True","Brayan Alvares","6/11/2026","24216","377","6/12/2026",,,
"SKYHOUSE CHANNELSIDE","SKYHOUSE CHANNELSIDE","6302","200","Converted","Chlorinator Tabs","Blue Life","The process will include applying strong chemical treatment, deep cleaning the filt","5/22/2026","Operaciones","5/22/2026","Manager","5/22/2026","True","Dany Lopez","5/22/2026","23815","200","5/22/2026",,,
"SKYHOUSE CHANNELSIDE","SKYHOUSE CHANNELSIDE","6385","102","Converted","Safety Equipment","Blue Life","NEW ANCHORS., BLUE AND WHITE SAFETY FLOATS.","6/3/2026","Operaciones","6/4/2026","Manager","6/23/2026","True","Miguel Morales","6/23/2026","24223","102","6/12/2026",,,
"SKYHOUSE CHANNELSIDE","SKYHOUSE CHANNELSIDE","6507","65","Accepted","Safety Line Rope","Blue Life","SAFETY LINE ROPE.","6/23/2026","Operaciones","6/29/2026","Manager","7/23/2026","True","Miguel Morales",,,,,,,
"SKYHOUSE CHANNELSIDE","SKYHOUSE CHANNELSIDE","6600","1,542.24","Pending","Filter",,"COMMERCIAL POOL FILTERS CCP420 CARTRIDGE, INSTALLATION","7/3/2026",,,,,"False",,,,,,,,
"SKYMOR  WESLEY  CHAPEL","SKYMOR WESLEY CHAPEL",,,"Pending","Filter","Blue Life","(23) RECTANGULAR ANTHONY FILTER GRIDS + D.E. POWER, FULL INSTALATION ",,"Técnico",,,,"True",,"11/17/2025",,,,"0",,"0"
"SOCIETY WESTSHORE","SOCIETY WESTSHORE","4195","300","Converted","Skimmer Gutter","Blue Life","(#4195) 6 SKIMMER GUTTER","6/11/2025","Técnico","7/10/2025","N/A",,"False","Yasiel Amador","7/28/2025","20117","300.0","4/8/2025","29","18","-111"
"SOCIETY WESTSHORE","SOCIETY WESTSHORE","4053","1,358","Converted","Feeders","Blue Life","(#4053) POOL PEQUEÑA 2 FEEDER THE ACID AND CHLORINE","5/5/2025","Técnico",,,,"False",,,"18348","1358.0","5/15/2025","0","0",
"SOCIETY WESTSHORE","SOCIETY WESTSHORE","4750","364","Converted","RWLC Float Assembly","Blue Life","(#4750)RWLC FLOAT ASSEMBLY- PSICINA GRANDE ","7/25/2025","Técnico",,,,"False",,,"20206","364","8/28/2025","0","0",
"SOCIETY WESTSHORE","SOCIETY WESTSHORE","4741","1,147","Converted","Motors","Blue Life","(#4741) NEW 3HP POOL MOTOR + SEAL + IMPELLER","7/23/2025","Técnico","9/1/2025","Manager",,"False","Yasiel Amador","9/4/2025","#20528","$1147","9/9/2025","40","3","5"
"SOCIETY WESTSHORE","SOCIETY WESTSHORE","3823","2,500","Converted","Special Cleaning","Blue Life","(#3823) DEEP ACID WASH","3/6/2025","Técnico",,,,"False",,,"17668","2500.0","3/17/2025","0","0","0"
"SOCIETY WESTSHORE","SOCIETY WESTSHORE","5131","200","Converted","Toro Valve","Blue Life","POOL 1- WATER TORO VALVE., FULL INSTALLATION","10/20/2025","Manager",,"Manager","10/22/2025","True","Yasiel Amador","10/22/2025","20950","200","10/24/2025",,,"2"
"SOCIETY WESTSHORE","SOCIETY WESTSHORE","5132","524","Converted","Flotador","Blue Life","POOL 2- RWLC FLOAT ASSEMBLY, WATER TORO VALVE., FULL INSTALLATION","10/20/2025","Manager",,"Manager","10/22/2025","True","Yasiel Amador","10/22/2025","20951","524","10/24/2025",,,"2"
"SOCIETY WESTSHORE","SOCIETY WESTSHORE","3535","2,453.75","Converted","Filter","Blue Life",,"11/8/2024","Operaciones","11/12/2024","Manager","11/13/2024","True","No Aplica","11/13/2024","16462","2,453.75","11/13/2024","4","1","1"
"SOCIETY WESTSHORE","SOCIETY WESTSHORE","5455","380","Pending","Service Maintenance Equipment","Blue Life","BACK POOL: NEW HOSE FOR FEEDER +<br>LINE FEEDER +<br>PRESSURE GAUGE + <br>VACUUM GA","1/7/2026","Operaciones",,,,"False",,,,,,"0","0","0"
"SOCIETY WESTSHORE","SOCIETY WESTSHORE","5454","380","Pending","Service Maintenance Equipment","Blue Life","OFFICE POOL: NEW HOSE FOR FEEDER +<br>LINE FEEDER +<br>PRESSURE GAUGE + <br>VACUUM ","1/7/2026","Operaciones",,,,"False",,,,,,"0","0","0"
"SOCIETY WESTSHORE","SOCIETY WESTSHORE","5668","846","Converted","Lights","Blue Life","SMALL POOL: NEW WHITE LIGHT BLUB., BACK POOL: NEW WHITE LIGHT BLUB., INSTALLATION","2/20/2026","Operaciones","2/20/2026","Manager",,"True","Camilo Leon","3/5/2026","22836","846","3/6/2026",,,
"SOCIETY WESTSHORE","SOCIETY WESTSHORE","5694","380","Converted","Feeders,Service Maintenance Equipment","Blue Life","LARGE POOL CHLORINE FEEDER: NEW HOSE FOR FEEDER +<br>LINE FEEDER +<br>PRESSURE GAUG","2/25/2026","Operaciones","3/3/2026","Manager","3/4/2026","True","Camilo Leon","3/4/2026","22838","380","3/6/2026",,,
"SOCIETY WESTSHORE","SOCIETY WESTSHORE","5693","769","Converted","Feeders,Plumbing","Blue Life","LARGE POOL: NEW CHEMICAL STENNER PUMP - PH FEEDER, LARGE POOL: PH FEEDER INSTALLATION AND NEW TUBES, FILTER PLUMBING REPAIR, PARTS AND LABOR","2/25/2026","Operaciones","3/3/2026","Manager","3/4/2026","True","Camilo Leon","3/7/2026","22856","679","3/12/2026",,,
"SOCIETY WESTSHORE","SOCIETY WESTSHORE","6173","2,957.5","Converted","Lights","Blue Life","POOL 1 : 2 NEW LED WHITE LIGHT., INSTALLATION","5/5/2026","Operaciones","5/6/2026","Manager","5/8/2026","True","Brayan Alvares","5/8/2026","23744","2,957.50","5/8/2026",,,
"SOCIETY WESTSHORE","SOCIETY WESTSHORE","6174","2,957.5","Pending","Lights",,"POOL 2 NEW LED WHITE LIGHT., INSTALLATION","5/5/2026",,,,,"False",,,,,,,,
"SOCIETY WESTSHORE","SOCIETY WESTSHORE","6231","1,540","Accepted","Filter","Blue Life","BIG POOL: COMMERCIAL SPA FILTERS PLM300, INSTALLATION","5/13/2026","Operaciones","8/24/2026","Manager","8/24/2026","True",,,,,,,,
"SOCIETY WESTSHORE","SOCIETY WESTSHORE","6316","140","Converted","O ring Filter","Blue Life","O-RING","5/25/2026","Operaciones","5/26/2026","Manager","6/3/2026","True","Camilo Hidalgo","6/3/2026","24179","140","6/4/2026",,,
"Sole At Brandon","Sole at Brandon","6622","1,771","Converted","Filter","Blue Life","40 COMMERCIAL POOL FILTER DISC., D.E POWDER., INSTALLATION","7/13/2026","Operaciones","7/24/2026","Manager","7/31/2026","True","Brayan Alvares","8/3/2026","24985","1,771","8/3/2026",,,
"Sole On Central","Sole On Central","6431","56","Converted","ESCUTCHEON PLATE","Blue Life","ESCUTCHEON PLATE","6/11/2026","Operaciones","6/11/2026","Manager","6/18/2026","True","Gustavo Barrero","6/18/2026","24247","56","6/18/2026",,,
"Sole On Central","Sole On Central","4986","380","Converted","Service Maintenance Equipment","Blue Life","SPA <br>NEW HOSE FOR FEEDER +<br>LINE FEEDER +<br>PRESSURE GAUGE + <br>VACUUM GAUGE","9/11/2025","Health Deparment","6/11/2026","Manager","6/16/2026","True","Camilo Leon","6/16/2026","24237","380","6/16/2026",,,
"Sole On Central","Sole On Central","6553","70","Converted","Feeders","Blue Life","LINE FEEDER, INSTALLATION","6/29/2026","Operaciones","6/29/2026","Manager","7/2/2026","True","Gustavo Barrero","7/2/2026","24643","70","7/3/2026",,,
"Sole On Central","Sole On Central","6783",,"Converted","Valves","Blue Life","2 CHECK VALVE., FULL INSTALLATION","8/12/2026","Operaciones","8/17/2026","Manager","8/21/2026","True","Brayan Alvares","8/19/2026","25151","250","8/19/2026",,,
"SOLLY MIRELL ","SOLLY MIRELL","5081","7,699.34","Converted","Pumps,Filter,Salt Cell,Acid Wash,Autofill,Lights","Blue Life","1.5 HP VS COMMERCIAL POOL PUMP VARIABLE,PENTAIR CC150 COMPLETE.,PLUMBING.,PENTAIR SALT SYSTEM (SALT CELL),FULL ACID WASH,INSTALLATION OF NEW PUMP, FILTER, SALT SYSTEM AND PLUMBING,POOL LIGHT,PUMP INTELLIBOARD TO CONTROL LIGHT,POOL SALT FOR START UP","10/1/2025","Manager","10/6/2025","Manager","10/10/2025","True","Brayan Alvares","10/10/2025","20916","7.699.34","10/17/2025","5","4","7"
"SOLLY MIRELL ","SOLLY MIRELL","5143","300","Converted","Service Call","Blue Life","ELECTRICAL CONNECTION LABOR AND MATERIALS","10/14/2025","Operaciones","10/14/2025","Manager","10/15/2025","True","Brayan Alvares","10/15/2025","21251","300","11/4/2025","1","1","20"
"SOLLY MIRELL","SOLLY MIRELL",,,"Pending","Filter","Blue Life",,,"Operaciones",,,,"True",,"10/10/2025",,,,"0",,"0"
"SOUTH CREEK CDD","SOUTH CREEK CDD",,,"Pending","Filter","Blue Life",,,"Operaciones",,,,"True",,"10/25/2024",,,,"0",,"0"
"SOUTH CREEK CDD","SOUTH CREEK CDD","5651","619","Pending","Feeders",,"NEW CHEMICAL STENNER PUMP - PH FEEDER, PH FEEDER INSTALLATION","2/17/2026",,,,,"False",,,,,,,,
"SOUTH CREEK CDD","SOUTH CREEK CDD","5994","94","Converted","Throw Rope","Blue Life","2 SAFETY THROW ROPE","4/7/2026","Operaciones","4/14/2026","Manager","4/17/2026","True","Angel Hernandez","4/17/2026","23323","94","4/17/2026",,,
"SOUTH CREEK CDD","SOUTH CREEK CDD","6045","950","Converted","Leak",,"Commercial full leak detection.","4/15/2026","Operaciones","6/12/2026",,"7/8/2026","False",,"7/8/2026","24662","950","7/8/2026",,,
"SOUTH CREEK CDD","SOUTH CREEK CDD","6377","169","Converted","Safety Equipment","Blue Life","SAFETY POLE 16"" - NET","6/2/2026","Operaciones","6/2/2026","Manager","6/5/2026","True","Angel Hernandez","6/5/2026","24195","169","6/5/2026",,,
"SOUTH CREEK CDD","SOUTH CREEK CDD","6602","1,769","Pending","Filter",,"COMMERCIAL POOL RECTANGULAR ANTHONY FILTER GRIDS, D.E POWDER., INSTALLATION","7/3/2026",,,,,"False",,,,,,,,
"SOUTH CREEK CDD","SOUTH CREEK CDD","6621","4,200","Converted","Leak",,"Commercial Pool Return-to-Pool Line Repair – Vac Pack Area<br>This repair consists ","7/8/2026","Operaciones","7/29/2026","Manager","7/28/2026","True",,"7/31/2026","24752","4,200","7/31/2026",,,
"SOUTH CREEK CDD","SOUTH CREEK CDD","6738",,"Accepted","Service Call",,"Services Call","8/3/2026","Operaciones","8/3/2026","Manager","8/3/2026","False",,,,,,,,
"SOUTH CREEK CDD","SOUTH CREEK CDD","6746",,"Converted","Motors","Brian/ Responsable Pools","POOL: NEW COMMERCIAL MOTOR 7.5 HP., IMPELLER 7.5HP, MOTOR SEAL., INSTALLATION","8/5/2026","Operaciones","8/5/2026","Manager","8/10/2026","True","No Aplica","8/10/2026","25094","3,600","8/11/2026",,,
"SPENCER CREEK CDD","SOUTH CREEK CDD","3848","11,150","Converted","Pool Lifts","Blue Life","(#3848)PAL2 PORTABLE POOL LIFT ADA APPROVA +DELIVERY","3/14/2025","Técnico","6/24/2025","N/A",,"False","Giovanny Silva","6/24/2025","18753","11150.0","6/24/2025","102","1","1"
"ST PETE BEACH SUITES","ST PETE BEACH SUITES","2845","242","Converted","Filter","Blue Life","(#2845) 1 CC100 Filters","6/30/2025","Técnico","7/1/2025","N/A",,"False","Brayan Alvares","6/30/2025","19105","242.0","7/7/2025","1","-1","7"
"ST PETE BEACH SUITES","ST PETE BEACH SUITES","3660","283.6","Converted","Safety Equipment","Blue Life","(#3660) 1 SAFETY LINE ROPE + SAFETY FLOATS + ANCHORS PARA COMPLETAR HD","1/2/2025","Técnico",,,,"False",,,"17271","283.6","4/2/2025","0","0",
"ST PETE BEACH SUITES","ST PETE BEACH SUITES","5495","350","Pending","Valves","Blue Life","HAYWARD MULTIPORT VALVE., FULL INSTALLATION","1/19/2026","Operaciones",,,,"False",,,,,,"0","0","0"
"ST PETE BEACH SUITES","ST PETE BEACH SUITES","5571","180","Pending","Heaters","Blue Life","Gas heater service call","2/3/2026","Operaciones",,,,"False",,,,,,"0","0","0"
"ST PETE BEACH SUITES","ST PETE BEACH SUITES","5899","195","Pending","Safety Line Rope,Life Hook",,"SAFETY LINE ROPE., HOOK","3/26/2026",,,,,"False",,,,,,,,
"ST PETE BEACH SUITES","ST PETE BEACH SUITES","6034","705","Converted","Filter","Blue Life","HAYWARD POOL FILTERS GRIDS 6020., D.E POWDER., FILTER INSTALLATION","4/14/2026","Operaciones","4/21/2026","Manager","4/23/2026","True","Brayan Alvares","4/23/2026","23353","705","4/24/2026",,,
"STELLAR AT MASTERS AVENUE","STELLAR AT MASTERS AVENUE","4128",,"Converted","Lights","Blue Life","(#4128) POOL LIGHT WEDGE","5/20/2025","Técnico",,,,"False",,,"18400","193","5/27/2025","0","0",
"STELLAR AT MASTERS AVENUE","STELLAR AT MASTERS AVENUE","4979","1,080","Converted","Filter","Blue Life","(#4979) FILTERS PLM 200 x2 + LABOR","9/9/2025","Manager","9/12/2025","Quickbooks",,"False","Brayan Alvares","9/15/2025","20563","$1080","9/22/2025","3","3","7"
"STELLAR AT MASTERS AVENUE","STELLAR AT MASTERS AVENUE","5007","500","Converted","Special Cleaning","Blue Life","ALGAECIDE TREATMENT","9/12/2025","Operaciones",,,,"False",,,"20582","500","9/29/2025","0","0",
"STELLAR AT MASTERS AVENUE","STELLAR AT MASTERS AVENUE",,,"Pending","Filter","Blue Life",,,"Operaciones",,,,"True",,"9/18/2025",,,,"0",,"0"
"STELLAR AT MASTERS AVENUE","STELLAR AT MASTERS AVENUE","5618","180","Converted","Heaters","Brian/ Responsable Pools","Gas heater service call","2/12/2026","Operaciones","3/10/2026","Manager","3/24/2026","False","No Aplica","3/24/2026","22904","180","3/25/2026","0","0","0"
"STELLAR AT MASTERS AVENUE","STELLAR AT MASTERS AVENUE","5645","380","Pending","Service Maintenance Equipment",,"NEW HOSE FOR FEEDER +<br>LINE FEEDER +<br>PRESSURE GAUGE + <br>VACUUM GAUGE +<br>CL","2/16/2026","Operaciones",,,,"False",,,,,,,,
"STELLAR AT MASTERS AVENUE","STELLAR AT MASTERS AVENUE","5870","1,175","Pending","Heat Control Board",,"Heat board replacement","3/24/2026",,,,,"False",,,,,,,,
"STELLAR AT MASTERS AVENUE","STELLAR AT MASTERS AVENUE","6020","540","Converted","Main Drain",,"Commercial Main Drain cover VGB., FULL INSTALLATION","4/13/2026","Operaciones","4/14/2026","Manager","4/21/2026","True","Brayan Alvares","4/21/2026","23340","540","4/22/2026",,,
"STELLAR AT MASTERS AVENUE","STELLAR AT MASTERS AVENUE","6795",,"Accepted","Basket","Blue Life","BASKET PUMP","8/14/2026","Operaciones","8/14/2026","Manager",,"False",,,,,,,,
"STILLWATER PALMS","STILLWATER PALMS","3885","2,890","Converted","Motors","Blue Life","(#3885) 1 NEW COMMERCIAL 3HP PUMP +NEW PLUMBING FOR THE INSTALLATIONE","3/26/2025","Técnico",,,,"False",,,"18008","2890.0","4/23/2025","0","0",
"STILLWATER PALMS","STILLWATER PALMS","3884","560","Converted","Chlorinator Tabs","Blue Life","(#3884) 1 CHLORINATOR TABS COMPLETAR HD","3/26/2025","Health Department",,,,"False",,,"17986","560.0","4/17/2025","0","0",
"STILLWATER PALMS","STILLWATER PALMS","4221","800","Converted","Leak","Roger/BigBlue","(#4221) Commercial full leak detection. BACK POOL","6/17/2025","Técnico","8/21/2025","N/A",,"False","No Aplica","9/8/2025","20501","800","9/8/2025","65","18","1"
"STILLWATER PALMS","STILLWATER PALMS","3752","535.4","Converted","Plumbing","Blue Life","PLUMBING AND UNIONS+FULL INSTALLATION","2/6/2025","Técnico",,,,"False",,,"17223","535.4","2/12/2025","0","0","0"
"STILLWATER PALMS","STILLWATER PALMS","3723","228.15","Converted","Pumps","Blue Life","SEAL + FULL INSTALLATION","1/23/2025","Técnico",,,"1/30/2025","False","Camilo Leon","1/30/2025","20906","225","10/10/2025","0",,"253"
"STILLWATER PALMS","STILLWATER PALMS","5070","3,200","Pending","Leak","Roger/BigBlue","Work Scope – Pool Light Conduit Repair<br><br>Issue Identified:<br>The pool light c","11/14/2025","Operaciones",,,,"True",,,,,,"0","0","0"
"STILLWATER PALMS","STILLWATER PALMS","3607","1,476.98","Converted","Filter","Blue Life","(15) COMMERCIAL POOL FILTER DISK THE OTHER POOL, D.E POWER, WATER LEVEL CONTROL VALVE VAKPAK SYSTEM, NEW PLUMBING FOR THE INSTALLATION, STAR UP, FULL INSTALLATION ","12/2/2024","Operaciones","2/4/2025","Manager","2/6/2025","True","Yasiel Amador","2/6/2025","17625","1,476.25","3/6/2025","64","2","28"
"STILLWATER PALMS","STILLWATER PALMS","5559","555","Declined","Filter","Blue Life","COMMERCIAL POOL FILTER DISK - THE OTHE POOL, D.E POWDER., FULL INSTALLATION","1/30/2026","Operaciones",,,,"False",,,,,,"0","0","0"
"STILLWATER PALMS","STILLWATER PALMS","6278","1,330","Converted","Filter","Blue Life","200 Sq Ft Clean & Clear® RP Cartridge Filter, INSTALLATION","5/20/2026","Operaciones","5/22/2026","Manager","6/1/2026","True","Brayan Alvares","6/1/2026","24164","1,330","6/1/2026",,,
"STILLWATER PALMS","STILLWATER PALMS","6279","79","Pending","Filter",,"PENTAIR FILTER UNION KIT","5/20/2026",,,,,"False",,,,,,,,
"STILLWATER PALMS","STILLWATER PALMS","6224","1,357","Converted","Filter","Blue Life","OFFICE POOL FILTER DISC., D.E POWDER., POOL: GATE VALVE PART, INSTALLATION","6/3/2026","Operaciones","6/3/2026","Manager","6/4/2026","True","Brayan Alvares","6/4/2026","24187","1,357","6/4/2026",,,
"STILLWATER PALMS","STILLWATER PALMS","6376","772","Converted","Filter","Blue Life","GYM POOL POOL 2: FILTER DISC., D.E POWDER., INSTALLATION","6/3/2026","Operaciones","6/3/2026","Manager","6/4/2026","True","Brayan Alvares","6/4/2026","24188","772","6/4/2026",,,
"STORY LAKE GIBSON","STORY LAKE GIBSON","4146","1,229","Converted","Filter","Blue Life","(#4146) 24 RECTANGULAR ANTHONY FILTER GRIDS +D.E POWER","5/27/2025","Técnico","6/16/2025","N/A",,"False","Brayan Alvares","6/30/2025","19057","1229.0","3/7/2025","20","14","-115"
"STORY LAKE GIBSON","STORY LAKE GIBSON","5392","102","Converted","Feeders","Blue Life","Rules Sing, NEW CHEMICAL PH STENNER PUMP, NEW CHEMICAL CHLORINE STENNER PUMP, FULL INSTALLATION","12/17/2025","Operaciones","12/18/2025","Manager","12/19/2025","True","Camilo Hidalgo","12/22/2025","21714","1340",,"1","4",
"STORY LAKE GIBSON","STORY LAKE GIBSON","5566","140","Converted","Toro Valve","Blue Life","WATER TORO VALVE., INSTALLATION","2/3/2026","Operaciones","2/3/2026","Manager","2/10/2026","False","Brayan Alvares","2/12/2026","22449","200","2/13/2026","1","9","0"
"STORY LAKE GIBSON","STORY LAKE GIBSON","5910","27","Converted","Gauges","Blue Life","POOL PRESSURE GAUGE.","3/30/2026","Operaciones","3/30/2026","Manager","3/31/2026","True","Camilo Leon","3/31/2026","23240","27","4/1/2026",,,
"STORY LAKE GIBSON","STORY LAKE GIBSON","5914","628.25","Converted","ORP Sensor","Blue Life","ORP SENSOR - CHLORINE, INSTALLATION","3/30/2026","Operaciones","4/8/2026","Manager","4/24/2026","True","Dany Lopez","4/24/2026","23356","628.25","4/24/2026",,,
"STORY LAKE GIBSON","STORY LAKE GIBSON","6387","211","Pending","Feeders,Flotador",,"NEW CHEMICAL STENNER PUMP- CHLORINE FEEDER, WATER LEVEL CONTROL VALVE VAKPAK SYSTEM., INSTALLATION OF FEEDER AND WATER LEVEL CONTROL","6/3/2026",,,,,"False",,,,,,,,
"STORY WESLEY CHAPEL","STORY WESLEY CHAPEL","3765","619","Converted","Feeders","Blue Life","(#3765) FEEDER STENNER PUMP","2/11/2025","Técnico",,,,"False",,,"17945","600.0","3/2/2025","0","0",
"STORY WESLEY CHAPEL","STORY WESLEY CHAPEL","5215","380","Pending","Service Maintenance Equipment","Blue Life","NEW HOSE FOR FEEDER +LINE FEEDER +PRESSURE GAUGE + VACUUM GAUGE +CL","10/27/2025","Operaciones",,,,"False",,,,,,"0","0","0"
"STORY WESLEY CHAPEL","STORY WESLEY CHAPEL","5235","1,216","Pending","Filter","Blue Life","RECTANGULAR ANTHONY FILTER GRIDS, D.E POWDER., FULL INSTALLATION","10/31/2025","Operaciones",,,,"False",,,,,,"0","0","0"
"STORY WESLEY CHAPEL","STORY WESLEY CHAPEL","5810","80","Pending","Feeders",,"NEW HOSE FOR CHLORINE FEEDER., INSTALLATION","3/16/2026",,,,,"False",,,,,,,,
"STORY WESLEY CHAPEL","STORY WESLEY CHAPEL","5863","380","Pending","Service Maintenance Equipment",,"NEW HOSE FOR FEEDER +<br>LINE FEEDER +<br>PRESSURE GAUGE + <br>VACUUM GAUGE +<br>CL","3/23/2026",,,,,"False",,,,,,,,
"SUNSET OAKS APARTMENTS","SUNSET OAKS APARTMENTS","4257","273","Converted","Safety Equipment","Blue Life","(#4257) 1 SAFETY LINE ROPE + 6 ANCHORS +NEW ANCHORS","6/25/2025","Técnico","6/27/2025","N/A",,"False","Camilo Hidalgo","7/1/2025","19056","273.0","3/7/2025","2","4","-116"
"SUNSET OAKS APARTMENTS","SUNSET OAKS APARTMENTS","4127","152","Converted","Safety Equipment","Blue Life","(#4127) POOL RULES","5/20/2025","Health Department","5/30/2025","N/A",,"False","Brayan Alvares","6/9/2025","18692","152.0","6/9/2025","10","10","1"
"SUNSET OAKS APARTMENTS","SUNSET OAKS APARTMENTS","3987","1,381","Converted","Main Drain,Filter","Blue Life","(#3987)CUSTOMIZE MAIN DRAIN AND SKIMMER PLUNGER +COMMERCIAL POOL FILTER DISK +D.E. POWDER ","4/15/2025","Técnico","5/30/2025","N/A",,"False","Brayan Alvares","6/16/2025","18720","1381.0","6/18/2025","45","17","2"
"SUNSET OAKS APARTMENTS","SUNSET OAKS APARTMENTS","4813","800","Converted","Leak","Roger/BigBlue","Commercial full leak detection.","8/18/2025","Técnico","11/17/2025","Manager","11/26/2025","False","No Aplica","1/11/2026","22095","800","1/23/2026","91","55","12"
"SUNSET OAKS APARTMENTS","SUNSET OAKS APARTMENTS","5152","707","Converted","Motors","Blue Life","NEW COMMERCIAL POOL VACUUM MOTOR 1HP., IMPELLER, SEAL, FULL INSTALLATION","10/16/2025","Operaciones","11/7/2025","Manager","11/12/2025","True","Camilo Hidalgo","11/12/2025","21288","707","11/14/2025","22","5","2"
"SUNSET OAKS APARTMENTS","SUNSET OAKS APARTMENTS","5153","2,700","Converted","Pumps","Blue Life","NEW COMMERCIAL 3HP PUMP INTELLIFLO, FULL INSTALLATION","10/16/2025","Operaciones","11/4/2025","Manager","11/6/2025","True","Brayan Alvares","11/6/2025","21262","2.700","11/7/2025","19","2","1"
"SUNSET OAKS APARTMENTS","SUNSET OAKS APARTMENTS","5680","540","Converted","Main Drain","Blue Life","Commercial Main Drain cover VGB., FULL INSTALLATION","2/25/2026","Operaciones","2/25/2026","Manager","3/5/2026","True","Brayan Alvares","3/4/2026","22826","540","3/4/2026",,,
"SUNSET OAKS APARTMENTS","SUNSET OAKS APARTMENTS","5827","107","Converted","Safety Equipment","Blue Life","SAFETY LINE ROPE., BLUE AND WHITE SAFETY FLOATS.","3/24/2026","Operaciones","3/23/2026","Manager","3/25/2026","True","No Aplica","3/25/2026","22910","107","3/25/2026",,,
"SUNSET OAKS APARTMENTS","SUNSET OAKS APARTMENTS","6212","95","Converted","Safety Line Rope",,"SAFETY LINE ROPE., INSTALLATION","5/11/2026","Operaciones","5/13/2026","Manager","5/15/2026","True","Gustavo Barrero","5/15/2026","23764","95","5/15/2026",,,
"SUNSET OAKS APARTMENTS","SUNSET OAKS APARTMENTS","6256","211","Pending","Flotador",,"WATER LEVEL CONTROL VALVE VAKPAK SYSTEM., INSTALLATION","5/18/2026",,,,,"False",,,,,,,,
"SUNSET OAKS APARTMENTS","SUNSET OAKS APARTMENTS","6589","1,031","Pending","Filter",,"COMMERCIAL POOL FILTER DISC., D.E POWDER., INSTALLATION","7/1/2026",,,,,"False",,,,,,,,
"SWEETWATER APARTMENTS","SWEETWATER APARTMENTS","4183","619","Converted","Feeders","Blue Life","(#4183) NEW CHEMICAL STENNER PUMP FOR THE CHLORINE ","6/9/2025","Operaciones","6/10/2025","N/A",,"False","Angel Viña","6/27/2025","19059","619.0","3/7/2025","1","17","-112"
"SWEETWATER APARTMENTS","SWEETWATER APARTMENTS","3890","671","Converted","Main Drain","Blue Life","(#3890) 1 Commercial Main Drain cover VGB + 3 POOL PRESSURE GAUGE","3/27/2025","Técnico",,,,"False",,,"17953","671.0","8/4/2025","0","0",
"SWEETWATER APARTMENTS","SWEETWATER APARTMENTS",,,"Pending","Filter","Blue Life","FILTROS DE ARENA ",,"Operaciones",,,,"True",,"2/20/2019",,,,"0",,"0"
"SWEETWATER APARTMENTS","SWEETWATER APARTMENTS","5549","2,450","Converted","Pumps","Blue Life","NEW COMMERCIAL 3HP PUMP - 1 PHASE INTELLIFLO, FULL INSTALLATION","1/28/2026","Manager","2/13/2026","Manager","2/14/2026","False","Brayan Alvares","2/14/2026","22457","2883.75","2/16/2026","16","0","0"
"SWEETWATER APARTMENTS","SWEETWATER APARTMENTS","5521","380","Converted","Service Maintenance Equipment","Blue Life","NEW HOSE FOR FEEDER +<br>LINE FEEDER +<br>PRESSURE GAUGE + <br>VACUUM GAUGE +<br>CL","2/12/2026","Operaciones","2/13/2026","Manager","2/14/2026","False","Brayan Alvares","2/14/2026","22461","380","2/16/2026","1","0","0"
"SWEETWATER APARTMENTS","SWEETWATER APARTMENTS","5849","160","Converted","Feeders","Blue Life","NEW HOSE FOR FEEDERS - PH, INSTALLATION, GATE VALVE, PART AND LABOR","3/20/2026","Operaciones","3/23/2026","Manager","4/8/2026","True","Angel Viña","4/10/2026","23287","160","4/10/2026",,,
"SWEETWATER APARTMENTS","SWEETWATER APARTMENTS","6069","250","Converted","Lid",,"LID HINCHES","4/20/2026","Health Deparment","5/6/2026","Manager","5/25/2026","True","Brayan Alvares","5/25/2026","23820","250","5/25/2026",,,
"SWEETWATER APARTMENTS","SWEETWATER APARTMENTS","6859",,"Pending","[]",,"POOL: NEW CHEMICAL STENNER PUMP - PH FEEDER, FULL INSTALLATION","8/26/2026",,,,,"False",,,,,,,,
"SYLVAN CROSSING","SYLVAN CROSSING","5236","600","Converted","Special Cleaning","Blue Life","SPECIAL POOL CLEANING FOR START UP","11/4/2025","Operaciones","11/7/2025",,"11/6/2025","True","Camilo Leon","11/6/2025","21276","600","11/12/2025","3","-1","6"
"SYLVAN CROSSING","SYLVAN CROSSING","5237","957","Converted","Filter","Blue Life","18 RECTANGULAR ANTHONY FILTER GRIDS, D.E POWDER, FULL INSTALLATION","11/4/2025","Health Department","11/7/2025","Manager","11/7/2025","True","Brayan Alvares","11/7/2025","21284","957","11/12/2025","3","1","5"
"SYLVAN CROSSING","SYLVAN CROSSING","5238","450","Converted","Special Cleaning","Blue Life","SPECIAL CLEANING FOR JETS","11/4/2025","Operaciones","11/7/2025",,"11/6/2025","True","Camilo Hidalgo","11/6/2025","21277","450","11/12/2025","3","-1","6"
"SYLVAN CROSSING","SYLVAN CROSSING","5271","600","Converted","Filter","Blue Life","COMMERCIAL JETS FILTERS PLM300","11/7/2025","Operaciones","11/7/2025","Manager","11/7/2025","True","Brayan Alvares","11/7/2025","21283","300","11/12/2025","1","1","5"
"SYLVAN CROSSING","SYLVAN CROSSING","5244","2,500","Converted","Acid Wash","Blue Life","FULL ACID WASH","11/14/2025","Operaciones","11/25/2025","Manager","2/6/2026","True","Camilo Hidalgo","2/6/2026","22434","2500","2/9/2026","11","73","3"
"SYLVAN CROSSING","SYLVAN CROSSING","5568","180","Converted","Heaters","Brian/ Responsable Pools","Gas heater service call","2/3/2026","Operaciones","2/9/2026","Manager","2/12/2026","False","No Aplica","2/12/2026","22468","180","2/17/2026","6","0","0"
"SYLVAN CROSSING","SYLVAN CROSSING","5750","200","Converted","Tiles","Blue Life","TILE, LABOR AND MATERIALS","3/10/2026","Operaciones","3/11/2026","Manager","4/2/2026","True","Brayan Alvares","4/2/2026","23250","200","4/3/2026",,,
"TALAT","TALAT MUKHTAR","5592","340","Converted","Filter","Blue Life","JANDY POOL FILTERS GRIDS DEV60, FULL INSTALLATION","2/10/2026","Operaciones","2/11/2026","Manager","2/11/2026","True","Brayan Alvares","2/10/2026","22443","520","2/11/2026","1","-1","1"
"TELMA CRUZ","TELMA CRUZ",,,"Accepted","Filter","Blue Life","FILTROS CC150","5/5/2026","Operaciones",,"Los cambió la propiedad","7/14/2026","True",,"2/21/2019",,,,"0",,"0"
"TELMA CRUZ","TELMA CRUZ","6166","280","Pending","Filter",,"POOL FILTERS CC150, INSTALLATION","5/4/2026",,,,,"False",,,,,,,,
"Terrace Oaks Town Homes","Terrace Oaks Town Homes","5342","700","Converted","Special Cleaning","Blue Life","SPECIAL POOL CLEANING FOR START UP","11/28/2025","Operaciones","11/28/2025","Manager","12/2/2025","False","Camilo Hidalgo",,"21636","700","12/3/2025","1","0",
"Terrace Oaks Town Homes","Terrace Oaks Town Homes","5773","653","Pending","Vacuum Plug,Throw Rope,Main Drain",,"VACCUM PLUG., SAFETY THROW ROPE., Commercial Main Drain cover VGB., FULL INSTALLATION","3/11/2026",,,,,"False",,,,,,,,
"Terrace Oaks Town Homes","Terrace Oaks Town Homes","5935","596","Converted","Main Drain","Blue Life","Commercial Main Drain cover VGB INSTALLATION","3/31/2026","Health Deparment","5/21/2026","Manager","5/22/2026","True","Brayan Alvares","5/22/2026","23811","250","5/22/2026",,,
"Terrace Oaks Town Homes","Terrace Oaks Town Homes","6800",,"Pending","Gauges","Blue Life","POOLPRESSURE/VACCUM GAUGE., INSTALLATION","8/21/2026","Health Deparment",,,,"True","Adrian Suarez",,,,,,,
"Terrace Oaks Town Homes","Terrace Oaks Town Homes","6857",,"Pending","[]",,"Remove the existing affected surface as needed, prepare the pool surface, and insta","8/25/2026",,,,,"False",,,,,,,,
"TESSA SPRINGS","TESSA SPRINGS","4054","1,120","Converted","Motors","Blue Life","(#4054) 3HP MOTOR , SEAL , IMPELLER","5/6/2025","Operaciones",,,,"False",,,"18349","1120.0","5/15/2025","0","0",
"TESSA SPRINGS","TESSA SPRINGS","4014","251","Converted","Flotador","Blue Life","(#4014) 1 WATER LEVEL CONTROL VALVE VAKPAK SYSTEM","4/18/2025","Técnico",,,,"False",,,"18009","251.0","4/23/2025","0","0",
"TESSA SPRINGS","TESSA SPRINGS","3898","1,120","Converted","Motors","Blue Life","(#3898) 1 MOTOR 3HP + SEAL + IMPELLER","3/31/2025","Técnico",,,,"False",,,"18334","1120.0","4/14/2025","0","0",
"TESSA SPRINGS","TESSA SPRINGS","3771","300","Converted","Plumbing","Blue Life","(#3771)PUMP PLUMBING REPAIR PARTS AND LABOR","2/13/2025","Técnico",,,,"False",,,"17244","300.0","2/14/2025","0","0",
"TGM BAY ISLE","TGM BAY ISLE","5364","24,942","Converted","Pumps,Plumbing,Toro Valve,Flotador,Acid Wash,Returns Cover","Blue Life","OFFICE POOL- NEW COMMERCIAL 3HP PUMP., OFFICE POOL- NEW PLUMBING FOR THE INSTALLATION., LOFFICE POOL- FULL INSTALLATION NEW COMMERCIAL 3HP PUMP., OFFICE POOL- WATER TORO VALVE., OFFICE POOL- WATER LEVEL CONTROL VALVE VAKPAK SYSTEM., OFFICE POOL-INSTALLATION TORO VALVE AND VAKPAK SYSTEM OFFICE POOL, OFFICE POOL-FULL ACID WASH, OFFICE POOL-REPLACE ALL FLOOR RETURNS AND MAIN DRAIN, LAP POOL- WATER TORO VALVE., LAP POOL- WATER LEVEL CONTROL VALVE VAKPAK SYSTEM., LAP POOL-INSTALLATION TORO VALVE AND VAKPAK SYSTEM OFFICE POOL, LAP LED WHITE POOL LIGT AND INSTALLATION, LAP POOL- FULL ACID WASH, LAP POOL-REPLACE ALL FLOOR RETURNS AND MAIN DRAIN, SPA- (2) NEW HOSE FOR FEEDER +<br>(2) LINE FEEDER +<br>PRESSURE GAUGE + <br>VACUUM , SPA- HAYWARD 400 ASME (COMMERCIAL APPLICATION)<br>INCLUDES EXTERNAL FLOW SWITCH AND, CLUB HOUSE- WATER TORO VALVE., CLUB HOUSE- WATER LEVEL CONTROL VALVE VAKPAK SYSTEM., CLUB HOUSE-INSTALLATION TORO VALVE AND VAKPAK SYSTEM OFFICE POOL, CLUB HOUSE- REPLACE ALL FLOOR RETURNS AND MAIN DRAIN, CLUB HOUSE- FULL ACID WASH","12/5/2025","Operaciones","12/17/2025","Manager",,"True","Camilo Hidalgo","12/29/2025","21721","24,942","12/29/2025","12","12","1"
"TGM BAY ISLE","TGM BAY ISLE","5555","560","Converted","Motors","Blue Life","NEW COMMERCIAL POOL MOTOR 2HP., IMPELLER, MOTOR SEAL, INSTALLATION","1/29/2026","Operaciones","1/29/2026","Manager","1/30/2026","True","Brayan Alvares","1/30/2026","22113","1056","1/30/2026","1","1","1"
"TGM BAY ISLE","TGM BAY ISLE","5761","625","Converted","Plumbing,Lid,Flotador,Plunger","Blue Life","BACK POOL: THREE WAY VALVE, BACK POOL: NEW PLUMBING FOR THE INSTALLATION., BACK POOL: PUMP LID, BACK POOL: VAKPAK REPAIR KIT PLUNGER - 6 INCHES, BACK POOL: FULL INSTALLATION","3/10/2026","Operaciones","3/25/2026","Manager","3/31/2026","True","Brayan Alvares","3/31/2026","23232","625","4/1/2026",,,
"TGM BAY ISLE","TGM BAY ISLE","5858","1,300","Pending","Lights",,"NEW LED WHITE LIGHT., INSTALLATION","3/23/2026",,,,,"False",,,,,,,,
"TGM BAY ISLE","TGM BAY ISLE","5966","80","Converted","Backwash Hose","Blue Life","OFFICE POOL: Blue backwash hose part and labor","4/2/2026","Operaciones","4/2/2026","Manager","4/9/2026","True","Rui Daniel Acevedo","4/9/2026","23285","80","4/10/2026",,,
"TGM BAY ISLE","TGM BAY ISLE","6078","286","Converted","Steps","Blue Life","NEW STAINLESS STEEL STEP., INSTALLATION","4/21/2026","Operaciones","5/15/2026","Manager","5/16/2026","True","Brayan Alvares","5/16/2026","23778","286","5/18/2026",,,
"TGM BAY ISLE","TGM BAY ISLE","6148","275","Converted","Plumbing","Blue Life","OFFICE POOL: THREE WAY VALVE, OFFICE POOL: NEW PLUMBING FOR THE INSTALLATION., FULL INSTALLATION","4/30/2026","Operaciones","4/30/2026","Manager","5/4/2026","True","Brayan Alvares","5/4/2026","23714","275","5/4/2026",,,
"TGM BAY ISLE","TGM BAY ISLE","6428","950","Converted","Leak",,"Commercial full leak detection Clubhouse","6/11/2026",,,,"6/23/2026","False",,"6/23/2026","24296","950",,,,
"TGM BAY ISLE","TGM BAY ISLE","6534","211","Accepted","Flotador","Blue Life","WATER LEVEL CONTROL VALVE VAKPAK SYSTEM., INSTALLATION","6/25/2026","Operaciones","6/25/2026","Manager","6/27/2026","True","Gustavo Barrero",,,,,,,
"TGM BAY ISLE","TGM BAY ISLE","6566","1,300","Accepted","Leak","Blue Life","Repair Procedure<br>Gutter Excavation:<br>Chisel out concrete and surrounding<br>ma","6/30/2026","Operaciones","7/6/2026","Manager",,"False",,,,,,,,
"TGM BAY ISLE","TGM BAY ISLE","6705","66","Converted","Vacuum Plug","Blue Life","POOL: 1 VACUUM PLUG 3/4""","7/24/2026","Operaciones","7/24/2026","Manager","8/14/2026","True","Camilo Leon","8/4/2026","25069","33","8/5/2026",,,
"THE ADDISON APARTMENTS","THE ADDISON APARTMENTS","3943","933","Converted","Filter","Blue Life","(#3943) 16 RECTANGULAR ANTHONY FILTER GRIDS +D.E. POWDER","4/6/2025","Operaciones","4/29/2025","N/A",,"False","Camilo Leon","5/26/2025","18399","933.0","5/27/2025","23","27","1"
"THE ADDISON APARTMENTS","THE ADDISON APARTMENTS","5015","380","Converted","Service Maintenance Equipment","Blue Life","NEW HOSE FOR FEEDER +LINE FEEDER +PRESSURE GAUGE +VACUUM GAUGE ","9/16/2025","Técnico","9/16/2025","N/A",,"False","Camilo Leon","9/18/2025","#20573","$380","9/23/2025","1","2","5"
"THE ADDISON APARTMENTS","THE ADDISON APARTMENTS","5282","1,320","Pending","Motors","Blue Life","NEW 3HP POOL MOTOR., MOTOR SEAL., IMPELLER., NEW PLUMBING FOR RISE THE MOTOR., FULL INSTALLATION","11/14/2025","Operaciones",,,,"True",,,,,,"0","0","0"
"THE ADDISON APARTMENTS","THE ADDISON APARTMENTS","5546","192.5","Converted","Pumps","Blue Life","PUMP CLAMP","1/28/2026","Operaciones","1/31/2026","Manager","2/13/2026","False","Camilo Leon","2/13/2026","22447","192.50","2/13/2026","3","0","0"
"THE ADDISON APARTMENTS","THE ADDISON APARTMENTS",,,"Declined","Feeders","Blue Life","EN SKIMMER APARECE QUE SE INSTALÓ UN FEEDER EN 4/03/2026, PERO NO SE PUSO, FUE UNA EQUIVOCACIÓN, HACER CASO OMISO A ESA ASIGNACIÓN","4/4/2026","Operaciones",,,,"False",,,,,,,,
"THE ADDISON APARTMENTS","THE ADDISON APARTMENTS","6030","1,362","Converted","Motors,Safety Equipment,Skimmer Gutter","Blue Life","NEW 3HP-1PHASE POOL MOTOR., IMPELLER, MOTOR SEAL, SAFETY THROW ROPE., SKIMMER GUTTER., Max E-Pro XF Clear Strainer Cover, INSTALLATION","5/5/2026","Operaciones","5/11/2026","Manager","5/20/2026","True","Brayan Alvares","5/20/2026","23806","1,362","5/22/2026",,,
"THE ADDISON APARTMENTS","THE ADDISON APARTMENTS","6094","153","Converted","Lights","Blue Life","POOL LIGHT WEDGE., INSTALLATION","6/3/2026","Operaciones","7/6/2026","Manager","7/8/2026","True","Brayan Alvares","7/24/2026","24732","153","7/24/2026",,,
"THE ADDISON APARTMENTS","THE ADDISON APARTMENTS","6627","619","Pending","Feeders",,"POOL: NEW CHEMICAL STENNER PUMP - PH FEEDER, INSTALLATION","7/9/2026",,,,,"False",,,,,,,,
"THE ADDISON APARTMENTS","THE ADDISON APARTMENTS","6855",,"Pending","[]",,"POOL : COMMERCIAL RECTANGULAR ANTHONY FILTER GRIDS, D.E POWDER., INSTALLATION","8/25/2026",,,,,"False",,,,,,,,
"The Addison Tampa","The Addison Tampa","4075","1,759","Converted","Filter","Blue Life","(#4075) 26 RECTANGULAR ANTHONY FILTER GRIDS +D.E POWER + 1 HYDRAULIC LIFT +1 TORO VALVE","5/8/2025","Técnico","5/24/2025","N/A",,"False","Yasiel Amador","6/17/2025","18716","1759.0","6/18/2025","16","24","1"
"The Addison Tampa","The Addison Tampa","4106","734","Converted","Motors","Blue Life","(#4106) 1 NEW COMMERCIAL POOL MOTOR 1HP +SEAL. FOR THE MOTOR 1HP +IMPELLER FOR THE MOTOR 1HP","5/14/2025","Técnico","5/23/2025","N/A",,"False","Yasiel Amador","5/29/2025","18683","734.0","3/6/2025","9","6","-84"
"The Addison Tampa","The Addison Tampa","5286","619","Converted","Feeders","Blue Life","NEW CHEMICAL STENNER PUMP. PH FULL INSTALLATION","11/14/2025","Operaciones","3/27/2026","Manager","4/8/2026","True","Dany Lopez","4/8/2026","23277","619","4/8/2026","0","0","0"
"The Addison Tampa","The Addison Tampa","5368","850","Converted","Intellicenter","Blue Life","IntelliChlor power center, FULL INSTALLATION","12/8/2025","Operaciones","12/9/2025","Quickbooks","12/12/2025","True","Brayan Alvares",,"21690","1100","12/15/2025","1","0",
"The Addison Tampa","The Addison Tampa","5447","559","Converted","Feeders","Blue Life","NEW CHEMICAL STENNER PUMP, CHLORINE FEEDER, INSTALLATION OF NEW CHEMICAL STENNER PUMP","1/7/2026","Operaciones","1/7/2026","Manager","1/9/2026","True","Camilo Hidalgo","1/9/2026","22050","619","1/9/2026","1","2","1"
"The Addison Tampa","The Addison Tampa","6184","866","Converted","Motors","Blue Life","NEW COMMERCIAL POOL MOTOR 1HP-1PHASE VACUUM, IMPELLER, MOTOR SEAL, INSTALLATION","5/7/2026","Operaciones","5/11/2026","Manager","5/18/2026","True","Brayan Alvares","5/18/2026","23780","866","5/18/2026",,,
"The Addison Tampa","The Addison Tampa","6514","1,257","Converted","Filter","Blue Life","COMMERCIAL POOL RECTANGULAR ANTHONY FILTER GRIDS, D.E POWDER., INSTALLATION","6/23/2026","Operaciones","6/30/2026","Manager","7/6/2026","True","Brayan Alvares","7/6/2026","24670","1,257","7/10/2026",,,
"The Addison Tampa","The Addison Tampa","6848",,"Pending","[]",,"POOL. NEW HOSE FOR FEEDERS PH AND CHLORINE, FULL INSTALLATION","8/24/2026",,,,,"False",,,,,,,,
"THE ALLURE @ GATEWAY","THE ALLURE @ GATEWAY","4603","920","Pending","Lid","Blue Life","VALPACK LID REPAIR + FULL INSTALLATION","7/15/2025","Técnico",,,,"False",,,,,,"0","0","0"
"THE ALLURE @ GATEWAY","THE ALLURE @ GATEWAY","3244","1,930.75","Converted","Filter","Blue Life","(7) NEW COMMERCIAL POOL FILTERS, FULL INSTALLATION","7/12/2024","Operaciones","7/24/2024","Manager","9/23/2024","True","Brayan Alvares","9/23/2024","15950","1,930.75","9/23/2024","12","61","1"
"THE ALLURE @ GATEWAY","THE ALLURE @ GATEWAY","5332","624","Converted","Motors","Blue Life","NEW 3HP POOL MOTOR., FULL INSTALLATION","12/5/2025","Operaciones","12/5/2025","Manager","12/8/2025","True","Brayan Alvares",,"21680","874","12/10/2025","1","0",
"THE ALLURE @ GATEWAY","THE ALLURE @ GATEWAY","5371","624","Converted","Motors","Blue Life","NEW 3HP POOL MOTOR., FULL INSTALLATION","12/8/2025","Operaciones","12/8/2025","Manager","12/10/2025","False","Brayan Alvares","12/10/2025","21688","874","12/15/2025","1","2","5"
"THE ALLURE @ GATEWAY","THE ALLURE @ GATEWAY","5485","559","Converted","Feeders","Blue Life","NEW CHEMICAL STENNER PUMP - CHLORINE FEEDER, CHLORINE FEEDER INSTALLATION","1/14/2026","Operaciones","1/16/2026","Manager","1/19/2026","True","Camilo Leon","1/19/2026","22077","619","1/20/2026","2","3","1"
"THE ALLURE @ GATEWAY","THE ALLURE @ GATEWAY","5864","380","Pending","Service Maintenance Equipment",,"NEW HOSE FOR FEEDER +<br>LINE FEEDER +<br>PRESSURE GAUGE + <br>VACUUM GAUGE +<br>CL","3/23/2026",,,,,"False",,,,,,,,
"THE ALLURE @ GATEWAY","THE ALLURE @ GATEWAY","5889","1,959","Converted","Filter","Blue Life","NEW ST155 FILTERS ( SPECIAL <br>ORDER ) TAKE 7 DAYS, FILTER INSTALLATION","3/26/2026","Operaciones","5/18/2026","Manager","5/20/2026","True","Brayan Alvares","5/20/2026","23796","1,959","5/20/2026",,,
"THE ALLURE @ GATEWAY","THE ALLURE @ GATEWAY","6121","1,478.75","Pending","Lid",,"NEW LED WHITE LIGHT., INSTALLATION","5/4/2026",,,,,"False",,,,,,,,
"THE ALLURE @ GATEWAY","THE ALLURE @ GATEWAY","6246","400","Converted","Lid","Blue Life","INSTALLATION OF 2 HINGES AND TRIM THE FILTER TUBES","5/14/2026","Operaciones","5/22/2026","Manager","5/25/2026","True","Brayan Alvares","5/25/2026","23827","400","5/25/2026",,,
"THE ALLURE @ GATEWAY","THE ALLURE @ GATEWAY","6335","253","Pending","Seal Motor",,"MOTOR SEAL, INSTALLATION","5/27/2026",,,,,"False",,,,,,,,
"THE ALLURE @ GATEWAY","THE ALLURE @ GATEWAY","6368","645","Converted","Pumps","Blue Life","WHISPERFLO XF HOUSING, WHISPERFLO XF HOUSING INSTALLATION","6/1/2026","Operaciones","6/2/2026","Manager","6/18/2026","True","Brayan Alvares","6/18/2026","24243","645","6/18/2026",,,
"THE ALLURE @ GATEWAY","THE ALLURE @ GATEWAY","6478","763","Converted","Gauges,Feeders","Blue Life","POOL PRESSURE GAUGE., FLOW METER CLAMP, NEW CHEMICAL STENNER PUMP - PH FEEDER, INSTALLATION","6/17/2026","Operaciones","6/17/2026","Manager","6/18/2026","True","Brayan Alvares","6/18/2026","24250","763","6/18/2026",,,
"THE ALLURE @ GATEWAY","THE ALLURE @ GATEWAY","6645","1,246","Pending","Motors",,"NEW 3HP - 1PHASE POOL MOTOR., IMPELLER, MOTOR SEAL., INSTALLATION","7/10/2026",,,,,"False",,,,,,,,
"THE ALLURE @ GATEWAY","THE ALLURE @ GATEWAY",,,"Accepted","Motors","Blue Life","WARRANTY: NEW 3HP - 1PHASE POOL MOTOR","7/15/2026","Operaciones","7/15/2026","Giovany SIlva","7/16/2026","True","Brayan Alvares","7/16/2026",,,,,,
"THE AVA APARTMENTS","THE AVA APARTMENTS","4728","4,000","Converted","Leak","Roger/BigBlue","(#4728) LEAK REPAIR ","7/18/2025","Técnico",,,,"False","No Aplica",,"20200","4000","8/26/2025","0","0",
"THE AVA APARTMENTS","THE AVA APARTMENTS","3794","800","Converted","Leak","Roger/BigBlue","Inspection Scope: A comprehensive leak
inspection was performed on the
commercial pool.
Plumbing Line Status: Static pressure tests
conducted on both the suction line and the
return to the pool line showed no issues;
both lines held pressure.","2/24/2025","Técnico",,,,"False",,,"19810","800.0","7/13/2025","0","0","0"
"THE AVA APARTMENTS","THE AVA APARTMENTS","3609","1,081","Converted","Filter","Blue Life","(20) COMMERCIAL POOL FILTER DISK, D.E. POWER, FULL INSTALLATION","12/2/2024","Operaciones","5/20/2025","Manager","6/1/2025","True","Brayan Alvares","6/1/2025","18682","1,081.00","6/3/2025","169","12","2"
"THE AVA APARTMENTS","THE AVA APARTMENTS","5426","380","Converted","Service Maintenance Equipment","Blue Life","NEW HOSE FOR FEEDER +<br>LINE FEEDER +<br>PRESSURE GAUGE + <br>VACUUM GAUGE +<br>CL","1/5/2026","Operaciones","1/26/2026",,"1/28/2026","True","Brayan Alvares","1/28/2026","22106","380","1/29/2026","21","2","1"
"THE AVA APARTMENTS","THE AVA APARTMENTS","5531","1,850","Converted","Pumps,Plumbing","Blue Life","NEW 2.2 HP VS COMMERCIAL POOL PUMP - SUPERFLO VARIABLE SPEED PUMP, NEW PLUMBING FOR THE INSTALLATION., FULL INSTALLATION","1/23/2026","Operaciones","1/26/2026",,"1/28/2026","True","Brayan Alvares","1/28/2026","22109","2.538.75","1/29/2026","3","2","1"
"THE AVA APARTMENTS","THE AVA APARTMENTS","5752","800","Pending","Leak",,"Commercial full leak detection.","3/10/2026",,,,,"False",,,,,,,,
"THE AVA APARTMENTS","THE AVA APARTMENTS","5908","226","Converted","Returns Cover","Blue Life","RETURN COVER., INSTALLATION","3/27/2026","Operaciones","3/31/2026","Manager","4/30/2026","True","Camilo Leon","4/30/2026","23388","226","4/30/2026",,,
"THE AVA APARTMENTS","THE AVA APARTMENTS","6134","250","Converted","Plumbing",,"Redo the suction plumbing that is clogged so that it can be easily cleaned","4/28/2026",,,,"6/4/2026","True","Brayan Alvares","6/4/2026","24184","250","6/4/2026",,,
"THE AVA APARTMENTS","THE AVA APARTMENTS","6412","1,081","Accepted","Filter","Blue Life","COMMERCIAL POOL FILTER DISC., D.E POWDER., INSTALLATION","6/9/2026","Operaciones","6/22/2026","Manager","6/26/2026","True","Brayan Alvares",,,,,,,
"THE AVENUE APARTMENTS","THE AVENUE APARTMENTS","3960","994","Converted","Filter","Blue Life","(19) COMMERCIAL POOL FILTER DISK + D.E. POWDER + FULL INSTALLATION","4/8/2025","Técnico","12/11/2025","Manager","12/17/2025","False","Brayan Alvares","12/17/2025","21695","994","12/17/2025","247","-1,142","1,148"
"THE AVENUE APARTMENTS","THE AVENUE APARTMENTS","4008","300","Converted","Valves,Plumbing",,"(#4008) WATER VALVE AND PLUMBING","4/18/2025","Técnico",,,"10/22/2025","False","Brayan Alvares","10/22/2025","21259","300","11/5/2025","0",,"14"
"THE AVENUE APARTMENTS","THE AVENUE APARTMENTS","3210","619","Converted","Feeders",,"(#3210) 1 FEEDER","3/20/2025","Técnico",,,,"False",,,"17998","619.0","4/20/2025","0","0","0"
"THE AVENUE APARTMENTS","THE AVENUE APARTMENTS","5151","180","Converted","Plumbing","Blue Life","LABOR AND MATERIAL- REPAIR SUCTION PLUMBING","10/16/2025","Operaciones","10/17/2025","Manager","10/22/2025","True","Brayan Alvares","10/22/2025","20948","180","10/24/2025","1","5","2"
"THE AVENUE APARTMENTS","THE AVENUE APARTMENTS","5508","120","Pending","Plumbing","Blue Life","NEW PLUMBING FOR INSTALLATION AND LABOR","1/20/2026","Operaciones",,,,"False",,,,,,"0","0","0"
"THE AVENUE APARTMENTS","THE AVENUE APARTMENTS","6597","100","Pending","Valves",,"VALVE AND INSTALLATION","7/3/2026",,,,,"False",,,,,,,,
"THE AVENUE APARTMENTS","THE AVENUE APARTMENTS","6603","994","Declined","Filter",,"COMMERCIAL POOL FILTER DISC., D.E POWDER., INSTALLATION","7/3/2026",,,,,"False",,,,,,,,
"THE BAHIA","THE BAHIA","6004","2,102","Converted","Motors,Filter","Blue Life","FOUNTAIN: NEW 3HP POOL MOTOR., MOTOR SEAL, IMPELLER, FOUNTAIN: NEW COMMERCIAL POOL MOTOR 1HP., MOTOR SEAL, IMPELLER, REGULAR FILTERS PENTAIR CC100., INSTALLATION","4/10/2026","Operaciones","4/13/2026","Manager","4/18/2026","True","Brayan Alvares","4/18/2026","23328","2,102","4/20/2026",,,
"THE BAHIA","THE BAHIA","6202","1,396","Converted","Motors,Plumbing","Blue Life","NEW 3HP POOL MOTOR FOR THE MIDDLE PUMP, IMPELLER, MOTOR SEAL, NEW PLUMBING FOR THE INSTALLATION FOR THE RIGHT PUMP, INSTALLATION","5/8/2026","Operaciones","5/21/2026","Manager","5/25/2026","True","Brayan Alvares","5/25/2026","23833","1,396","5/25/2026",,,
"THE BAHIA","THE BAHIA","6352","100","Converted","Air Relief Valve","Blue Life","NEW AIR RELIEF AND<br>INSTALLATION","5/28/2026","Operaciones","5/27/2026","Manager","6/1/2026","True","Dany Lopez","6/1/2026","24171","100","6/1/2026",,,
"THE BAY AT CYPRESS CREEK","THE BAY AT CYPRESS CREEK","5524","2,450","Converted","Pumps","Blue Life","NEW COMMERCIAL 3HP PUMP - 1 PHASE, INSTALLATION","1/22/2026","Operaciones","4/2/2026","Manager","4/4/2026","True","Brayan Alvares","4/4/2026","23264 - 23265","2,675.76","4/6/2026","0","0","0"
"THE BAY AT CYPRESS CREEK","THE BAY AT CYPRESS CREEK","5855","1,246","Pending","Motors",,"NEW 3HP - 1 PHASE POOL MOTOR, IMPELLER, MOTOR SEAL, INSTALLATION","3/23/2026",,,,,"False",,,,,,,,
"THE BAY AT CYPRESS CREEK","THE BAY AT CYPRESS CREEK","6327","1,031","Pending","Filter",,"FILTER DISC., D.E POWDER., INSTALLATION","5/26/2026",,,,,"False",,,,,,,,
"THE BAY AT CYPRESS CREEK","THE BAY AT CYPRESS CREEK","6333","619","Pending","Feeders",,"NEW CHEMICAL STENNER PUMP - CHLORINE FEEDER, CHLORINE FEEDER INSTALLATION","5/27/2026",,,,,"False",,,,,,,,
"The Carmina","The Carmina","6570","619","Pending","Feeders",,"POOL: NEW CHEMICAL STENNER PUMP - CHLORINE FEEDER, INSTALLATION","7/1/2026",,,,,"False",,,,,,,,
"THE CONCORD LUXURY APARTMENTS HOMES","THE CONCORD LUXURY APARMENTS HOMES","5658","380","Pending","Service Maintenance Equipment","Blue Life","NEW HOSE FOR FEEDER +<br>LINE FEEDER +<br>PRESSURE GAUGE + <br>VACUUM GAUGE +<br>CL","2/18/2026",,,,,"False",,,,,,,,
"THE CONCORD LUXURY APARTMENTS HOMES","THE CONCORD LUXURY APARMENTS HOMES","5708","1,383","Converted","Filter","Blue Life","RECTANGULAR ANTHONY FILTER GRIDS, D.E POWDER., FULL INSTALLATION RECTANGULAR ANTHONY FILTER GRIDS","3/2/2026","Operaciones","3/5/2026","Manager","3/7/2026","True","Brayan Alvares","3/7/2026","22846","1.383","3/9/2026",,,
"THE CONCORD LUXURY APARTMENTS HOMES","THE CONCORD LUXURY APARMENTS HOMES","5742","1,400","Pending","Filter","Blue Life","COMMERCIAL SPA FILTERS PLM300 STA RITE, COMMERCIAL JETS FILTERS PLM200., FILTER INSTALLATION","3/9/2026",,,,,"False",,,,,,,,
"The Courtney at Bay Pines Apartments","The Courtney at Bay Pines Apartments","5805","35,500","Pending","Resurface",,"Refinish pool surface Marquis bluestone<br>Pool<br>grind around lights and all fitt","3/18/2026",,,,,"False",,,,,,,,
"THE CROSSING AT PALM AIRE-","THE CROSSING AT PALM AIRE-","3681","300","Converted","Start Up",,"(#3681) STAR UP AND THE  CLEANING","1/9/2025","Técnico",,,,"False",,,"17020","300","1/15/2025","0","0",
"THE CROSSING AT PALM AIRE-","THE CROSSING AT PALM AIRE-","3746","2,507.49","Converted","Filter","Blue Life","COMMERCIAL POOL FILTER DISK+D.O POWDER+
NEW CHEMICAL STENNER PUMP+FULL INSTALLATION","2/5/2025","Técnico","2/5/2025","N/A","2/12/2025","True","Brayan Alvares","2/12/2025","17238","2,506.76","2/3/2025","1","7","-9"
"THE CROSSING AT PALM AIRE-","THE CROSSING AT PALM AIRE-","5126","500","Converted","Tiles","Blue Life","DECK TILES AND PAVERS, INCLUDES INSTALLATION AND MATERIALS","10/9/2025","Técnico","10/9/2025","Manager","11/20/2025","False","Camilo Leon","11/20/2025","21339","500","11/28/2025","1","42","8"
"THE CROSSING AT PALM AIRE-","THE CROSSING AT PALM AIRE-","5168","380","Converted","Service Maintenance Equipment",,"NEW HOSE FOR FEEDER +<br>LINE FEEDER +<br>PRESSURE GAUGE + <br>VACUUM GAUGE +<br>CL","10/20/2025","Técnico","10/9/2025","Manager","10/20/2025","True","Brayan Alvares","10/20/2025","20930","380","10/21/2025","-11","11","1"
"THE CROSSING AT PALM AIRE-","THE CROSSING AT PALM AIRE-","5409","180","Converted","Heaters",,"Gas heater service call","12/26/2025","Comercial","12/29/2025","Manager","2/12/2026","False","No Aplica","2/12/2026","22464","520","2/16/2026","0","0","0"
"THE CROSSING AT PALM AIRE-","THE CROSSING AT PALM AIRE-","5701","3,800","Converted","Pavers","Leonardo/Tile","Leveling of paving stones around the pool, in affected areas","2/27/2026","Operaciones","2/27/2026","Manager","3/4/2026","False","No Aplica","3/7/2026","22845","3800","3/9/2026",,,
"THE CROSSING AT PALM AIRE-","THE CROSSING AT PALM AIRE-","6107","250","Converted","Special Cleaning","Blue Life","DEEP CLEANING OF THE PIT AND FILTERS","4/24/2026","Operaciones","4/27/2026","Manager","4/29/2026","True","Brayan Alvares","4/29/2026","23384","250","4/29/2026",,,
"THE CROSSING AT PALM AIRE-","THE CROSSING AT PALM AIRE-","6696","1,475","Converted","Filter","Blue Life","36 COMMERCIAL POOL FILTER DISC., D.E POWDER., INSTALLATION","7/23/2026","Técnico","7/29/2026","Manager","8/7/2026","True","Brayan Alvares","8/18/2026","25148","1,623","8/19/2026",,,
"THE CROSSING AT PALM AIRE-","THE CROSSING AT PALM AIRE-","6646","628.25","Converted","ORP Sensor","Blue Life","POOL: ORP SENSOR, INSTALLATION","7/24/2026","Operaciones","7/27/2026","Manager","8/7/2026","True","Guillermo Fernandez","8/13/2026","25122","628.25","8/13/2026",,,
"THE EDGE AT BRANDON","THE EDGE AT BRANDON","6656","1,229","Pending","Filter,Lid",,"COMMERCIAL POOL FILTER DISC., D.E POWDER., PUMP LID, INSTALLATION","7/14/2026",,,,,"False",,,,,,,,
"THE EDGE AT BRANDON","THE EDGE AT BRANDON","6641","2,500","Converted","Acid Wash","Blue Life","FULL ACID WASH","7/14/2026","Operaciones","7/13/2026","Manager","7/14/2026","True","Brayan Alvares","7/14/2026","24695","2,500","7/16/2026",,,
"THE EDGE AT BRANDON","THE EDGE AT BRANDON","6642","4,060.95","Converted","Feeders,Filter",,"POOL: 4 NEW CHEMICAL STENNER PUMP - CHLORINE AND PH FEEDER, INSTALLATION","7/17/2026","Operaciones","7/13/2026","Manager","7/25/2026","True","Brayan Alvares","8/3/2026","25089","2,516","8/11/2026",,,
"THE EDGE AT BRANDON","THE EDGE AT BRANDON","6640","700","Converted","Start Up","Blue Life","SPECIAL POOL CLEANING FOR START UP","7/17/2026","Operaciones","7/13/2026","Manager","7/18/2026","True",,"7/18/2026","24728","700","7/23/2026",,,
"THE EDGE AT BRANDON","THE EDGE AT BRANDON","6655","250","Pending","Plumbing",,"Redo the suction plumbing","7/17/2026",,,,,"False",,,,,,,,
"THE EDGE AT BRANDON","THE EDGE AT BRANDON","6675","900","Pending","Leak",,"Commercial full leak detection.","7/17/2026",,,,,"False",,,,,,,,
"THE EDGE AT BRANDON","THE EDGE AT BRANDON","6827",,"Accepted","Pumps","Blue Life","Phase 2 pool: FloPro Up-Rated Pump 1HP 115/230V, INSTALLATION","8/19/2026","Operaciones","8/24/2026","Quickbooks","8/28/2026","True","Brayan Alvares",,,,,,,
"THE GALVIN LUXURY APARMENTS","THE GALVIN LUXURY APARTMENTS",,,"Pending","Filter","Blue Life",,,"Operaciones",,,,"True",,"9/5/2025",,,,"0",,"0"
"THE GRAND RESERVE AT PARK ISLE","THE GRAND RESERVE AT PARK ISLE","4119","1,723","Converted","Filter",,"(#4119) 36 COMMERCIAL POOL FILTER DISK FOR OFFICE POOL +D.E POWDER","5/19/2025","Operaciones","5/21/2025","N/A",,"False","Brayan Alvares","6/1/2025","18681","1723.0","6/3/2025","2","11","2"
"THE GRAND RESERVE AT PARK ISLE","THE GRAND RESERVE AT PARK ISLE","3807","250","Converted","Tiles",,"(#3807)TILE REPAIR LABOR AND MATERIAL","2/28/2025","Técnico",,,,"False",,,"17681","250.0","3/26/2025","0","0",
"THE GRAND RESERVE AT PARK ISLE","THE GRAND RESERVE AT PARK ISLE","3767","750","Converted","Leak",,"LEAK DETECTION A commercial pool was thoroughly
inspected for leaks.
Static tests for the suction line and return
line to the pool held pressure with no
issues. The scum gutter was fully examined
by removing the grates around the pool’s
perimeter.","2/11/2025","Técnico",,,,"False",,,"17652","750.0","3/9/2025","0","0","0"
"THE GRAND RESERVE AT PARK ISLE","THE GRAND RESERVE AT PARK ISLE","2828","271","Converted","Flotador",,"(#2828)  1 Water Control Vak","4/2/2025","Técnico",,,,"False",,,"17987","271.0","4/16/2025","0","0","0"
"THE GRAND RESERVE AT PARK ISLE","THE GRAND RESERVE AT PARK ISLE","5178","1,445","Converted","Separation Tank","Blue Life","SEPARATION TANK OFFICE POOL, CHECK VALVES 3 INCHES OFFICE POOL, FULL INSTALLATION","10/22/2025","Operaciones","10/23/2025","Quickbooks","10/24/2025","True","Brayan Alvares","10/24/2025","21254","1.445","11/4/2025","1","1","11"
"THE GRAND RESERVE AT PARK ISLE","THE GRAND RESERVE AT PARK ISLE","5192","800","Converted","Leak","Roger/BigBlue","Commercial full leak detection Main Pool","10/22/2025","Operaciones","11/4/2025","Manager",,"True","No Aplica","11/13/2025","21313","800","11/21/2025","13","9","8"
"THE GRAND RESERVE AT PARK ISLE","THE GRAND RESERVE AT PARK ISLE","5337","7,500","Pending","Leak",,"Estimate – Permanent Scum-Gutter Repairs Main Pool<br><br>Note: Although active lea","11/26/2025","Operaciones",,,,"False",,,,,,"0","0","0"
"THE GRAND RESERVE AT PARK ISLE","THE GRAND RESERVE AT PARK ISLE","5444","380","Converted","Service Maintenance Equipment","Blue Life","OFFICE POOL: NEW HOSE FOR FEEDER +<br>LINE FEEDER +<br>PRESSURE GAUGE + <br>VACUUM ","1/6/2026","Operaciones","1/7/2026","Manager","1/14/2026","False","Camilo Leon","1/14/2026","22062","380","1/14/2026","1","7","1"
"THE GRAND RESERVE AT PARK ISLE","THE GRAND RESERVE AT PARK ISLE","5506","180","Converted","Valves","Blue Life","(2) CHAECK VALVE, INSTALLATION","1/19/2026","Operaciones","1/20/2026","Manager","1/23/2026","False","Brayan Alvares","1/23/2026","22101","250","1/27/2026","1","3","4"
"THE GRAND RESERVE AT PARK ISLE","THE GRAND RESERVE AT PARK ISLE","5777","250","Pending","Tiles",,"Glue a tile to the corner of the pool","3/11/2026",,,,,"False",,,,,,,,
"THE GRAND RESERVE AT PARK ISLE","THE GRAND RESERVE AT PARK ISLE","5825","1,895","Converted","Filter","Blue Life","FILTER DISC OFFICE POOL, D.E POWDER, INSTALLATION FILTER DISC ","3/18/2026","Operaciones","5/27/2026",,"7/1/2026","True","Brayan Alvares","7/1/2026","24602","1,710","7/2/2026",,,
"THE GRAND RESERVE AT PARK ISLE","THE GRAND RESERVE AT PARK ISLE","5865","100","Converted","Skimmer Gutter","Blue Life","SKIMMER GUTTER.","3/24/2026","Operaciones","3/24/2026","Manager","4/3/2026","True","Nelson Suarez","4/3/2026","23260","100","4/3/2026",,,
"THE GRAND RESERVE AT PARK ISLE","THE GRAND RESERVE AT PARK ISLE","6059","619","Converted","Feeders","Blue Life","NEW CHEMICAL STENNER PUMP - PH FEEDER, PH FEEDER INSTALLATION","4/17/2026","Operaciones","6/29/2026","Manager","7/1/2026","True","Brayan Alvares","7/1/2026","24603","619","7/2/2026",,,
"THE GRAND RESERVE AT PARK ISLE","THE GRAND RESERVE AT PARK ISLE","6119","211","Converted","Flotador","Blue Life","BACK POOL: WATER LEVEL CONTROL VALVE VAKPAK SYSTEM., INSTALLATION","4/27/2026","Operaciones","4/27/2026","Manager","5/4/2026","True","Brayan Alvares","5/4/2026","23710","211","5/4/2026",,,
"THE GRAND RESERVE AT PARK ISLE","THE GRAND RESERVE AT PARK ISLE","6204","1,829.73","Converted","Motors","Blue Life","NEW COMMERCIAL 5HP MOTOR., IMPELLER, SEAL, INSTALLATION","5/8/2026","Operaciones","5/8/2026","Manager","5/11/2026","True","Brayan Alvares","5/11/2026","24183","1,829.73","6/4/2026",,,
"THE GRAND RESERVE AT PARK ISLE","THE GRAND RESERVE AT PARK ISLE","6213","550","Converted","Plumbing","Blue Life","OFFICE POOL CIRCULATION PUMP PLUMBING REPAIR, STANDAR LABOR","5/11/2026","Operaciones","5/11/2026","Manager","6/2/2026","True","Brayan Alvares","6/2/2026","24175","550","6/4/2026",,,
"THE GRAND RESERVE AT PARK ISLE","THE GRAND RESERVE AT PARK ISLE","6454","1,649","Declined","Filter","Blue Life","OFFICE POOL: FILTER DISC., D.E POWDER., FULL INSTALLATION, BACK POOL: POOL LIGHT WEDGE., INSTALLATION","6/15/2026",,,,,"False",,,,,,,,
"THE GRAND RESERVE AT PARK ISLE","THE GRAND RESERVE AT PARK ISLE","6731",,"Pending","Flotador","Blue Life","BACK POOL: WATER LEVEL CONTROL VALVE VAKPAK SYSTEM., INSTALLATION","7/30/2026",,,,,"False",,,,,,,,
"THE GRAY APARTMENTS","THE GRAY APARTMENTS","4149","1,155","Converted","Filter",,"(# 4149) 22 RECTANGULAR ANTHONY FILTER GRIDS +D.E. POWER","5/27/2025","Técnico","5/29/2025","N/A",,"False","Brayan Alvares","6/9/2025","18696","1155.0","6/11/2025","2","11","2"
"THE GRAY APARTMENTS","THE GRAY APARTMENTS","4147","325","Converted","Plunger",,"(#4147) VAKPAK  REPAIR KIT PLUNGER","5/27/2025","Técnico","5/27/2025","N/A",,"False","Camilo Leon","5/27/2025","18398","325.0","5/27/2025","1","1","1"
"THE GRAY APARTMENTS","THE GRAY APARTMENTS","4717","1,646","Converted","Motors",,"NEW COMMERCIAL 5HP MOTOR 3 PHASE+5HP IMPELLER OF THE  5HP MOTOR +PUMP SEAL OF THE  5HP MOTOR+FULL INSTALLATION OF THE  5HP MOTOR ","7/17/2025","Técnico",,,,"False",,,"19830","1646.0","7/21/2025","0","0","0"
"THE GRAY APARTMENTS","THE GRAY APARTMENTS","3793","619","Converted","Feeders",,"NEW CHEMICAL STENNER PUMP OF THE PH+FULL INSTALLATION","2/24/2025","Técnico",,,,"False",,,"17954","619.0","4/7/2025","0","0","0"
"THE GRAY APARTMENTS","THE GRAY APARTMENTS","5462","559","Converted","Feeders","Blue Life","NEW CHEMICAL STENNER PUMP, CHLORINE FEEDER, CHLORINE FEEDER INSTALLATION","1/7/2026","Operaciones","2/13/2026","Manager","2/23/2026","True","Nelson Belauzaran","2/20/2026","22489","619","2/23/2026","37","0","0"
"THE GRAY APARTMENTS","THE GRAY APARTMENTS","6587","1,265","Converted","Filter","Blue Life","21 COMMERCIAL POOL RECTANGULAR ANTHONY FILTER GRIDS, D.E POWDER., INSTALLATION","7/1/2026","Operaciones","7/27/2026","Manager","8/7/2026","True","Brayan Alvares","8/10/2026","25087","1,223","8/11/2026",,,
"THE GROVE AT SOUTHSHORE","THE GROVE AT SOUTHSHORE","4122","619","Converted","Feeders",,"( #4122) FEEDER OF THE CHLORINE ","5/19/2025","Técnico","5/19/2025","N/A",,"False","Yasiel Amador","5/21/2025","18387","619.0","5/24/2025","1","2","3"
"THE GROVE AT SOUTHSHORE","THE GROVE AT SOUTHSHORE","4720","1,677.68","Converted","Plunger",,"(#4720 )Install new plungers seal in the filter tank. The job involves plug the main drains to stop the water, remove th","7/17/2025","Técnico","7/18/2025","N/A",,"False","No Aplica",,"20137","1677.68","8/7/2025","1","0","0"
"THE GROVE AT SOUTHSHORE","THE GROVE AT SOUTHSHORE","5175","211","Converted","Flotador","Blue Life","WATER LEVEL CONTROL VALVE VAKPAK SYSTEM., STANDAR LABOR (TORO VALVE)","10/27/2025","Operaciones","11/21/2025","Manager","12/1/2025","True","Camilo Hidalgo",,"21628","211","12/3/2025","25","0",
"THE GROVE AT SOUTHSHORE","THE GROVE AT SOUTHSHORE","5120","150","Pending","Tiles",,"REPAIR - PARTS AND LABOR DEEP MARKERS","11/14/2025","Operaciones",,,,"True",,,,,,"0","0","0"
"THE GROVE AT SOUTHSHORE","THE GROVE AT SOUTHSHORE","4781","1,215","Converted","Filter","Blue Life","RECTANGULAR ANTHONY FILTER GRIDS, D.E POWDER., FULL INSTALLATION","2/23/2026","Operaciones","3/27/2026","Manager","4/2/2026","True","Brayan Alvares","4/2/2026","23249","1215","4/3/2026",,,
"THE GROVE AT SOUTHSHORE","THE GROVE AT SOUTHSHORE","5852","211","Converted","Flotador","Blue Life","WATER LEVEL CONTROL VALVE VAKPAK SYSTEM., INSTALLATION","3/23/2026","Operaciones","3/23/2026","Manager","4/14/2026","True","Brayan Alvares","4/14/2026","23299","211","4/15/2026",,,
"THE GROVE AT SOUTHSHORE","THE GROVE AT SOUTHSHORE","6070","1,238","Converted","Feeders",,"NEW CHEMICAL STENNER PUMP - PH AND CHLORINE FEEDER, PH AND CHLORINE FEEDER INSTALLATION","4/20/2026","Operaciones","5/13/2026","Manager","5/15/2026","True","Angel Hernandez","5/15/2026","23767","1,238","5/15/2026",,,
"THE GROVE AT SOUTHSHORE","THE GROVE AT SOUTHSHORE","6162","169","Declined","Safety Equipment","Blue Life","SAFETY POLE 16&quot;., FULL INSTALLATION","5/4/2026",,,,,"False",,,,,,,,
"THE HANLEY PLACE","THE HANLEY PLACE","4090","800","Converted","Main Drain",,"(#4090) SECURE MAIN DRAIN COVERS","5/12/2025","Health Department","5/13/2025","N/A",,"False","No Aplica","5/29/2025","18416","800.0","5/30/2025","1","16","1"
"THE HANLEY PLACE","THE HANLEY PLACE","4089","748","Converted","Pumps",,"(#4089)PUMP HOUSING MAX E PRO +NEW PLUMBING FOR THE INSTALLATION","5/12/2025","Técnico",,,,"False",,,"18350","748.0","5/15/2025","0","0",
"THE HANLEY PLACE","THE HANLEY PLACE","4155","1,149","Converted","Filter",,"(#4155) 2 OFFICE POOL PENTAIR POOL FILTERS +D.E POWER","5/29/2025","Técnico","6/10/2025","N/A",,"False","Camilo Leon","6/13/2025","18711","1149.0","6/16/2025","12","3","3"
"THE HANLEY PLACE","THE HANLEY PLACE","3999","1,170","Converted","Motors",,"(#3999) 1 NEW 3HP POOL MOTOR +IMPELLER +SEAL","4/15/2025","Técnico",,,,"False",,,"18006","1170.0","4/23/2025","0","0",
"THE HANLEY PLACE","THE HANLEY PLACE","3731","1,353","Converted","Special Cleaning",,"(#3731) TRICHORINE +CYASILVER ALGASIDE BLACK OUT+SPECIAL POOL CLEANING START UP","1/29/2025","Técnico","1/30/2025","N/A",,"False",,,"17220","1353.0","2/4/2025","1","0",
"THE HANLEY PLACE","THE HANLEY PLACE","3659","1,539","Converted","Lights,Feeders",,"NEW CHEMICAL STENNER PUMP FOR THE CHLORINE AND ACID+STENNER RAIN+FULL INSTALLATION+POOL LIGHT INSTALLATION+NEW LIGHT  WEDGE","1/2/2025","Técnico",,,,"False",,,"17214","1539.0","2/3/2025","0","0","0"
"THE HANLEY PLACE","THE HANLEY PLACE","5424","380","Pending","Service Maintenance Equipment,Feeders","Blue Life","OFFICE POOL: NEW HOSE FOR FEEDER +<br>LINE FEEDER +<br>PRESSURE GAUGE + <br>VACUUM , BACK POOL: NEW CHEMICAL STENNER PUMP FOR THE CHLORINE., INSTALLATION NEW CHEMICAL STENNER PUMP.","1/5/2026","Operaciones",,,,"False",,,,,,"0","0","0"
"THE HANLEY PLACE","THE HANLEY PLACE","5788","233","Pending","Lights",,"POOL LIGHT INSTALLATION, POOL LIGHT WEDGE","3/12/2026",,,,,"False",,,,,,,,
"THE HANLEY PLACE","THE HANLEY PLACE","5925","550","Converted","Sum Pump","Blue Life","SUMP PUMP, SUMP PUMP INSTALLATION","3/30/2026","Operaciones","4/22/2026","Manager","4/27/2026","True","Brayan Alvares","4/27/2026","23365","550","4/27/2026",,,
"THE HANLEY PLACE","THE HANLEY PLACE","6314","286","Pending","Steps",,"NEW STAINLESS STEEL STEP., INSTALLATION","5/25/2026",,,,,"False",,,,,,,,
"THE HANLEY PLACE","THE HANLEY PLACE","6588","1,369","Pending","Filter",,"OFFICE POOL: HAYWARK POOL FILTERS GRIDS DE6020., D.E POWDER., INSTALLATION","7/1/2026",,,,,"False",,,,,,,,
"THE JULEP FLATS","JULEP","5554","200","Converted","Lights","Blue Life","POOL LIGHT INSTALLATION, POOL LIGHT WEDGE.","1/30/2026","Operaciones","1/30/2026","Manager","2/19/2026","False","No Aplica","2/20/2026","22480","233","2/20/2026","1","0","0"
"THE JULEP FLATS","JULEP","5751","87","Converted","Gauges","Blue Life","PRESSURE GAUGE, INSTALLATION ","3/10/2026","Operaciones","3/11/2026","Manager","3/12/2026","False","Camilo Leon","3/12/2026","22863","87","3/13/2026",,,
"THE JULEP FLATS","JULEP","5942","299","Converted","Flotador,Toro Valve,ESCUTCHEON PLATE","Blue Life","WATER LEVEL CONTROL VALVE 
VAKPAK SYSTEM.
ESCUTCHEON PLATE STAINLESS 
STEEL.","4/2/2026","Operaciones","4/2/2026","Manager","5/6/2026","True","Brayan Alvares","5/6/2026","23723","299","5/7/2026",,,
"THE JULEP FLATS","JULEP","6065","403","Converted","Lights,Tiles","Blue Life","POOL LIGHT WEDGE AND TILE REPLACEMENT","4/20/2026","Operaciones","4/20/2026","Manager","5/2/2026","True","Brayan Alvares","5/2/2026","23708","403","5/4/2026",,,
"THE JULEP FLATS","JULEP","6077","1,400","Converted","Pavers","Blue Life","Pavers repair","4/21/2026","Operaciones","4/23/2026","Manager","4/25/2026","False","No Aplica","4/25/2026","23375","1,400","4/27/2026",,,
"THE KEYS IN HARBOUR ISLAND","THE KEYS IN HARBOUR ISLAND",,,"Pending","Filter","Blue Life",,,"Operaciones",,,,"True",,"8/11/2024",,,,"0",,"0"
"THE KEYS IN HARBOUR ISLAND","THE KEYS IN HARBOUR ISLAND","5533","250","Pending","Main Drain","Blue Life","Commercial Main Drain cover VGB -12&quot; x 12&quot; Square White Anti-Vortex, FULL INSTALLATION","1/26/2026","Operaciones",,,,"False",,,,,,"0","0","0"
"THE KEYS IN HARBOUR ISLAND","THE KEYS IN HARBOUR ISLAND","6606","772","Pending","Filter",,"COMMERCIAL POOL FILTER DISC., D.E POWDER., INSTALLATION","7/3/2026",,,,,"False",,,,,,,,
"THE KEYS IN HARBOUR ISLAND","THE KEYS IN HARBOUR ISLAND","6704","205","Pending","Lid,Nets",,"SKIMMER LID, NET","7/24/2026",,,,,"False",,,,,,,,
"The Links At Pebble Creek","The Links At Pebble Creek","3860","29,800","Converted","Resurface","Blue Life","Refinish pool surface Marquis bluestone<br>Pool<br>grind around lights and all fitt","11/19/2025","Comercial","11/12/2025","Cliente ","2/4/2026","True","No Aplica","2/4/2026","22421/21285","29,800","2/3/2026","-7","84","0"
"The Links At Pebble Creek","The Links At Pebble Creek","5812","604","Pending","Gauges",,"PENTAIR FILTERS GRID 60, POOL PRESSURE GAUGE., INSTALLATION","3/16/2026",,,,,"False",,,,,,,,
"THE LOOP 2800","THE LOOP 2800","4998","800","Converted","Special Cleaning",,"Black algae treatment","9/12/2025","Operaciones","9/12/2025","Manager",,"False","Brayan Alvares","9/15/2025","#20567","$800","9/23/2025","1","3","8"
"THE LOOP 2800","THE LOOP 2800","4997","1,377","Converted","Filter",,"RECTANGULAR ANTHONY FILTER GRIDS, D.E POWDER., FULL INSTALLATION","9/12/2025","Técnico","9/12/2025","N/A",,"False","Brayan Alvares","9/15/2025","#20568","$1,377",,"1","3","0"
"THE LOOP 2800","THE LOOP 2800","5020","2,890","Converted","Pumps,Plumbing",,"NEW COMMERCIAL VARIABLE SPEED 3HP PUMP, NEW PLUMBING FOR THE INSTALLATION, FULL INSTALLATION","9/16/2025","Técnico","9/16/2025","N/A",,"False","Brayan Alvares","9/19/2025","#20572","$2890","9/23/2025","1","3","4"
"THE LOOP 2800","THE LOOP 2800","4625","950","Pending","Leak",,"Commercial full leak detection.","11/21/2025","Operaciones",,,,"False",,,,,,"0","0","0"
"THE LOOP 2800","THE LOOP 2800","5509","47,000","Declined","Resurface","Blue Life","B-Bluestone Pool<br>Plaster pool using Premix Marbletite --<br>Bluestone<br>Commerc, remove concrete in the skimmer line all around, the pool had different layers on su","1/20/2026","Comercial",,,,"False",,,,,,"0","0","0"
"THE LOOP 2800","THE LOOP 2800","5766","4,676.5","Converted","Pumps","Blue Life","NEW PENTAIR COMMERCIAL 5HP VARIABLE SPEED XF PUMP., INSTALLATION","3/11/2026","Operaciones","3/20/2026","Manager","3/26/2026","True","Brayan Alvares","3/25/2026","22908","4.676.50","3/25/2026",,,
"THE LOOP 2800","THE LOOP 2800","5915","180","Pending","Service Call","Brian/ Responsable Pools","Gas heater service call","3/30/2026",,,,,"False",,,,,,,,
"THE LOOP 2800","THE LOOP 2800","5916","2,200","Converted","Pavers","Blue Life","REPAIR OF PAVING STONES NEAR WATER FOUNTAINS","3/30/2026","Operaciones","4/3/2026","Manager","4/6/2026","False","No Aplica","4/6/2026","23273","2.200","4/6/2026",,,
"THE LOOP 2800","THE LOOP 2800","6255","70","Converted","Feeders","Blue Life","INSTALLATION OF A NEW HOSE <br>FOR FEEDER - PH FEEDER","5/18/2026","Operaciones","5/18/2026","Manager","5/20/2026","True","Miguel Morales","5/20/2026","23801","70","5/20/2026",,,
"THE LOOP 2800",,,,"Accepted","Service Call","Brian/ Responsable Pools","FOUNTAIN: SERVICE CALL PUMP","8/17/2026","Operaciones","8/17/2026","Garantia ",,"False",,,,,,,,
"THE MADEIRA APARTMENTS","THE MADEIRA APARTMENTS","4088","360","Converted","Skimmer Gutter,Safety Equipment",,"(#4088) SKIMME GUTTERS + SAFETY POOL + THROW ROPE","5/12/2025","Health Department","5/12/2025","N/A",,"False",,,"18372","360.0","5/21/2025","1","0",
"THE MADEIRA APARTMENTS","THE MADEIRA APARTMENTS","4178","619","Converted","Feeders",,"(#4178) PH FEEDER","6/5/2025","Health Department","6/6/2025","N/A",,"False","Jorge Manzano","6/16/2025","18718","619.0","6/18/2025","1","10","2"
"THE MAV","THE MAV","3873","2,378.5","Converted","Filter",,"(#3873) 9 NEW COMMERCIAL POOL FILTER","3/24/2025","Técnico","3/25/2025","N/A",,"False","No Aplica","5/12/2025"," #18329","2378.5","5/12/2025","1","48","1"
"THE MAV","THE MAV","5416","140","Converted","Toro Valve","Blue Life","WATER TORO VALVE., FULL INSTALLATION","1/2/2026","Operaciones","1/2/2026",,"1/5/2026","False","Camilo Leon","1/5/2026","22045","220","1/8/2026","1","3","3"
"THE MAV","THE MAV",,,"Converted","Safety Equipment",,"1 POOL RULES",,"Operaciones",,"Manager",,"False",,"1/23/2026","22103","102","1/28/2026","0",,"5"
"THE MAV","THE MAV","6041","1,300","Pending","Resurface","Blue Life","Pool Dry path for hollow spot","4/15/2026","Operaciones","4/21/2026","Manager",,"False","No Aplica",,,,,,,
"THE MAV","THE MAV","6243","384","Converted","Safety Equipment","Blue Life","COMMERCIAL SAFETY LIFE RING COAST GUARD APPROVED., SAFETY THROW ROPE.","5/14/2026","Operaciones","5/14/2026","Manager","5/16/2026","True","Alfredo Jimenez","5/16/2026","23782","384","5/18/2026",,,
"THE MAV","THE MAV","6529","390","Converted","Chemical Controller","Blue Life","BECSys Rotary Flow Switch w/Direction Detection Technolgy, INSTALLATION","6/25/2026","Operaciones","6/25/2026","Manager","6/26/2026","True","No Aplica","6/26/2026","24294","390","6/26/2026",,,
"THE MAV","THE MAV","6787",,"Converted","Toro Valve,Safety Equipment","Blue Life","WATER TORO VALVE., COMMERCIAL SAFETY LIFE RING COAST GUARD APPROVED., FULL INSTALLATION","8/13/2026","Operaciones","8/13/2026","Manager","8/15/2026","True","Brayan Alvares","8/17/2026","25138","351","8/17/2026",,,
"THE MORGAN APARTMENTS","The Morgan Apartments ","6359","2,789","Accepted","Filter,Clamps,Safety Equipment,Safety Line Rope,Throw Rope",,"OFFICE POOL: HAYWARD GRID 72 SQ, OFFICE POOL: HAYWARD FILTER CLAMP - PROGRID, OFFICE POOL: SAFETY LINE ROPE., OFFICE POOL: NEW ANCHORS., OFFICE POOL: BLUE AND WHITE SAFETY FLOATS., OFFICE POOL: COMMERCIAL SAFETY LIFE RING COAST GUARD APPROVED., OFFICE POOL: SAFETY THROW ROPE., OFFICE POOL: INSTALLATION","7/24/2026","Operaciones","7/24/2026","Manager",,"False",,,,,,,,
"THE MORGAN APARTMENTS","The Morgan Apartments ","6340","3,500","Converted","Acid Wash",,"OFFICE POOL: FULL ACID WASH<br>Deck pressure washing (optional): $1,000","7/24/2026","Operaciones","7/24/2026","Manager","7/29/2026","True","Brayan Alvares","7/30/2026","24987","3,500","8/3/2026",,,
"THE OCEANEAIRE APARTMENTS","THE OCEANEAIRE APARTMENTS","4718","1,278","Converted","Feeders",,"(#4718) 1 NEW CHEMICAL  PH STENNER PUMP OFFICE POOL + 1 NEW CHEMICAL PH STENNER PUMP BACK POOL","7/17/2025","Health Department","7/23/2025","N/A",,"False","Alfredo Jimenez","8/1/2025","20129","1278.0","8/8/2025","6","9","7"
"THE OCEANEAIRE APARTMENTS","THE OCEANEAIRE APARTMENTS","3944","762","Converted","Filter",,"(#3944) 2 HAYWARK POOL FILTERS GRIDS DE6020 + D.E POWDER","4/6/2025","Técnico","7/29/2025","N/A",,"False","Brayan Alvares","8/4/2025","20130","762.0","8/8/2025","114","6","4"
"THE OCEANEAIRE APARTMENTS","THE OCEANEAIRE APARTMENTS","3725","1,163.85","Converted","Safety Equipment",,"(#3725) STAINLESS STEEL STEP +MATERIALS & TILE + LINE ROPE + ANCHORS + SAFETY FLOATS +RETURN +SAFETY THROW ROPE","1/24/2025","Técnico",,,,"False",,,"17239","1163.85","2/10/2025","0","0",
"THE OCEANEAIRE APARTMENTS","THE OCEANEAIRE APARTMENTS","4848","1,114.5","Converted","Motors","Blue Life","(#4848) THE OCCEANEAIRE NEW COMMERCIAL 1.5 HP MOTOR.","8/27/2025","Operaciones","11/12/2025","Manager","11/14/2025","False","Brayan Alvares","11/14/2025","21294","1.114.50","11/17/2025","77","2","3"
"THE OCEANEAIRE APARTMENTS","THE OCEANEAIRE APARTMENTS","5144","1,120","Converted","Motors","Blue Life","NEW 3HP POOL MOTOR OFFICE POOL, IMPELLER, SEAL, FULL INSTALLATION","10/15/2025","Operaciones","11/12/2025","Manager","11/14/2025","True","Brayan Alvares","11/14/2025","21296","1.120","11/17/2025","28","2","3"
"THE OCEANEAIRE APARTMENTS","THE OCEANEAIRE APARTMENTS","5436","559","Pending","Feeders","Blue Life","BACK POOL: NEW CHEMICAL STENNER PUMP, CHLORINE FEEDER., INSTALLATION","1/6/2026","Operaciones",,,,"False",,,,,,"0","0","0"
"THE OCEANEAIRE APARTMENTS","THE OCEANEAIRE APARTMENTS","6440","80","Pending","Service Call",,"Blue backwash hose part and labor","6/12/2026",,,,,"False",,,,,,,,
"THE OCEANEAIRE APARTMENTS","THE OCEANEAIRE APARTMENTS","6525","120","Pending","Feeders",,"Feeder line joint change","6/24/2026",,,,,"False",,,,,,,,
"THE OCEANEAIRE APARTMENTS","THE OCEANEAIRE APARTMENTS","5436","1,077","Pending","Feeders,Steps",,"OFFICE POOL: NEW CHEMICAL STENNER PUMP, PH FEEDER., BACK POOL: NEW CHEMICAL STENNER PUMP AND INSTALLATION, NEW STAINLESS STEEL STEP., INSTALLATION","7/1/2026",,,,,"False",,,,,,,,
"THE OCEANEAIRE APARTMENTS","THE OCEANEAIRE APARTMENTS","6679","180","Pending","Backwash Hose",,"Blue backwash hose part and labor","7/17/2026",,,,,"False",,,,,,,,
"THE PEARL APARTMENTS","THE PEARL APARTMENTS","5059","600","Converted","Acid Wash",,"SPA FULL ACID WASH","10/6/2025","Comercial","9/24/2025","Manager","10/6/2025","True","Camilo Leon","10/6/2025","20897","600","10/8/2025","-12","12","2"
"THE PEARL APARTMENTS","THE PEARL APARTMENTS","2842","3,060","Converted","Acid Wash","Blue Life","FULL ACID WASH FOR POOL, RETURN COVER.","10/6/2025","Comercial","9/23/2025","Manager","10/6/2025","True","Camilo Leon","10/6/2025","20898","3060","10/8/2025","-13","13","2"
"THE POINTE AT CLEARWATER","THE POINTE AT CLEARWATER","3945","722","Converted","Filter",,"(1) HAYWARD POOL FILTERS 72","4/6/2025","Operaciones","11/25/2025","Manager","12/1/2025","False","Brayan Alvares","12/1/2025","21626","722","12/13/2025","233","6","12"
"THE POINTE AT CLEARWATER","THE POINTE AT CLEARWATER","5281","60","Converted","Pumps",,"PARTS AND LABOR FOR NEW EXTERNAL HOSE (25–30 ft)","11/10/2025","Operaciones","11/25/2025","Manager","12/1/2025","True","Brayan Alvares",,"21631","60","12/3/2025","15","0",
"THE POINTE AT CLEARWATER","THE POINTE AT CLEARWATER","5451","380","Pending","Service Maintenance Equipment","Blue Life","NEW HOSE FOR FEEDER +<br>LINE FEEDER +<br>PRESSURE GAUGE + <br>VACUUM GAUGE +<br>CL","1/7/2026","Operaciones",,,,"False",,,,,,"0","0","0"
"THE POINTE AT CLEARWATER","THE POINTE AT CLEARWATER","6459","1,238","Pending","Feeders",,"POOL: NEW CHEMICAL STENNER PUMP - CHLORINE AND PH FEEDER, INSTALLATION","6/16/2026",,,,,"False",,,,,,,,
"THE POINTE AT CLEARWATER","THE POINTE AT CLEARWATER","6660","1,246","Pending","Motors",,"NEW 3HP - 1 PHASE POOL MOTOR., IMPELLER, MOTOR SEAL., INSTALLATION","7/14/2026",,,,,"False",,,,,,,,
"The Reserve At Palmer Ranch","The Reserve At Palmer Ranch","6445","1,500","Pending","Service Call",,"POOL 1: TREATMENT TO ELIMINATE BLACK ALGAE, ADD STABILIZER, AND REMOVE PHOSPHATES</, POOL 2: TREATMENT TO ELIMINATE BLACK ALGAE, ADD STABILIZER, AND REMOVE PHOSPHATES</","6/18/2026",,,,,"False",,,,,,,,
"The Reserve At Palmer Ranch","The Reserve At Palmer Ranch","6444","530","Pending","Flow Meter,Service Maintenance Equipment",,"POOL 1: COMMERCIAL FLOW METER 3 inc., POOL 1: CLAMPS FLOW METER PART AND <br>LABOR, POOL 1: PRESSURE GAUGE., POOL 1: VACUMM GAUGE., FLOW METER 3 INC AND PRESSURE GAUGE. INSTALLATION","6/18/2026",,,,,"False",,,,,,,,
"The Reserve At Palmer Ranch","The Reserve At Palmer Ranch","5422","2,868.75","Pending","Pumps",,"NEW COMMERCIAL 3HP PUMP 3 PHASE., NEW PLUMBING FOR THE INSTALLATION., FULL INSTALLATION","6/18/2026",,,,,"False",,,,,,,,
"The Reserve At Palmer Ranch","The Reserve At Palmer Ranch","5420","1,270","Pending","Motors",,"NEW 3HP POOL MOTOR 3 phase, new 3hp impeller, new pump seals, INSTALLATION","6/18/2026",,,,,"False",,,,,,,,
"The Reserve At Palmer Ranch","The Reserve At Palmer Ranch","6482","1,525","Converted","Filter","Blue Life","POOL 2:  32 COMMERCIAL POOL FILTER DISC., D.E POWDER., INSTALLATION","6/18/2026","Operaciones","6/18/2026","Manager","6/23/2026","True","Brayan Alvares","7/20/2026","24709","1.525","7/21/2026",,,
"The Residences at 400 Central",,"6089","17,812","Pending","Heaters",,"POOL: Lochnimar 400 K BTU ASME Heater - 2 - year warranty, SPA: Lochnivar 300 K BTU<br>ASME Heater - 2 - year warranty","4/22/2026",,,,,"False",,,,,,,,
"The Residences at 400 Central",,"6214","700","Converted","Returns Cover","Blue Life","14  RETURN COVER AND INSTALLATION","5/11/2026","Operaciones","7/9/2026","Manager","7/17/2026","True","Brayan Alvares","7/31/2026","24975","700","8/3/2026",,,
"The Residences at 400 Central","The Residences at 400 Central","6409","2,890","Converted","Filter","Blue Life","COMMERCIAL POOL FILTERS PLM300, COMMERCIAL SPA FILTERS PLM200., INSTALLATION","6/9/2026","Operaciones","6/24/2026","Manager","6/26/2026","True","Gustavo Barrero","6/26/2026","24286","2,890","6/26/2026",,,
"The Residences at 400 Central","The Residences at 400 Central","6559","1,400","Converted","ORP Sensor","Blue Life","PH SENSOR, ORP SENSOR, INSTALLATION","6/29/2026","Operaciones","7/7/2026","Manager","7/10/2026","True","Dany Lopez","7/15/2026","24692","1,400","7/16/2026",,,
"The retreat",,,,,"[]",,,,,,,,"False",,,,,,,,
"THE RETREAT AT TRINITY","THE RETREAT AT TRINITY","4187","400","Converted","Autofill",,"(#4187)REGULAR AUTO LEVEL CONTROL VALVE","6/10/2025","Técnico","6/10/2025","N/A",,"False","Camilo Hidalgo","6/11/2025","18707","400.0","6/16/2025","1","1","5"
"THE RETREAT AT TRINITY","THE RETREAT AT TRINITY","4078","1,723","Converted","Motors",,"(#4078) 1 NEW COMMERCIAL 5HP MOTOR+ SEAL + IMPELLER","5/8/2025","Técnico",,,,"False",,,"18351","1723.0","5/15/2025","0","0",
"THE RETREAT AT TRINITY","THE RETREAT AT TRINITY","3826","520","Converted","Plunger,Service Maintenance Equipment",,"VAKPAK  REPAIR KIT PLUNGER+NEW HOSE FOR FEEDERS+LINE FEEDER+FULL INSTALLATION","3/6/2025","Técnico",,,,"False",,,"17672","520.0","3/19/2025","0","0","0"
"THE RETREAT AT TRINITY","THE RETREAT AT TRINITY","4107","2,500","Pending","Acid Wash",,"(#4107) FULL ACID WASH","5/14/2025","Operaciones",,,,"False",,,,,,"0","0","0"
"THE RETREAT AT TRINITY","THE RETREAT AT TRINITY","5713","688","Pending","Feeders",,"OFFICE POOL- NEW CHEMICAL STENNER PUMP FOR THE PH, OFFICCE POOL-NEW HOSE FOR CHLORINE FEEDER., INSTALLATION FEEDER PH AND HOSE FEEDER FOR THE CHLORINE FEEDER","3/3/2026",,,,,"False",,,,,,,,
"THE RETREAT AT TRINITY","THE RETREAT AT TRINITY","5997","1,334.93","Converted","Filter","Blue Life","26 RECTANGULAR ANTHONY FILTER GRIDS, D.E POWDER., INSTALLATION","4/8/2026","Operaciones","4/8/2026","Manager","4/17/2026","True","Brayan Alvares","4/17/2026","23325","1,334.93","4/20/2026",,,
"THE RETREAT AT TRINITY","THE RETREAT AT TRINITY","6460","250","Pending","Plumbing",,"Redo the suction plumbing","6/16/2026",,,,,"False",,,,,,,,
"THE RETREAT AT TRINITY","THE RETREAT AT TRINITY","6689","26,550","Pending","Heaters","Brian/ Responsable Pools","Hayward HeatPro - 140 BTU - 5 year warranty on parts and 3 year labor","7/21/2026",,,,,"False",,,,,,,,
"THE RETREAT AT TRINITY","THE RETREAT AT TRINITY","6688","27,600","Pending","Heaters","Brian/ Responsable Pools","AquaCal - 138 BTU - 5 year warranty on parts and 3 year labor","7/21/2026",,,,,"False",,,,,,,,
"THE RETREAT AT TRINITY","THE RETREAT AT TRINITY","6763",,"Converted","Plunger","Blue Life","VAKPAK KIT INTERNAL ASSEMBLY PLUNGER 6""., INSTALLATION","8/7/2026","Operaciones","8/7/2026","Manager","8/21/2026","True","Brayan Alvares","8/21/2026","25168","446","8/21/2026",,,
"THE RETREAT AT TRINITY","THE RETREAT AT TRINITY","6841",,"Pending","[]",,"Refinish the existing pool interior with a new finish. The scope includes all requi","8/21/2026",,,,,"False",,,,,,,,
"THE RETREAT AT TRINITY","THE RETREAT AT TRINITY","6840",,"Pending","[]",,"Refinish the existing pool Interior with a new finish. The scope includes all requi","8/21/2026",,,,,"False",,,,,,,,
"THE RIO APARTMENTS","THE RIO APARTMENTS","4052","250","Converted","Service Call",,"(#4052) Labor and materials to rebuild the line","5/5/2025","Operaciones",,,,"False",,,"18352","250.0","5/15/2025","0","0",
"THE RIO APARTMENTS","THE RIO APARTMENTS","3866","1,243","Converted","Pumps,Plumbing",,"(#3866) 1 HP PENTAIR  PUMP + PLUMBING","3/20/2025","Técnico",,,,"False",,,"17966","1243.0","4/14/2025","0","0",
"THE RIO APARTMENTS","THE RIO APARTMENTS","4049","1,332","Converted","Main Drain,Life Hook,Skimmer Gutter,Returns Cover",,"(#4049) MAIN DRAIN + LIFE HOOK + SKIMMER GUTTERS + THROW ROPE + FLOW METER + RETORNO","5/2/2025","Health Department",,,,"False",,,"18353","1332.0","5/15/2025","0","0",
"THE RIO APARTMENTS","THE RIO APARTMENTS","5016","380","Converted","Service Maintenance Equipment","Blue Life","NEW HOSE FOR FEEDER +LINE FEEDER +PRESSURE GAUGE +VACUUM GAUGE","9/16/2025","Técnico","12/2/2025","Manager","12/5/2025","True","Camilo Hidalgo",,"21670","380","12/10/2025","77","0",
"THE RIO APARTMENTS","THE RIO APARTMENTS",,,"Pending","Filter","Blue Life",,,"Operaciones",,,,"True",,"5/24/2019",,,,"0",,"0"
"THE RIO APARTMENTS","THE RIO APARTMENTS","5577","559","Converted","Feeders","Blue Life","NEW CHEMICAL STENNER PUMP - CHLORINE FEEDER, CHLORINE FEEDER INSTALLATION","2/4/2026","Operaciones","2/4/2026","Manager","2/10/2026","True","Angel Hernandez","2/10/2026","22441","619","2/11/2026","1","6","1"
"THE RIO APARTMENTS","THE RIO APARTMENTS","5730","180","Converted","Plumbing","Blue Life","NEW PLUMBING FOR THE REPAIR LINE PI LABOR AND MATERIALS","3/6/2026","Técnico","3/9/2026","Manager","3/12/2026","True","Brayan Alvares","3/12/2026","22860","180","3/13/2026",,,
"THE RIO APARTMENTS","THE RIO APARTMENTS","5784","120","Converted","Plumbing","Blue Life","INSTALLATION OF THREADED CONNECTION TO THE VACUUM PUMP","3/12/2026","Operaciones","3/16/2026","Manager","3/17/2026","True","Brayan Alvares","3/17/2026","22883","120","3/17/2026",,,
"THE RIO APARTMENTS","THE RIO APARTMENTS","5987","130","Declined","Life Hook","Blue Life","2 HOOK","4/7/2026","Operaciones",,,,"False","Dany Lopez",,,,,,,
"THE RIO APARTMENTS","THE RIO APARTMENTS","6047","1,142","Converted","Filter","Blue Life","FILTER DISC., D.E POWDER., INSTALLATION","4/16/2026","Operaciones","4/25/2026","Manager","4/25/2026","True","Brayan Alvares","4/25/2026","23370","1,142","4/27/2026",,,
"THE RIO APARTMENTS","THE RIO APARTMENTS","6681","2,883.75","Converted","Pumps","Blue Life","NEW COMMERCIAL 3HP PUMP - 1 PHASE INTELLIFLO, INSTALLATION","7/20/2026","Operaciones","7/20/2026","Manager","7/31/2026","True","Brayan Alvares","7/25/2026","24748","2,883.75","7/28/2026",,,
"THE ROW WATERSIDE","THE ROW WATERSIDE","5055","231","Converted","Flotador","Blue Life","WATER LEVEL CONTROL VALVE VAKPAK SYSTEM, STANDAR LABOR","9/23/2025","Técnico","9/23/2025","Manager","10/2/2025","True","Brayan Alvares","10/2/2025","20896","231","10/8/2025","1","9","6"
"THE ROW WATERSIDE","THE ROW WATERSIDE","2447","2,400","Converted","Filter","Blue Life","(8) COMMERCIAL POOL FILTERS, FULL INSTALLATION","10/13/2023","Operaciones","10/18/2023","Manager","10/19/2023","True","No Aplica","10/19/2023","12875","2,400.00","10/19/2023","5","1","1"
"THE ROW WATERSIDE","THE ROW WATERSIDE","6019","380","Converted","Service Maintenance Equipment","Blue Life","NEW HOSE FOR FEEDER +<br>LINE FEEDER +<br>PRESSURE GAUGE + <br>VACUUM GAUGE +<br>CL","4/13/2026","Operaciones","4/15/2026","Manager","4/30/2026","True","Camilo Hidalgo","4/30/2026","23390","380","4/30/2026",,,
"THE ROW WATERSIDE","THE ROW WATERSIDE","6117","2,400","Pending","Filter",,"COMMERCIAL POOL FILTER ST105., INSTALLATION","4/27/2026",,,,,"False",,,,,,,,
"THE ROW WATERSIDE","THE ROW WATERSIDE","6228","470","Pending","Plumbing",,"MOVABLE AND SLIDING PANEL AND DRAINS PANS.","5/12/2026",,,,,"False",,,,,,,,
"THE ROW WATERSIDE","THE ROW WATERSIDE","6637","1,854.45","Converted","Motors","Blue Life","NEW COMMERCIAL 5HP MOTOR - SINGLE PHASE, MOTOR SEAL., IMPELLER, INSTALLATION","7/10/2026","Operaciones","7/17/2026","Manager","7/31/2026","True","Brayan Alvares","7/28/2026","24744","1,854.45","7/28/2026",,,
"THE ROW WATERSIDE","THE ROW WATERSIDE","6636","4,592.5","Pending","Pumps",,"NEW PENTAIR COMMERCIAL 5HP VARIABLE SPEED PUMP., FULL INSTALLATION","7/10/2026",,,,,"False",,,,,,,,
"The Southerly at Heron Creek","The Southerly at Heron Creek","5199","1,451","Converted","Filter","Blue Life","RECTANGULAR ANTHONY FILTER GRIDS., D.E POWDER., FULL INSTALLATION","10/23/2025","Operaciones","10/23/2025","Quickbooks","10/24/2025","True","Camilo Hidalgo","10/24/2025","20963","1.451","10/30/2025","1","1","6"
"The Southerly at Heron Creek","The Southerly at Heron Creek","5200","200","Pending","Service Call",,"Services Call for system check","10/27/2025","Operaciones",,,,"True",,,,,,"0","0","0"
"The Southerly at Heron Creek","The Southerly at Heron Creek","5240","1,140","Converted","Pumps","Blue Life","NEW 1HP PENTAIR FOUNTAIN PUMP SUPER FLOW, FULL INSTALLATION","11/4/2025","Técnico","11/4/2025","Manager","11/10/2025","True","Camilo Hidalgo","11/10/2025","21279","1.140","11/12/2025","1","6","2"
"The Southerly at Heron Creek","The Southerly at Heron Creek","5374","890","Pending","Pumps",,"POOL- NEW 1HP PENTAIR PUMP SUPER FLOW, POOL- FULL INSTALLATION PUMP","12/9/2025","Operaciones",,,,"False",,,,,,"0","0","0"
"The Southerly at Heron Creek","The Southerly at Heron Creek","5503","250","Converted","Plumbing","Blue Life","PLUMBING REPAIR AND LABOR BY SUCTION","1/16/2026","Operaciones","1/16/2026","Manager","1/21/2026","True","Brayan Alvares","1/21/2026","22080","250","1/21/2026","1","5","1"
"The Southerly at Heron Creek","The Southerly at Heron Creek","5642","180","Converted","Heaters","Brian/ Responsable Pools","Gas heater service call","2/16/2026","Operaciones","2/16/2026","Manager","2/25/2026","False","No Aplica","2/25/2026","22497","1380","2/25/2026",,,
"The Southerly at Heron Creek","The Southerly at Heron Creek","5763","640","Converted","Filter","Blue Life","COMMERCIAL SPA FILTERS PLM200., INSTALLATION","3/11/2026","Operaciones","3/25/2026","Manager","4/2/2026","True","Camilo Hidalgo","3/31/2026","23233","640","4/1/2026",,,
"The Southerly at Heron Creek","The Southerly at Heron Creek","5896","153","Pending","Lights",,"POOL LIGHT WEDGE., LIGHT INSTALLATION","3/26/2026",,,,,"False",,,,,,,,
"The Southerly at Heron Creek","The Southerly at Heron Creek","5984","801.21","Declined","Pumps","Blue Life","PUMP SEAL, IMPELLER, HOUSING PLATE, INSTALLATION","4/6/2026","Operaciones","4/8/2026","Manager",,"False",,,,,,,,
"The Southerly at Heron Creek","The Southerly at Heron Creek","6088","5,586","Pending","Motors",,"NEW COMMERCIAL 7.5HP - 3PHASES MOTOR., INSTALLATION","4/22/2026",,,,,"False",,,,,,,,
"The Southerly at Heron Creek","The Southerly at Heron Creek","6227","450","Converted","Pumps","Blue Life","INSTALLATION OF HOUSING ","5/12/2026","Operaciones","5/18/2026","Manager","5/29/2026","True","Brayan Alvares","5/29/2026","23850","250","5/29/2026",,,
"The Southerly at Heron Creek","The Southerly at Heron Creek","6260","200","Converted","Lid","Blue Life","INSTALLATION OF 4 HINGES","5/18/2026","Operaciones","5/18/2026","Manager","7/3/2026","True","Brayan Alvares","7/3/2026","24638","200","7/3/2026",,,
"The Southerly at Heron Creek","The Southerly at Heron Creek","6552","153","Pending","Lights",,"POOL LIGHT WEDGE., INSTALLATION","6/29/2026",,,,,"False",,,,,,,,
"THE TIDES AT WATERSIDE","THE TIDES AT WATERSIDE","4205","160","Converted","Lights",,"(#4205)POOL LIGHT INSTALLATION","6/12/2025","Técnico","6/13/2025","N/A",,"False","Camilo Hidalgo","6/26/2025","19061","160.0","3/7/2025","1","13","-111"
"THE TIDES AT WATERSIDE","THE TIDES AT WATERSIDE","3892","356","Converted","Feeders",,"(#3892)2 LINE FEEDER + 2 NEW HOSE FOR FEEDERS","3/27/2025","Técnico",,,,"False",,,"17999","356.0","4/21/2025","0","0",
"THE TIDES AT WATERSIDE","THE TIDES AT WATERSIDE","3990","619","Converted","Feeders",,"(#3990) NEW CHEMICAL STENNER PUMP","4/15/2025","Técnico",,,,"False",,,"20505","619","4/30/2025","0","0",
"THE TIDES AT WATERSIDE","THE TIDES AT WATERSIDE","4957","5,100","Converted","Pumps",,"(#4957) NEW SPEEK 7.5 HP PUMP, FULL INSTALLATION","9/2/2025","Operaciones","9/4/2025","N/A",,"False","Brayan Alvares","9/3/2025","20499","5100","9/3/2025","2","-1","1"
"THE TIDES AT WATERSIDE","THE TIDES AT WATERSIDE"," 3531","1,565.03","Converted","Filter","Blue Life","(35) RECTANGULAR ANTHONY FILTER GRIDS, D.E POWER, FULL INSTALLATION","11/7/2024","Operaciones","11/14/2024","Manager","11/21/2024","True","No Aplica","11/21/2024","16487","1,565.03","11/21/2024","7","7","1"
"THE TIDES AT WATERSIDE","THE TIDES AT WATERSIDE","5607","80","Converted","Gate Valve","Blue Life","GATE VALVE, PART AND LABOR","2/11/2026","Operaciones","2/12/2026","Manager","2/14/2026","True","Brayan Alvares","2/14/2026","22459","80","2/16/2026","1","0","0"
"THE TIDES AT WATERSIDE","THE TIDES AT WATERSIDE","5691","1,761","Converted","Filter","Blue Life","RECTANGULAR ANTHONY FILTER GRIDS, D.E POWDER., INSTALLATION","2/25/2026","Operaciones","2/26/2026","Manager","3/2/2026","True","Brayan Alvares","3/3/2026","22821","1.761","3/3/2026",,,
"THE VILLAS AT ST. PETE BEACH","THE VILLAS AT ST. PETE BEACH","4715","1,050","Converted","Leak",,"Repaired one scum gutter When you are facing deep end, it is on the left side.

1. Preliminary Preparation Lowered the pool water level approximately","7/17/2025","Técnico",,,,"False",,,"20166","1050.0","8/12/2025","0","0","0"
"THE VILLAS AT ST. PETE BEACH","THE VILLAS AT ST. PETE BEACH","4050","800","Converted","Leak",,"Inspection Performed:
Full leak detection of the commercial pool.
Static pressure tested both the suction and
return lines; all held pressure with no
issues.","5/5/2025","Técnico",,,,"False",,,"19812","800.0","7/13/2025","0","0","0"
"THE VILLAS AT ST. PETE BEACH","THE VILLAS AT ST. PETE BEACH","3263","731.05","Converted","Filter","Blue Life","(16) COMMERCIAL POOL FILTER DISK, D.E POWDER, FULL INSTALLATION

","7/23/2024","Operaciones","7/23/2024","Manager","9/9/2024","True","No Aplica","9/9/2024","15937","731.05","9/18/2024","1","48","9"
"THE VILLAS AT ST. PETE BEACH","THE VILLAS AT ST. PETE BEACH","5583","2,600","Converted","Leak","Blue Life","Issue Identified:<br>The commercial pool is in the process of scum gutter repairs, ","2/5/2026","Operaciones","2/7/2026","Manager","3/13/2026","False","No Aplica","7/21/2026","24710","3,600","7/21/2026","2","0","0"
"THE VILLAS AT ST. PETE BEACH","THE VILLAS AT ST. PETE BEACH","6348","930.48","Converted","Filter","Blue Life","COMMERCIAL POOL FILTER DISK, D.E POWDER, INSTALLATION","5/28/2026","Operaciones","6/2/2026","Manager","6/9/2026","True","Brayan Alvares","6/9/2026","24205","930.48","6/10/2026",,,
"THE VILLAS AT ST. PETE BEACH","THE VILLAS AT ST. PETE BEACH","6535","211","Converted","Flotador","Blue Life","WATER LEVEL CONTROL VALVE VAKPAK SYSTEM., INSTALLATION","6/25/2026","Operaciones","6/29/2026","Manager","7/3/2026","True","Brayan Alvares","7/23/2026","24722","211","7/23/2026",,,
"THE VILLAS AT ST. PETE BEACH","THE VILLAS AT ST. PETE BEACH","6629","395","Converted","Line Chlorinator ","Blue Life","RAINBOW 320 OFF LINE CHLORINATOR, INSTALLATION","7/9/2026","Health Deparment","7/14/2026","Manager","7/24/2026","True","Brayan Alvares","7/23/2026","24724","395","7/23/2026",,,
"THE VILLAS AT ST. PETE BEACH","THE VILLAS AT ST. PETE BEACH","6709",,"Pending","[]",,"NEW CHEMICAL CONTROLLER HAYWARD HCC2000., POOL: NEW CHEMICAL STENNER PUMP - CHLORINE AND PH FEEDER, INSTALLATION","7/28/2026",,,,,"False",,,,,,,,
"TIMBER TRACE","TIMBER TRACE","3157","684","Converted","Filter",,"(#3157)FILTERS GRIDS 6020","4/15/2025","Operaciones","4/17/2025","N/A",,"False","Yasiel Amador","4/22/2025","18007","684","4/23/2025","2","5","1"
"TIMBER TRACE","TIMBER TRACE","5774","400","Converted","Flow Meter","Blue Life","commercial 2inc flow meter., FULL INSTALLATION","3/11/2026","Operaciones","3/17/2026","Manager","3/17/2026","True","Dany Lopez","3/17/2026","22880","400","3/17/2026",,,
"TIMBER TRACE","TIMBER TRACE","5813","150","Converted","Pavers","Blue Life","Repair of 2 Pool Pavers","3/16/2026","Operaciones","3/16/2026","Manager","4/4/2026","True","Brayan Alvares","4/4/2026","23267","150","4/6/2026",,,
"TIMBER TRACE","TIMBER TRACE","6513","684","Pending","Filter",,"HAYWARK POOL FILTERS GRIDS DE6020., INSTALLATION","6/23/2026",,,,,"False",,,,,,,,
"TORTOLA WESLEY CHAPEL","TORTOLA WESLEY CHAPEL","5482","1,008","Converted","Filter","Blue Life","24 RECTANGULAR ANTHONY FILTER GRIDS, D.E POWDER, FULL INSTALLATION OF FILTERS","1/13/2026","Operaciones","7/8/2026","Manager","7/10/2026","True","Brayan Alvares","7/16/2026","24696","1,299","7/16/2026","0","0","0"
"TORTOLA WESLEY CHAPEL","TORTOLA WESLEY CHAPEL","5518","850","Accepted","Leak","Roger/BigBlue","Commercial full leak detection.","1/21/2026","Operaciones","1/23/2026","Manager","2/5/2026","False","No Aplica",,,,,"2","0","0"
"TORTOLA WESLEY CHAPEL","TORTOLA WESLEY CHAPEL","6108","211","Converted","Flotador","Blue Life","WATER LEVEL CONTROL VALVE VAKPAK SYSTEM., INSTALLATION","4/24/2026","Operaciones","4/24/2026","Manager","4/29/2026","True","Angel Viña","4/29/2026","23382","211","4/29/2026",,,
"TORTOLA WESLEY CHAPEL","TORTOLA WESLEY CHAPEL","6796",,"Repair Done","Feeders","Blue Life","NEW HOSE FOR FEEDERS PH AND CHLORINE, FULL INSTALLATION","8/14/2026","Operaciones","8/24/2026","Manager","8/28/2026","True","Angel Viña","8/26/2026",,,,,,
"TOWN PLACE APARTMENTS","TOWN PLACE APARTMENTS","5379","48,800","Pending","Resurface",,"Refinish pool surface Marquis bluestone<br>Pool<br>grind around lights and all fitt, SPA refinish with bluestone Marquis, tile, returnand main drain, the pool is very old and multiple gutters are clogged, there is a few layers of con","12/10/2025","Operaciones",,,,"False",,,,,,"0","0","0"
"TOWN PLACE APARTMENTS","TOWN PLACE APARTMENTS","5672","3,676","Pending","Chemical Controller,Feeders","Blue Life","POOL: NEW CHEMICAL CONTROLLER HAYWARD HCC2000., POOL: NEW CHEMICAL STENNER PUMP - PH AND CHLORINE FEEDER, PH AND CHLORINE FEEDER INSTALLATION","2/20/2026","Operaciones","6/2/2026","Manager",,"False","Brayan Alvares",,,,,,,
"TOWN PLACE APARTMENTS","TOWN PLACE APARTMENTS","6105","2,008.3","Converted","Pumps","Blue Life","1.5 HP SUPERFLO VST VARIABLE SPEED PUMP, INSTALLATION","4/23/2026","Operaciones","5/5/2026","Manager","5/7/2026","True","Brayan Alvares","5/7/2026","23729","2,008.30","5/7/2026",,,
"TOWN PLACE APARTMENTS","TOWN PLACE APARTMENTS","6828",,"Pending","[]",,"SPA: FULL ACID WASH","8/19/2026",,,,,"False",,,,,,,,
"TOWN PLACE APARTMENTS","TOWN PLACE APARTMENTS","6829",,"Pending","[]",,"Partial acid wash of the wall 8 returns","8/19/2026",,,,,"False",,,,,,,,
"TOWNHOMES AT PARKSIDE","TOWNHOMES AT PARKSIDE","5556","2,500","Pending","Acid Wash","Blue Life","FULL ACID WASH","1/29/2026","Operaciones",,,,"False",,,,,,"0","0","0"
"TOWNHOMES AT PARKSIDE","TOWNHOMES AT PARKSIDE","5843","940","Declined","Filter,Service Maintenance Equipment",,"NEW PENTAIR CCP320, NEW HOSE FOR FEEDER +<br>LINE FEEDER +<br>PRESSURE GAUGE + <br>VACUUM GAUGE +<br>CL, FILTER INSTALLATION","3/20/2026",,,,,"False",,,,,,,,
"TOWNHOMES AT PARKSIDE","TOWNHOMES AT PARKSIDE","6678","2,123.57","Converted","Filter","Blue Life","1 PENTAIR - TANK CARTRIDGE FILTER 420, INSTALLATION","7/17/2026","Operaciones","7/22/2026","Manager","7/31/2026","True","Brayan Alvares","8/4/2026","25067","2,123.57","8/5/2026",,,
"TOWNSGATE APARTMENTS","TOWNSGATE APARTMENTS","4737","661","Converted","Filter",,"(#4737) 10 RECTANGULAR ANTHONY FILTER GRIDS OF THE OFFICE POOL+ DE POWER","7/22/2025","Técnico","7/24/2025","N/A",,"False","Yasiel Amador","7/24/2025","19840","661.0","7/25/2025","2","1","1"
"TOWNSGATE APARTMENTS","TOWNSGATE APARTMENTS","3947","809","Converted","Filter",,"(#3947) 14 RECTANGULAR ANTHONY FILTER GRIDS OF THE FRONT POOL + D.E POWER","4/30/2025","Técnico","7/24/2025","N/A",,"False","Yasiel Amador","7/24/2025","19841","809.0","7/25/2025","85","1","1"
"TOWNSGATE APARTMENTS","TOWNSGATE APARTMENTS","4780","619","Pending","Feeders",,"(#4780) 1 NEW CHEMICAL STENNER PUMP OF THE ACID","8/6/2025","Técnico",,,,"False",,,,,,"0","0","0"
"TOWNSGATE APARTMENTS","TOWNSGATE APARTMENTS","5499","140","Pending","Toro Valve","Blue Life","WATER TORO VALVE., INSTALLATION","1/15/2026","Operaciones",,,,"False",,,,,,"0","0","0"
"TOWNSGATE APARTMENTS","TOWNSGATE APARTMENTS","5917","380","Pending","Service Maintenance Equipment",,"POOL 2: NEW HOSE FOR FEEDER +<br>LINE FEEDER +<br>PRESSURE GAUGE + <br>VACUUM GAUGE","3/30/2026",,,,,"False",,,,,,,,
"TOWNSGATE APARTMENTS","TOWNSGATE APARTMENTS","6050","211","Converted","Flotador","Blue Life","WATER LEVEL CONTROL VALVE VAKPAK SYSTEM., INSTALLATION","4/16/2026","Operaciones","4/17/2026","Manager","4/21/2026","True","Fabian Cairasco","4/21/2026","23341","211","4/22/2026",,,
"TOWNSGATE APARTMENTS","TOWNSGATE APARTMENTS","6379","150","Accepted","Pumps","Blue Life","PUMP THREAD, PARTS AND LABOR","6/2/2026","Operaciones","6/10/2026","Manager","6/12/2026","True","Brayan Alvares",,,,,,,
"TOWNSGATE APARTMENTS","TOWNSGATE APARTMENTS","6576","711","Pending","Filter",,"OFFICE POOL: COMMERCIAL POOL RECTANGULAR ANTHONY FILTER GRIDS, D.E POWDER., INSTALLATION","7/1/2026",,,,,"False",,,,,,,,
"TOWNSGATE APARTMENTS","TOWNSGATE APARTMENTS","6577","879","Pending","Filter",,"FRONT POOL: COMMERCIAL POOL RECTANGULAR ANTHONY FILTER GRIDS, D.E POWDER., INSTALLATION","7/1/2026",,,,,"False",,,,,,,,
"TRADITION AT PALM AIRE","TRADITION AT PALM AIRE","4188","160","Converted","Filter",,"(#4188) FILTER REPAIR PART AND LABOR","6/10/2025","Técnico","6/11/2025","N/A",,"False","Brayan Alvares","6/17/2025","18717","160.0","6/18/2025","1","6","1"
"TRADITION AT PALM AIRE","TRADITION AT PALM AIRE","3888","631","Converted","Timer,Thermometer,Gauges",,"(#3888) 1 NEW ELECTRICAL TIMER FOR THE SPA + 1 NEW THERMOMETER + 2 POOL PRESSURE GAUGE COMPLETAR HD","3/27/2025","Health Department",,,,"False",,,"18016","631.0","4/25/2025","0","0",
"TRADITION AT PALM AIRE","TRADITION AT PALM AIRE","4274","160","Converted","Lights",,"(#4274)POOL LIGHT INSTALLATION FOR THE MAIN POOL","7/2/2025","Técnico","7/3/2025","N/A",,"False","Camilo Leon","7/7/2025","18792","160.0","7/18/2025","1","4","11"
"TRADITION AT PALM AIRE","TRADITION AT PALM AIRE","4811","330","Pending","Skimmer Gutter",,"(#4811) 6 SKIMMER GUTTER","8/18/2025","Técnico",,,,"False",,,,,,"0","0","0"
"TRADITION AT PALM AIRE","TRADITION AT PALM AIRE","3814","967","Converted","Steps,Main Drain,Flotador,Plumbing",,"(#3814) 1 STAINLESS STEEL STEP FOR THE POOL WESTSIDE+1 Main Drain +1 WATER LEVEL CONTROL VALVE VAKPAK SYSTEM + PLUMBING","3/4/2025","Técnico",,,,"False",,,"17857","967.0","3/31/2025","0","0","0"
"TRADITION AT PALM AIRE","TRADITION AT PALM AIRE","3735","2,108.75","Converted","Filter",,"MAIN POOL NEW COMMERCIAL FILTER CCP420+FULL INSTALLATION+NEW PLUMBING FOR THE INSTALLATION","1/30/2025","Técnico","2/3/2025","N/A",,"False","Camilo Hidalgo","6/5/2025","17217","2108.75",,"4","122","0"
"TREVISO GRAND APARTMENTS","TREVISO GRAND APARTMENTS","4990","800","Converted","Special Cleaning",,"(#4990) BLACK ALGAE TREATMENT","9/12/2025","Técnico","9/12/2025","N/A",,"False","Brayan Alvares","9/15/2025","#20545","$800","9/15/2025","1","3","1"
"TREVISO GRAND APARTMENTS","TREVISO GRAND APARTMENTS","4991","1,281.87","Converted","Filter",,"(#4991) RECTANGULAR ANTHONY FILTER GRIDS x24 +D.E POWDER + FULL INSTALLATION","9/12/2025","Técnico","9/12/2025","N/A",,"False","Brayan Alvares","9/15/2025","#20546","$1281,87","9/15/2025","1","3","1"
"TREVISO GRAND APARTMENTS","TREVISO GRAND APARTMENTS","5002","812","Converted","Lights,Service Maintenance Equipment",,"(#5002) POOL LIGHT WEDGE x4 + NEW HOSE FOR FEEDER + LINE FEEDER +PRESSURE GAUGE + VACUUM GAUGE +CLAMP FLOW METER","9/12/2025","Operaciones","9/12/2025","N/A",,"False","Camilo Leon",,"20865","812","10/3/2025","1",,
"TREVISO GRAND APARTMENTS","TREVISO GRAND APARTMENTS","5187","285","Pending","Plunger",,"VAKPAK REPAIR KIT PLUNGER 6 INCHES., STANDAR LABOR","10/30/2025","Operaciones",,,,"True",,,,,,"0","0","0"
"TREVISO GRAND APARTMENTS","TREVISO GRAND APARTMENTS","5366","533","Converted","Pumps",,"(PUMP SEAL + LABOR OK), PLATE.","12/5/2025","Operaciones","12/31/2025","Manager","1/21/2026","True","Brayan Alvares","1/21/2026","22083","533","1/21/2026","26","21","1"
"TREVISO GRAND APARTMENTS","TREVISO GRAND APARTMENTS","5619","270","Converted","Returns Cover","Blue Life","New  6 floor return., INSTALLATION","2/12/2026","Operaciones","8/6/2026","Manager","8/21/2026","True","Camilo Hidalgo","8/18/2026","25142","570","8/19/2026","0","0","0"
"TREVISO GRAND APARTMENTS","TREVISO GRAND APARTMENTS","5631","129","Converted","Safety Equipment","Blue Life","SAFETY POLE 16"", SAFETY THROW ROPE","2/12/2026","Operaciones","2/20/2026","Manager","2/21/2026","True","Brayan Alvares","2/21/2026","22490","176","2/23/2026","0","0","0"
"TREVISO GRAND APARTMENTS","TREVISO GRAND APARTMENTS","5594","1,200","Converted","Motors","Blue Life","NEW COMMERCIAL 5HP WHISPERFLO MOTOR., IMPELLER","2/12/2026","Operaciones","2/20/2026","Manager","2/21/2026","True","Brayan Alvares","2/21/2026","22491","1393","2/23/2026","0","0","0"
"TREVISO GRAND APARTMENTS","TREVISO GRAND APARTMENTS","5740","4,099.5","Converted","Lights","Blue Life","3 NEW LED WHITE LIGHT., INSTALLATION","3/6/2026","Operaciones","3/12/2026","Manager","3/14/2026","True","Brayan Alvares","3/14/2026","22896","4.099.50","3/19/2026",,,
"TREVISO GRAND APARTMENTS","TREVISO GRAND APARTMENTS","5931","150","Pending","Tiles",,"TILE REPLACEMENT","3/30/2026",,,,,"False",,,,,,,,
"TREVISO GRAND APARTMENTS","TREVISO GRAND APARTMENTS","5983","638.7","Converted","Plunger,Flotador","Blue Life","VAKPAK REPAIR KIT PLUNGER - 6 INCHES, INSTALLATION, WATER LEVEL CONTROL VALVE
VAKPAK SYSTEM","4/6/2026","Operaciones","7/9/2026","Manager","7/24/2026","True","Brayan Alvares","7/20/2026","24707","849.70","7/21/2026",,,
"TREVISO GRAND APARTMENTS","TREVISO GRAND APARTMENTS","6406","900","Accepted","Leak","Blue Life","Commercial full leak detection.","6/9/2026","Operaciones","6/15/2026","Manager",,"False",,,,,,,,
"TREVISO GRAND APARTMENTS","TREVISO GRAND APARTMENTS","6414","1,401.87","Pending","Filter",,"RECTANGULAR ANTHONY FILTER GRIDS, D.E POWDER., INSTALLATION","6/10/2026",,,,,"False",,,,,,,,
"TRINITY CLUB","TRINITY CLUB","3996","514","Converted","Plunger",,"(#3996) 1 VAKPAK INTERNAL ASSEMBLY PLUNGER","4/15/2025","Técnico",,,,"False",,,"18000","514.0","4/21/2025","0","0",
"TRINITY CLUB","TRINITY CLUB","3997","955","Converted","Motors",,"(#3997) 1 NEW COMMERCIAL 2.2HP MOTOR + IMPELLER + SEAL","4/15/2025","Técnico",,,,"False",,,"18003","955.0","4/22/2025","0","0",
"TRINITY CLUB","TRINITY CLUB","5228","135","Pending","Skimmer Gutter",,"3 SKIMMER GUTTER, FULL INSTALLATION","11/7/2025","Operaciones",,,,"True",,,,,,"0","0","0"
"TRINITY CLUB","TRINITY CLUB",,,"Pending","Filter","Blue Life",,,"Operaciones",,,,"True",,"3/17/2025",,,,"0",,"0"
"TRINITY CLUB","TRINITY CLUB","5321","870","Pending","Main Drain",,"Commercial Main Drain cover VGB, FULL INSTALLATION","11/20/2025","Operaciones",,,,"True",,,,,,"0","0","0"
"TRINITY CLUB","TRINITY CLUB","5402","3,750","Pending","Motors",,"NEW PENTAIR COMMERCIAL 5HP Single Speed., INSTALLATION","12/29/2025","Operaciones",,,,"False",,,,,,"0","0","0"
"TRINITY CLUB","TRINITY CLUB","5401","463","Converted","Motors",,"NEW COMMERCIAL POOL MOTOR 2HP, MOTOR SEAL, IMPELLER, INSTALLATION","12/29/2025","Operaciones","12/29/2025","Supervisor","12/31/2025","False","Brayan Alvares","12/31/2025","22044","959","1/8/2026","1","2","8"
"TRINITY CLUB","TRINITY CLUB","5714","619","Converted","Feeders",,"POOL- NEW CHEMICAL STENNER PUMP FOR THE PH, INSTALLATION NEW CHEMICAL STENNER PUMP FOR THE PH","3/3/2026","Operaciones","3/5/2026","Manager","3/10/2026","True","Camilo Leon","3/9/2026","22850","619","3/11/2026",,,
"TRINITY CLUB","TRINITY CLUB","6140","641","Converted","Safety Equipment,Gauges,Toro Valve,Flow Meter","Blue Life","SAFETY THROW ROPE, POOL PRESSURE GAUGE., WATER TORO VALVE, FLOW METER 2 1/2"".","4/29/2026","Operaciones","4/30/2026","Manager","5/2/2026","True","Brayan Alvares","5/2/2026","23727","641","5/7/2026",,,
"TRINITY CLUB","TRINITY CLUB","6573","1,643","Converted","Filter","Blue Life","POOL: 30 COMMERCIAL RECTANGULAR ANTHONY FILTER GRIDS, D.E POWDER., INSTALLATION","7/1/2026","Operaciones","8/17/2026","Manager","8/22/2026","True","Brayan Alvares","8/21/2026","25166","1,601","8/21/2026",,,
"TRINITY CLUB","TRINITY CLUB","6837",,"Accepted","Tiles","Blue Life","Secure and reattach loose pool tiles number one and FT","8/21/2026","Operaciones","8/26/2026","Manager","8/28/2026","True","Brayan Alvares",,,,,,,
"TRINITY EXCHANGE-","TRINITY EXCHANGE-","3764","2,011.53","Converted","Filter",,"(#3764) 32 RECTANGULAR ANTHONY FILTERS GRIDS + D.E. POWER +BLACK ALGAE TREATMENT LABOR AND CHEMICALS INCLUDED SHOCK SILV","2/10/2025","Técnico","3/1/2025","N/A",,"False","Brayan Alvares","3/1/2025","17637","2010.60","3/6/2025","19","1","5"
"TRINITY EXCHANGE-","TRINITY EXCHANGE-","4238","2,500","Converted","Acid Wash",,"(#4238) ACID WASH","6/19/2025","Operaciones","6/20/2025","N/A",,"False","Camilo Leon","7/9/2025","19804","2500.0","7/11/2025","1","19","2"
"TRINITY EXCHANGE-","TRINITY EXCHANGE-","4139","619","Converted","Feeders",,"(#4139) 1 NEW CHEMICAL STENNER PUMP","5/23/2025","Técnico","6/11/2025","N/A",,"False","Camilo Hidalgo","6/19/2025","18747","619.0","6/19/2025","19","8","1"
"TRINITY EXCHANGE-","TRINITY EXCHANGE-","3891","3,200","Converted","Main Drain",,"(#3891)Main Drain box permanent repair Project Overview This project is designed to provide a permanent repair","3/27/2025","Operaciones",,,,"False",,,"19813","3200.0","7/13/2025","0","0","0"
"TRINITY EXCHANGE-","TRINITY EXCHANGE-","3840","800","Converted","Leak",,"LEAK DETECTION","3/13/2025","Técnico",,,,"False",,,"17683","800.0","3/26/2025","0","0","0"
"TRINITY EXCHANGE-","TRINITY EXCHANGE-","4855","708","Pending","Feeders",,"(#4855) NEW CHEMICAL STENNER PUMP+ NEW HOSE FOR FEEDERS.","8/28/2025","Operaciones",,"Manager",,"False",,,,,,"0","0","0"
"TRINITY EXCHANGE-","TRINITY EXCHANGE-","5032","610","Pending","Plunger",,"VAKPAK REPAIR KIT PLUNGER., FULL INSTALLATION","9/30/2025","Operaciones",,,,"False",,,,,,"0","0","0"
"TRINITY EXCHANGE-","TRINITY EXCHANGE-","5076","105","Pending","Gauges",,"PRESSURE/VAC GAUGE., INSTALLATION","9/30/2025","Operaciones",,,,"False",,,,,,"0","0","0"
"TRINITY EXCHANGE-","TRINITY EXCHANGE-","5350","334","Converted","Motors","Blue Life","NEW COMMERCIAL POOL MOTOR 1HP., FULL INSTALLATION","12/1/2025","Operaciones","12/2/2025","Manager","12/3/2025","True","Yasiel Amador",,"21668","584","12/10/2025","1","0",
"TRINITY EXCHANGE-","TRINITY EXCHANGE-","5928","1,696","Converted","Motors","Blue Life","NEW COMMERCIAL 5HP-1 PHASE MOTOR., IMPELLER, MOTOR SEAL, INSTALLATION","3/30/2026","Operaciones","3/30/2026","Manager","4/1/2026","True","Brayan Alvares","4/1/2026","23257","1696","4/3/2026",,,
"TRINITY EXCHANGE-","TRINITY EXCHANGE-","5978","380","Pending","Service Maintenance Equipment",,"NEW HOSE FOR FEEDER +<br>LINE FEEDER +<br>PRESSURE GAUGE + <br>VACUUM GAUGE +<br>CL","4/3/2026",,,,,"False",,,,,,,,
"TRINITY EXCHANGE-","TRINITY EXCHANGE-","6267","100","Converted","Skimmer Gutter","Blue Life","SKIMMER GUTTER., INSTALLATION","5/19/2026","Operaciones","5/26/2026","Manager","5/28/2026","True","Angel Viña","5/28/2026","23845","100","5/29/2026",,,
"TRINITY EXCHANGE-","TRINITY EXCHANGE-","6347","619","Converted","Feeders","Blue Life","NEW CHEMICAL STENNER PUMP - PH FEEDER, PH FEEDER INSTALLATION","5/28/2026","Operaciones","6/25/2026","Manager","7/24/2026","True","Angel Viña","7/28/2026","24739","619","7/28/2026",,,
"TRINITY EXCHANGE-","TRINITY EXCHANGE-","6531","100","Converted","Skimmer Gutter","Blue Life","2 SKIMMER GUTTER., INSTALLATION","6/25/2026","Operaciones","6/25/2026","Manager","7/23/2026","True","Angel Viña","7/28/2026","24741","100","7/28/2026",,,
"TRINITY EXCHANGE-","TRINITY EXCHANGE-","6572","1,685","Pending","Filter",,"COMMERCIAL POOL RECTANGULAR ANTHONY FILTER GRIDS, D.E POWDER., INSTALLATION","7/1/2026",,,,,"False",,,,,,,,
"TRINITY EXCHANGE-","TRINITY EXCHANGE-","6786",,"Pending","[]",,"Project Overview. Leak repair:<br>This project is designed to provide a permanent r","8/12/2026",,,,,"False",,,,,,,,
"TRINITY EXCHANGE-","TRINITY EXCHANGE-","6786",,"Pending","[]",,"Project Overview. Leak repair:<br>This project is designed to provide a permanent r","8/12/2026",,,,,"False",,,,,,,,
"TRINITY EXCHANGE-","TRINITY EXCHANGE-","6845",,"Repair Done","Flotador","Blue Life","WATER LEVEL CONTROL VALVE VAKPAK SYSTEM., FULL INSTALLATION","8/24/2026","Operaciones","8/24/2026","Manager","8/28/2026","True","Brayan Alvares","8/25/2026",,,,,,
"TURTLE CREEK CIRCLE","TURTLE CREEK CIRCLE","6109","2,947","Pending","Lights",,"POOL 1: NEW LED WHITE LIGHT., INSTALLATION","4/24/2026",,,,,"False",,,,,,,,
"TURTLE CREEK CIRCLE","TURTLE CREEK CIRCLE","6110","2,947","Pending","Lights",,"POOL 2: NEW LED WHITE LIGHT., INSTALLATION","4/24/2026",,,,,"False",,,,,,,,
"TURTLE CREEK CIRCLE","TURTLE CREEK CIRCLE","6111","4,120.5","Pending","Lights",,"NEW LED WHITE LIGHT., INSTALLATION","4/24/2026",,,,,"False",,,,,,,,
"TUSCANY POINTE AT TAMPA","TUSCANY POINTE AT TAMPA","4076","201","Converted","Returns Cover",,"RETURN COVER.+FULL INSTALLATION","5/8/2025","Técnico",,,,"False",,,"20138","201.0","8/10/2025","0","0","0"
"TUSCANY POINTE AT TAMPA","TUSCANY POINTE AT TAMPA","4263","90","Pending","Skimmer Gutter",,"SKIMMER GUTTER","6/27/2025","Técnico",,,,"False",,,,,,"0","0","0"
"TUSCANY POINTE AT TAMPA","TUSCANY POINTE AT TAMPA","3792","735","Converted","Filter",,"(#3792) 12 POOL FILTER DISK + D.E. POWER","2/24/2025","Técnico",,,,"False","Brayan Alvares","7/28/2025","#20225","$735","8/29/2025","0",,"32"
"TUSCANY POINTE AT TAMPA","TUSCANY POINTE AT TAMPA","5313","36,500","Pending","Resurface",,"Refinish pool surface Marquis bluestone<br>Pool<br>grind around lights and all fitt","11/19/2025","Comercial",,,,"True",,,,,,"0","0","0"
"TUSCANY POINTE AT TAMPA","TUSCANY POINTE AT TAMPA","5634","250","Converted","Plumbing","Blue Life","PARTS AND PLUMBING FOR THE INSTALLATION.","2/13/2026","Operaciones","2/25/2026","Manager","2/26/2026","True","Brayan Alvares","2/26/2026","22504","250","2/26/2026","0","0","0"
"TUSCANY POINTE AT TAMPA","TUSCANY POINTE AT TAMPA","5807","735","Converted","Filter","Blue Life","FILTER DISC., D.E POWDER., INSTALLATION","3/16/2026","Operaciones","4/7/2026","Manager","4/7/2026","True","Brayan Alvares","4/7/2026","23278","735","4/8/2026",,,
"TUSCANY POINTE AT TAMPA","TUSCANY POINTE AT TAMPA","5883","300","Converted","Special Cleaning","Blue Life","COMMERCIAL POOL - SPECIAL POOL CLEANING FOR START UP","3/25/2026","Operaciones","4/3/2026","Manager","4/6/2026","True","Camilo Hidalgo","4/6/2026","23270","300","4/6/2026",,,
"TUSCANY POINTE AT TAMPA","TUSCANY POINTE AT TAMPA","5926","186","Converted","Lights","Blue Life","POOL LIGHT WEDGE., INSTALLATION","3/30/2026","Operaciones","4/11/2026","Manager","4/11/2026","True","Brayan Alvares","4/11/2026","23294","186","4/13/2026",,,
"TUSCANY POINTE AT TAMPA","TUSCANY POINTE AT TAMPA","5955","619","Converted","Feeders","Blue Life","NEW CHEMICAL STENNER PUMP - CHLORINE FEEDER, CHLORINE FEEDER INSTALLATION","4/1/2026","Operaciones","4/3/2026","Manager","4/6/2026","True","Camilo Hidalgo","4/6/2026","23275","619","4/6/2026",,,
"TUSCANY POINTE AT TAMPA","TUSCANY POINTE AT TAMPA","6424","611","Pending","Flotador,Lid","Blue Life","WATER LEVEL CONTROL VALVE VAKPAK SYSTEM., WATER LEVEL CONTROL VALVE INSTALLATION, LABOR AND MATERIALS - <br>REPAIR TWO LID HINCHES","7/10/2026",,,,,"False",,,,,,,,
"Twin Lakes Apartments","Twin Lakes Apartments","5376","600","Converted","Service Call","Blue Life","LABOR AND MATERIALS FOR REMOVE THE FILTERS, CORRECTLY REALIGN AND REPOSITION THEM, ","12/9/2025","Operaciones","12/12/2025","Manager","12/15/2025","True","Brayan Alvares","12/9/2025","21701","600","12/17/2025","3","-3","8"
"University of South Florida Athletics","University of South Florida Athletics","6036","180","Accepted","Heaters","Brian/ Responsable Pools","Cooler service call","4/15/2026","Operaciones","4/15/2026","Director",,"False","No Aplica",,,,,,,
"University of South Florida Athletics","University of South Florida Athletics","6289","85,900","Pending","Resurface",,"This project involves a full refinish of the pool surface (Marquis Bluestone Pool).","5/28/2026",,,,,"False",,,,,,,,
"University of South Florida Athletics","University of South Florida Athletics","6290","31,450","Pending","Resurface",,"Check for any areas that are delaminating and remove. Float back in any of those ar","6/1/2026",,,,,"False",,,,,,,,
"URBAN CENTRE I & II","URBAN CENTRE I & II","5270","800","Converted","Special Cleaning","Blue Life","Drainage, refilling, and chemical balance of the fountains","11/6/2025","Operaciones","11/14/2025","Manager","11/24/2025","True","Camilo Leon","11/24/2025","21329","800","11/28/2025","8","10","4"
"URBAN CENTRE I & II","URBAN CENTRE I & II",,,"Pending","Filter","Blue Life",,,"Operaciones",,,,"True",,"11/4/2025",,,,"0",,"0"
"Venue at North Campus","Venue at North Campus","5324","1,118","Pending","Feeders",,"NEW CHEMICAL PH AND CHLORINE STENNER PUMP POOL 2, FULL INSTALLATION FEEDERS, NEW CHEMICAL CONTROLLER HAYWARD HCC2000 POOL 2, FULL INSTALLATION CAT CONTROLLER","11/21/2025","Operaciones",,,,"True",,,,,,"0","0","0"
"Venue at North Campus","Venue at North Campus","5603","172","Converted","Skimmer Gutter,Filter","Blue Life","SKIMMER GUTTER. CLUB HOUSE POOL., FILTER DISC FOR BACK POOL, D.E POWDER.","2/11/2026","Operaciones","4/3/2026","Manager","4/14/2026","True","Brayan Alvares","5/9/2026","23751","1,082","5/11/2026","0","0","0"
"Venue at North Campus","Venue at North Campus","5873","300","Converted","Tiles","Blue Life","Replacing broken tiles","3/24/2026","Operaciones","4/2/2026","Manager","4/27/2026","True","Brayan Alvares","4/27/2026","23363","300","4/27/2026",,,
"Venue at North Campus","Venue at North Campus","6035","35","Converted","Basket","Blue Life","SKIMER BASKET.","4/14/2026","Operaciones","4/15/2026","Manager","4/16/2026","True","Alexander Lara","4/16/2026","23316","35","4/16/2026",,,
"Venue at North Campus","Venue at North Campus","6101","1,253","Converted","Filter","Blue Life","FRONT POOL: FILTER DISC., D.E POWDER., INSTALLATION","4/23/2026","Operaciones","6/24/2026","Manager","6/29/2026","True","Brayan Alvares","6/29/2026","24299","1,253","6/30/2026",,,
"Venue at North Campus","Venue at North Campus","6540","200","Pending","Plumbing",,"Redo the suction plumbing","6/25/2026",,,,,"False",,,,,,,,
"Venue at North Campus","Venue at North Campus","6616","446","Pending","Plunger",,"VAKPAK INTERNAL ASSEMBLY PLUNGER 6&quot;, INSTALLATION","7/7/2026",,,,,"False",,,,,,,,
"Venue at North Campus","Venue at North Campus","5322","3,838","Pending","Feeders,Toro Valve,Chemical Controller","Blue Life","NEW CHEMICAL PH AND CHLORINE STENNER PUMP POOL 1, WATER TORO VALVE., FEEDERS AND TORO VALVE INSTALLATION, NEW CHEMICAL CONTROLLER HAYWARD HCC2000 POOL 1, FULL INSTALLATION CAT CONTROLLER","7/10/2026",,,,,"False",,,,,,,,
"Veronica Hamilton","Veronica Hamilton","5879","220","Pending","Filter",,"NEW POOL FILTERS CC150 UNIT., FILTER INSTALLATION","3/25/2026",,,,,"False",,,,,,,,
"VIDA LAKEWOOD RANCH APARTMENTS","VIDA LAKEWOOD RANCH APARTMENTS","5115","380","Converted","Service Maintenance Equipment",,"NEW HOSE FOR FEEDER +LINE FEEDER +PRESSURE GAUGE + VACUUM GAUGE ","10/8/2025","Operaciones","11/24/2025","Manager","12/4/2025","True","Camilo Hidalgo",,"21681","380","12/10/2025","47","0",
"VIDA LAKEWOOD RANCH APARTMENTS","VIDA LAKEWOOD RANCH APARTMENTS","5150","180","Converted","Heaters","Jesus Electric","Gas heater service call","10/16/2025","Operaciones","10/17/2025","Manager","11/5/2025","True","No Aplica","11/5/2025","21256","180","11/5/2025","1","19","1"
"VIDA LAKEWOOD RANCH APARTMENTS","VIDA LAKEWOOD RANCH APARTMENTS","5176","1,493","Converted","Filter","Blue Life","RECTANGULAR ANTHONY FILTER GRIDS COM-PAC, D.E. POWDER, FULL INSTALLATION","10/22/2025","Operaciones","11/24/2025","Manager ","11/28/2025","True","Brayan Alvares","11/28/2025","21627","1.493","12/3/2025","33","4","5"
"VIDA LAKEWOOD RANCH APARTMENTS","VIDA LAKEWOOD RANCH APARTMENTS","6124","400","Converted","Lid","Blue Life","POOL LABOR AND MATERIALS - REPAIR TWO HEAVY SYSTEM LIDS","4/27/2026","Operaciones","4/27/2026","Manager","5/9/2026","True","Brayan Alvares","5/9/2026","23754","400","5/12/2026",,,
"VIDA LAKEWOOD RANCH APARTMENTS","VIDA LAKEWOOD RANCH APARTMENTS","6357","200","Declined","Plumbing","Blue Life","REPLACE A NEW PLUMBING INSTALLATION","5/29/2026","Operaciones","6/22/2026","Quickbooks","6/26/2026","True","Brayan Alvares",,,,,,,
"VIDA LAKEWOOD RANCH APARTMENTS","VIDA LAKEWOOD RANCH APARTMENTS","6719",,"Converted","Motors","Blue Life","POOL: NEW COMMERCIAL SPECK 7.5HP-3PHASES MOTOR, INSTALLATION","7/29/2026","Operaciones","7/29/2026","Manager","8/21/2026","True","Brayan Alvares","8/20/2026","25160","5,000","8/21/2026",,,
"Villa Gate","Villa Gate","5391","882","Converted","Lights","Blue Life","NEW LED WHITE LIGHT., FULL INSTALLATION","12/16/2025","Operaciones","1/7/2026","Manager","1/12/2026","False","Brayan Alvares","1/13/2026","22058","1182","1/13/2026","22","6","1"
"VILLA SONOMA","VILLA SONOMA","4769","271","Pending","Flotador",,"WATER LEVEL CONTROL VALVE VAKPAK SYSTEM","8/2/2025","Técnico",,,,"False",,,,,,"0","0","0"
"VILLA SONOMA","VILLA SONOMA","5272","300","Converted","Plumbing","Blue Life","LABOR AND MATERIALS NEW PLUMBING FOR THE INSTALLATION. PUMP SUCTION PLUMBING","11/7/2025","Operaciones","11/4/2025","Manager","11/10/2025","True","Yasiel Amador","11/10/2025","21282","300","11/12/2025","-3","6","2"
"VILLA SONOMA","VILLA SONOMA","5302","1,940","Converted","Pumps,Valves",,"NEW 2.2 HP VS COMMERCIAL POOL PUMP SUPERFLOW, CHECK VALVE, FULL INSTALLATION","11/13/2025","Operaciones","12/9/2025","Quickbooks","12/10/2025","True","Yasiel Amador","12/10/2025","21686","1940","12/15/2025","26","1","5"
"VILLA SONOMA","VILLA SONOMA","4619","75","Converted","Gauges","Blue Life","VACUUM GAUGE, FULL INSTALLATION","11/17/2025","Operaciones","11/17/2025","Manager","11/18/2025","True","Yasiel Amador","11/18/2025","21311","75","11/20/2025","1","1","2"
"VILLA SONOMA","VILLA SONOMA","5606","888","Accepted","Filter","Blue Life","POOL: 24 COMMERCIAL FILTER DISK., D.E POWDER., INSTALLATION","2/11/2026","Operaciones","8/19/2026","Manager","8/28/2026","True",,,,,,"0","0","0"
"VILLA SONOMA","VILLA SONOMA","6139","47","Pending","Throw Rope",,"SAFETY THROW ROPE.","4/29/2026",,,,,"False",,,,,,,,
"VILLA SONOMA","VILLA SONOMA","6293","3,183.75","Pending","Pumps",,"NEW COMMERCIAL 3HP PUMP - 1 <br>PHASE INTELLIFLO, NEW PLUMBING FOR THE INSTALLATION., INSTALLATION","5/21/2026",,,,,"False",,,,,,,,
"VILLAS OF LEGEND FIELD","VILLAS OF LEGEND FIELD","4839","1,582","Converted","Pumps","Blue Life","NEW 2.2 HP VS COMMERCIAL POOL PUMP., FULL INSTALLATION","9/8/2025","Técnico","1/9/2026","Operaciones","1/13/2026","True","Brayan Alvares","1/12/2026","22054","1582","1/12/2026","123","3","1"
"VILLAS OF LEGEND FIELD","VILLAS OF LEGEND FIELD","6383","240","Converted","Filter","Blue Life","COMMERCIAL POOL FILTER CC200 CARTRIADGE, INSTALLATION","6/3/2026","Operaciones","6/3/2026","Manager","6/5/2026","True","Camilo Hidalgo","6/5/2026","24196","240","6/5/2026",,,
"VIV .","VIV .",,,"Pending","Filter","Blue Life",,,"Operaciones",,,,"True",,"9/14/2025",,,,"0",,"0"
"VIV .","VIV .","6344","190","Converted","Salt Bag","Blue Life","SALT BAGS","5/27/2026","Operaciones","6/15/2026","Manager","6/16/2026","True","Dany Lopez","6/16/2026","24233","190","6/16/2026",,,
"VIV .","VIV .","6671","959.92","Converted","Filter","Blue Life","8 HAYWARD C4030 FILTER, INSTALLATION","7/16/2026","Operaciones","7/16/2026","Manager","7/31/2026","True","Brayan Alvares","7/30/2026","24753","959,92","7/31/2026",,,
"VUE AT BELLEAIR","VUE AT BELLEAIR","4787","400","Converted","Special Cleaning",,"(#4787) SPECIAL CLEANING FOR JETS ","8/8/2025","Técnico","8/9/2025","N/A",,"False","Camilo Hidalgo","8/14/2025","20187","400.0","8/22/2025","1","5","8"
"VUE AT BELLEAIR","VUE AT BELLEAIR","3383","2,500","Converted","Acid Wash",,"(#3383) FULL ACID WASH FOR MAIN","5/19/2025","Técnico",,,,"False",,,"18755","2500.0","6/23/2025","0","0","0"
"VUE AT BELLEAIR","VUE AT BELLEAIR","3855","2,890","Converted","Pumps,Plumbing",,"(#3855)  3HP PUMP + PLUMBING","3/17/2025","Técnico",,,,"False",,,"18013","2890.0","4/23/2025","0","0","0"
"VUE AT BELLEAIR","VUE AT BELLEAIR","3726","1,180.5","Converted","Main Drain",,"Commercial Main Drain cover VGB+FULL INSTALLATION","1/24/2025","Técnico",,,,"False",,,"17039","1180.5","1/27/2025","0","0","0"
"VUE AT BELLEAIR","VUE AT BELLEAIR","5268","360","Converted","Thermometer,Valves","Blue Life","NEW THERMOMETER, CHECK VALVE, FULL INSTALLATION","11/6/2025","Operaciones","11/7/2025","Manager","11/10/2025","True","Camilo Leon","11/10/2025","21281","360","11/12/2025","1","3","2"
"VUE AT BELLEAIR","VUE AT BELLEAIR","5269","380","Converted","Service Maintenance Equipment","Blue Life","NEW HOSE FOR FEEDER +LINE FEEDER +PRESSURE GAUGE +VACUUM GAUGE +CL","11/6/2025","Operaciones","11/7/2025","Manager","11/10/2025","True","Camilo Leon","11/10/2025","21292","380","11/14/2025","1","3","4"
"VUE AT BELLEAIR","VUE AT BELLEAIR",,,"Pending","Filter","Blue Life","(32) FILTER DISK ",,"Operaciones",,,,"True",,"7/5/2024",,,,"0",,"0"
"VUE AT BELLEAIR","VUE AT BELLEAIR","5486","140","Converted","Toro Valve","Blue Life","WATER TORO VALVE., INSTALLATION","1/14/2026","Operaciones","1/14/2026","Manager","1/21/2026","True","Camilo Leon","1/21/2026","22086","200","1/21/2026","1","7","1"
"VUE AT BELLEAIR","VUE AT BELLEAIR","5866","211","Converted","Flotador","Blue Life","WATER LEVEL CONTROL VALVE VAKPAK SYSTEM., INSTALLATION","3/24/2026","Operaciones","3/24/2026","Manager","3/31/2026","True","Brayan Alvares","3/31/2026","23236","211","4/1/2026",,,
"VUE AT BELLEAIR","VUE AT BELLEAIR","5939","1,623","Converted","Filter","Blue Life","36 FILTER DISC., D.E POWDER., FILTER INSTALLATION","3/31/2026","Operaciones","4/1/2026","Manager","4/21/2026","True","Brayan Alvares","4/21/2026","23338","1,623","4/22/2026",,,
"VUE AT BELLEAIR","VUE AT BELLEAIR","6182","2,500","Converted","Acid Wash","Blue Life","FULL ACID WASH","5/6/2026","Operaciones","5/7/2026","Manager","5/11/2026","True","Brayan Alvares","5/11/2026","23757","2,500","5/12/2026",,,
"WALDEN LAKE APARTMENTS","WALDEN LAKE APARTMENTS","3972","1,798","Converted","Motors","Blue Life","(#3972) 1 MOTOR 5HP + IMPELLER + SEAL","4/10/2025","Técnico","4/15/2025","Manager","4/25/2025","True","Camilo Hidalgo","4/25/2025","17988","1,798.00","4/17/2025","0",,"-8"
"WALDEN LAKE APARTMENTS","WALDEN LAKE APARTMENTS",,,"Pending","Filter","Blue Life",,,"Operaciones",,,,"True",,"4/4/2025",,,,"0",,"0"
"WATERCHASE APARTMENTS","WATERCHASE APARTMENTS","4051","933","Converted","Filter",,"(#4051) 16 RECTANGULAR ANTHONY FILTER GRIDS + D.O POWER","5/5/2025","Operaciones","6/24/2025","N/A",,"False","Brayan Alvares","7/18/2025","18791","933.0","7/21/2025","50","24","3"
"WATERCHASE APARTMENTS","WATERCHASE APARTMENTS","4035","1,792","Converted","Safety Equipment",,"(#4035) RULES + VAKPAK LID + VACUUM GAUGE + CHLORINATOR","4/28/2025","Health Department","5/22/2025","N/A",,"False","Brayan Alvares","6/16/2025","18754","1792.0","6/24/2025","24","25","8"
"WATERCHASE APARTMENTS","WATERCHASE APARTMENTS","4729","150","Pending","Skimmer Gutter",,"(#4729) 6 SKIMMER GUTTER","7/21/2025","Técnico",,,,"False",,,,,,"0","0","0"
"WATERCHASE APARTMENTS","WATERCHASE APARTMENTS","4856","200","Converted","Plumbing",,"(#4856) NEW PLUMBING FOR THE SUCTION.","8/28/2025","Operaciones","9/2/2025","Manager",,"False","Brayan Alvares","9/4/2025","20527","200","9/9/2025","5","2","5"
"WATERCHASE APARTMENTS","WATERCHASE APARTMENTS","4965","1,212","Pending","Lights",,"NEW LED WHITE LIGHT POOL 1, NEW LIGHT SEAL., INSTALLATION","9/4/2025","Técnico",,,,"False",,,,,,"0","0","0"
"WATERCHASE APARTMENTS","WATERCHASE APARTMENTS","4966","1,212","Pending","Lights",,"NEW LED WHITE LIGHT POOL 2, NEW LIGHT SEAL., INSTALLATION","9/4/2025","Técnico",,,,"False",,,,,,"0","0","0"
"WATERCHASE APARTMENTS","WATERCHASE APARTMENTS","5396","280","Converted","Plumbing",,"NEW PRESSURE PLUMBING POOL 1.","12/18/2025","Operaciones","12/26/2025","Manager","12/29/2025","False","Brayan Alvares","12/29/2025","21731","280","12/30/2025","8","3","1"
"WATERCHASE APARTMENTS","WATERCHASE APARTMENTS","5539","350","Converted","Sum Pump","Blue Life","SUM PUMP POOL, FULL INSTALLATION","1/27/2026","Operaciones","1/29/2026","Manager","1/30/2026","True","Brayan Alvares","1/30/2026","22112","600","1/30/2026","2","1","1"
"WATERCHASE APARTMENTS","WATERCHASE APARTMENTS","5591","64","Pending","Safety Equipment",,"NEW ANCHORS, BLUE AND WHITE SAFETY FLOATS., SAFETY LINE ROPE., INSTALLATION","2/9/2026","Operaciones",,,,"False",,,,,,"0","0","0"
"WATERCHASE APARTMENTS","WATERCHASE APARTMENTS","6042","809","Converted","Filter","Blue Life","POOL #3: FILTER DISC., D.E POWDER., INSTALLATION","4/15/2026","Operaciones","4/24/2026","Manager","4/27/2026","True","Brayan Alvares","4/27/2026","23369","809","4/27/2026",,,
"WATERCHASE APARTMENTS","WATERCHASE APARTMENTS","6261","165","Converted","Skimmer Gutter","Blue Life","SKIMMER GUTTER., INSTALLATION","5/18/2026","Operaciones","5/19/2026","Manager","5/27/2026","True","Adrian Suarez","5/27/2026","23844","165","5/29/2026",,,
"WATERCHASE APARTMENTS","WATERCHASE APARTMENTS","6315","180","Converted","Pumps","Blue Life","REDO PLUMBING THAT GOES TOWARDS THE PUMP - PARTS AND LABOR","5/25/2026","Operaciones","5/26/2026","Manager","6/10/2026","True","Dany Lopez","6/10/2026","24209","180","6/10/2026",,,
"WATERCHASE APARTMENTS","WATERCHASE APARTMENTS","6350","2,883.75","Converted","Pumps","Blue Life","POOL 2: NEW COMMERCIAL 3HP PUMP - 1 PHASE INTELLIFLO, INSTALLATION","5/28/2026","Operaciones","6/26/2026","Manager","6/30/2026","True","Brayan Alvares","6/30/2026","24665","2,883.75","7/10/2026",,,
"WATERCHASE APARTMENTS","WATERCHASE APARTMENTS","6400","1,306","Converted","Leak,Steps,ESCUTCHEON PLATE","Brian/ Responsable Pools","Commercial full leak detection Back Pool, NEW STAINLESS STEEL STEP BACK POOL, ESCUTCHEON PLATE BACK POOL, INSTALLATION","6/8/2026","Health Deparment","6/9/2026","Manager","6/18/2026","True","Brayan Alvares","7/11/2026","24661 - 24729","1,306","7/23/2026",,,
"WATERCHASE APARTMENTS","WATERCHASE APARTMENTS","6401","380","Converted","Service Maintenance Equipment",,"NEW HOSE FOR FEEDER +<br>LINE FEEDER +<br>PRESSURE GAUGE + <br>VACUUM GAUGE +<br>CL","6/8/2026","Health Deparment","6/9/2026",,"6/18/2026","True","Brayan Alvares","6/18/2026","24245","380","6/18/2026",,,
"WATERCHASE APARTMENTS","WATERCHASE APARTMENTS","6402","1,444","Converted","Feeders,Flotador",,"NEW CHEMICAL STENNER PUMP FRONT POOL, FEEDERS PLUMBLING INSTALLATION, WATER LEVEL CONTROL VALVE VAKPAK SYSTEM., SKIMMER GUTTER FRONT POOL","6/8/2026","Health Deparment","6/9/2026",,"6/18/2026","True","Brayan Alvares","6/18/2026","24246","1,444","6/18/2026",,,
"WATERCHASE APARTMENTS","WATERCHASE APARTMENTS","6479","1,116","Converted","Motors","Blue Life","POOL 3: NEW COMMERCIAL POOL MOTOR 2HP - 1PHASE, IMPELLER, MOTOR SEAL, INSTALLATION","6/17/2026","Operaciones","6/25/2026","Manager","6/26/2026","True","Brayan Alvares","6/26/2026","24297","1,116","6/29/2026",,,
"WATERCHASE APARTMENTS","WATERCHASE APARTMENTS","6504","1,246","Converted","Motors","Blue Life","POOL 1: NEW 3HP - 1PHASE POOL MOTOR., IMPELLER, MOTOR SEAL, INSTALLATION","6/22/2026","Operaciones","6/25/2026","Manager","6/26/2026","True","Brayan Alvares","6/26/2026","24298","1,246","6/29/2026",,,
"WATERCHASE APARTMENTS","WATERCHASE APARTMENTS","6810",,"Pending","[]",,"POOL 1: COMMERCIAL POOL FILTER DISC., D.E POWDER., VALVE, FULL INSTALLATION","8/17/2026",,,,,"False",,,,,,,,
"WATERVIEW APARTMENTS","WATERVIEW APARTMENTS","3744","3,041.25","Converted","Chemical Controller","Blue Life","
NEW CHEMICAL CONTROLLER HAYWARD HCC2000+FULL INSTALLATION","2/5/2025","Técnico","2/5/2025","Manager","2/11/2025","True","Camilo Hidalgo","2/11/2025","17240","3,041.25","2/3/2025","0","0","0"
"WATERVIEW APARTMENTS","WATERCHASE APARTMENTS","5188","380","Converted","Service Maintenance Equipment","Blue Life","NEW HOSE FOR FEEDER +LINE FEEDER +PRESSURE GAUGE + VACUUM GAUGE","10/22/2025","Operaciones","11/20/2025","Manager","12/5/2025","True","Brayan Alvares",,"21671","380","12/10/2025","29","0",
"WATERVIEW APARTMENTS","WATERCHASE APARTMENTS",,,"Pending","Filter","Blue Life",,,"Operaciones",,,,"True",,"4/12/2025",,,,"0",,"0"
"WATERVIEW APARTMENTS","WATERCHASE APARTMENTS","5414","180","Converted","Heaters",,"Gas heater service call","12/29/2025","Operaciones","2/1/2026","Manager","1/15/2026","False","No Aplica","1/23/2026","22090","180","1/23/2026","34","-9","1"
"WATERVIEW APARTMENTS","WATERVIEW APARTMENTS","5665","180","Declined","Heaters","Brian/ Responsable Pools","Gas heater service call","2/19/2026","Operaciones","2/20/2026","Manager","2/24/2026","False","No Aplica","2/24/2026","22499","490","2/25/2026",,,
"WATERVIEW APARTMENTS","WATERVIEW APARTMENTS","5967","619","Pending","Feeders","Blue Life","NEW CHEMICAL STENNER PUMP - CHLORINE FEEDER, CHLORINE FEEDER INSTALLATION","4/2/2026",,,,,"False",,,,,,,,
"WATERVIEW APARTMENTS","WATERVIEW APARTMENTS","6040","380","Pending","Service Maintenance Equipment","Blue Life","NEW HOSE FOR FEEDER +<br>LINE FEEDER +<br>PRESSURE GAUGE + <br>VACUUM GAUGE +<br>CL","4/15/2026",,,,,"False",,,,,,,,
"WATERVIEW APARTMENTS","WATERVIEW APARTMENTS","6190","200","Pending","Toro Valve","Blue Life","WATER TORO VALVE., INSTALLATION","5/7/2026",,,,,"False",,,,,,,,
"WATERVIEW APARTMENTS","WATERVIEW APARTMENTS","6241","2,500","Pending","Acid Wash","Blue Life","FULL ACID WASH","5/14/2026",,,,,"False",,,,,,,,
"WATERVIEW APARTMENTS","WATERVIEW APARTMENTS","6369","1,560","Pending","Main Drain","Blue Life","Commercial Main Drain cover VGB., Commercial Main Drain Round, INSTALLATION","6/1/2026",,,,,"False",,,,,,,,
"WATERVIEW AT ROCKY POINT","WATERVIEW AT ROCKY POINT","3738","454.33","Converted","Safety Equipment",,"(#3738) SAFETY RING + NEW ANCHORS + SAFETY FLOATS + VACCUM PLUG + SAFETY TROW ROPE","2/1/2025","Técnico",,,,"False",,,"17241","454.33","2/10/2025","0","0",
"WATERVIEW AT ROCKY POINT","WATERVIEW AT ROCKY POINT","4799","1,200","Converted","Leak",,"(#4799)Pool draining and duct cleaning","8/12/2025","Técnico","8/12/2025","N/A",,"False",,,"20192","1200.0","8/24/2025","1","0","0"
"WATERVIEW AT ROCKY POINT","WATERVIEW AT ROCKY POINT","3428","3,000","Converted","Special Cleaning,Acid Wash",,"(#3428)BACK POOL SPECIAL POOL CLEANING AFTER THE STORM, FULL ACID AND BLEACH WASH, DRAIN POOL, REMOVE PLLUG, CLEAN WAL","2/12/2025","Técnico","5/15/2025","N/A",,"False",,,"20193","3000.0","8/24/2025","92","0","0"
"WATERVIEW AT ROCKY POINT","WATERVIEW AT ROCKY POINT","5466","65","Converted","Safety Equipment","Blue Life","OFFICE POOL SAFETY LINE ROPE., BLUE AND WHITE SAFETY FLOATS., CHLORINATOR TABS, VALPACK LID REPAIR, FULL INSTALLATION","1/8/2026","Operaciones","1/9/2026","Manager","1/16/2026","True","Brayan Alvares","1/16/2026","22071","1129","1/19/2026","1",,
"WATERVIEW AT ROCKY POINT","WATERVIEW AT ROCKY POINT","6607","883","Converted","Filter","Blue Life","16 COMMERCIAL POOL FILTER DISC., D.E POWDER., INSTALLATION","7/3/2026","Operaciones","7/16/2026","Manager","7/24/2026","True","Brayan Alvares","8/12/2026","25101","883","8/13/2026",,,
"WATERVIEW AT ROCKY POINT","WATERVIEW AT ROCKY POINT","6753",,"Accepted","Steps,Safety Equipment","Blue Life","2 NEW STAINLESS STEEL STEP., 1 SAFETY THROW ROPE., 1 POOL: SAFETY LINE ROPE., 6 BLUE AND WHITE SAFETY FLOATS., 2 SAFETY HOOK,1 VACCUM PLUG, INSTALLATION","8/5/2026","Health Deparment","8/12/2026","Manager","8/15/2026","True","Nelson Belauzaran",,,,,,,
"Wendy Tam","Wendy Tam","4073","83","Converted","Air Relief Valve",,"(#4073) 1 NEW AIR RELIEF","5/8/2025","Técnico",,,,"False",,,"18328","83.0","5/10/2025","0","0",
"Wendy Tam","Wendy Tam",,,"Pending","Filter","Blue Life",,,"Operaciones",,,,"True",,"4/11/2023",,,,"0",,"0"
"WEST RIVER FLATS","WEST RIVER FLATS","4712","296","Converted","Feeders",,"(#4712) 2 LINE FEEDER + 2 NEW HOSE FOR FEEDERS","7/16/2025","Técnico","7/17/2025","N/A",,"False","Alfredo Jimenez","7/19/2025","19831","296.0","7/22/2025","1","2","3"
"WEST RIVER FLATS","WEST RIVER FLATS","4148","920","Converted","Filter",,"(#4148) 17 RECTANGULAR ANTHONY FILTER GRID + D.E. POWER","5/27/2025","Técnico","5/28/2025","N/A",,"False","Camilo Leon","5/28/2025","18688","920.0","5/6/2025","1","1","-22"
"WEST RIVER FLATS","WEST RIVER FLATS","3843","1,037","Converted","Motors",,"(#3843) 3HP MOTOR + SEAL+ IMPELLER","3/13/2025","Técnico",,,,"False",,,"17944","1037.0","9/4/2025","0","0",
"WEST RIVER FLATS","WEST RIVER FLATS","5165","2,890","Pending","Pumps,Plumbing",,"NEW COMMERCIAL 3HP PUMP., NEW PLUMBING FOR THE INSTALLATION., FULL INSTALLATION","11/14/2025","Operaciones",,,,"False",,,,,,"0","0","0"
"WEST RIVER FLATS","WEST RIVER FLATS","5846","384","Pending","Safety Equipment",,"COMMERCIAL SAFETY LIFE RING COAST GUARD APPROVED., SAFETY THROW ROPE.","3/20/2026",,,,,"False",,,,,,,,
"WEST RIVER FLATS","WEST RIVER FLATS","5862","1,246","Converted","Motors","Blue Life","NEW 3HP - 1 PHASE POOL MOTOR., IMPELLER, MOTOR SEAL, INSTALLATION","3/23/2026","Operaciones","3/25/2026","Manager","3/28/2026","True","Brayan Alvares","3/28/2026","23235","1246","4/1/2026",,,
"WEST RIVER FLATS","WEST RIVER FLATS","5902","350","Converted","Motors","Blue Life","MOTOR PLATE 3 HP","3/27/2026","Operaciones","3/26/2026","Manager","3/28/2026","True","Brayan Alvares","3/28/2026","23288","350","4/10/2026",,,
"WEST RIVER FLATS","WEST RIVER FLATS","6386","1,005","Converted","Filter","Blue Life","RECTANGULAR ANTHONY FILTER GRIDS, D.E POWDER., INSTALLATION","6/3/2026","Operaciones","6/10/2026","Manager","6/11/2026","True","Brayan Alvares","6/11/2026","24224","1,005","6/12/2026",,,
"WESTEND APARTMENTS","WESTEND APARTMENTS","4615","1,596","Converted","Motors","Blue Life","NEW COMMERCIAL 5HP MOTOR, IMPELLER, SEAL, FULL INSTALLATION","11/17/2025","Operaciones","11/21/2025","Quickbooks","11/24/2025","True","Brayan Alvares","11/24/2025","21335","1.596","11/28/2025","4","3","4"
"WESTEND APARTMENTS","WESTEND APARTMENTS",,,"Pending","Filter","Blue Life",,,"Operaciones",,,,"True",,"11/3/2025",,,,"0",,"0"
"WESTEND APARTMENTS","WESTEND APARTMENTS","5351","550","Pending","Special Cleaning",,"LABOR AND MATERIALS- SPECIAL POOL CLEANING FOR START UP AND REMOVE BLACK ALGIE</div","12/2/2025","Operaciones",,,,"False",,,,,,"0","0","0"
"WESTEND APARTMENTS","WESTEND APARTMENTS","5836","120","Converted","Feeders","Blue Life","NEW HOSE FOR FEEDERS., INSTALLATION","3/19/2026","Operaciones","3/20/2026","Manager","3/19/2026","True","Camilo Leon","3/19/2026","22900","120","3/20/2026",,,
"WESTEND APARTMENTS","WESTEND APARTMENTS","6086","1,109","Converted","Filter","Blue Life","RECTANGULAR ANTHONY FILTER GRIDS, D.E POWDER., O RING,  INSTALLATION","4/22/2026","Operaciones","4/22/2026","Manager","4/25/2026","True","Brayan Alvares","4/25/2026","23372","1,109","4/27/2026",,,
"WESTSHORE CROSSING","WESTSHORE CROSSING","4237","807","Converted","Motors","Blue Life","NEW COMMERCIAL 2.2HP MOTOR FOR THE POOL H + SEAL OF THE MOTOR 2.2HP + IMPELLER OF THE MOTOR 2.2HP","6/19/2025","Técnico",,"Manager","8/15/2025","True","Camilo Hidalgo","8/15/2025","20227","936.00","8/29/2025","0","0","0"
"WESTSHORE CROSSING","WESTSHORE CROSSING","3949","1,081","Converted","Filter",,"(#3949 ) 20 COMMERCIAL POOL FILTER DISK FOR FRONT POOL + D.E POWER","4/6/2025","Operaciones","5/14/2025","N/A",,"False",,"8/29/2025","#20226","$1,081","8/29/2025","38","107","1"
"WESTSHORE CROSSING","WESTSHORE CROSSING","3950","618","Converted","Filter","Blue Life","(1) POOL S PENTAIR FILTER GRID 60 +D.E. POWDER","4/6/2025","Técnico","5/27/2026","Manager","5/30/2026","True","Brayan Alvares","5/30/2026","24163","618","6/1/2026","0",,"0"
"WESTSHORE CROSSING","WESTSHORE CROSSING","5851","190","Converted","Vacuum Plug","Blue Life","VACUUM GAUGE POOL H AND POOL P, FULL INSTALLATION","3/24/2026","Operaciones","3/24/2026","Manager","4/6/2026","True","Camilo Hidalgo","4/4/2026","23269","190","4/6/2026",,,
"WESTSHORE CROSSING","WESTSHORE CROSSING","6332","377","Converted","Flow Meter","Blue Life","POOL S: 2INC FLOW METER, INSTALLATION","5/27/2026","Operaciones","5/27/2026","Manager","5/30/2026","True","Brayan Alvares","5/30/2026","24169","377","6/1/2026",,,
"WESTSHORE CROSSING","WESTSHORE CROSSING","6365","177","Pending","Safety Equipment",,"POOL P: NEW ANCHORS., COMMERCIAL SAFETY LIFE RING COAST GUARD APPROVED.","6/1/2026",,,,,"False",,,,,,,,
"WESTSHORE CROSSING","WESTSHORE CROSSING","6425","897","Pending","Safety Equipment,Filter",,"POOL H: COMMERCIAL SAFETY LIFE RING COAST GUARD APPROVED., POOL H: SAFETY THROW ROPE., POOL H: SKIMMER GUTTER., POOL H: COMMERCIAL POOL FILTER DISC., POOL H: D.E POWDER., INSTALLATION","6/11/2026",,,,,"False",,,,,,,,
"WESTSHORE CROSSING","WESTSHORE CROSSING","6486","994","Converted","Filter","Blue Life","POOL P: COMMERCIAL POOL FILTER DISC., D.E POWDER., INSTALLATION","6/18/2026","Operaciones","6/23/2026","Manager","6/25/2026","True","Brayan Alvares","6/25/2026","24292","994","6/26/2026",,,
"WESTSHORE CROSSING","WESTSHORE CROSSING","6866",,"Pending","[]",,"The pool filter base, INSTALLATION","8/27/2026",,,,,"False",,,,,,,,
"Wexford Apartments","Wexford Apartments","6822",,"Pending","[]",,"POOL: Commercial full leak detection.","8/18/2026",,,,,"False",,,,,,,,
"Wexford Apartments","Wexford Apartments","6823",,"Pending","[]",,"KIDDY POOL: PH SENSOR, FULL INSTALLATION, Connection of the feeders to the plumbing","8/18/2026",,,,,"False",,,,,,,,
"WHISPERING PALMS","WHISPERING PALMS","4037","2,500","Converted","Acid Wash",,"(#4037) FULL ACID WASH","4/29/2025","Operaciones","5/19/2025","N/A",,"False","Camilo Hidalgo","5/23/2025","18389","2500.0","5/24/2025","20","4","1"
"WHISPERING PALMS","WHISPERING PALMS","4006","1,182","Converted","Lights",,"(#4006) 1 NEW LED WHITE LIGHT THE POOL","4/17/2025","Técnico","4/22/2025","N/A",,"False","Camilo Hidalgo","5/23/2025","18388","1182.0","5/24/2025","5","31","1"
"WHISPERING PALMS","WHISPERING PALMS","3882","472","Converted","Feeders",,"(#3882) 1 NEW STAINLESS STEEL STEP + 2 NEW HOSE FOR FEEDERS + 2 LINE DFEEDER","3/26/2025","Técnico",,,,"False",,,"17991","472.0","4/19/2025","0","0",
"WHISPERING PALMS","WHISPERING PALMS","3886","227","Converted","Lights",,"(#3886)NEW WHITE LIGHT BLUB +NEW LIGHT SEAL","3/26/2025","Técnico",,,,"False",,,"17981","227.0","4/16/2025","0","0","0"
"WHISPERING PALMS","WHISPERING PALMS","5427","380","Converted","Service Maintenance Equipment","Blue Life","NEW HOSE FOR FEEDER +<br>LINE FEEDER +<br>PRESSURE GAUGE + <br>VACUUM GAUGE +<br>CL","1/6/2026","Health Department","1/20/2026",,"1/22/2026","True","Camilo Leon","1/22/2026","22091","380","1/23/2026","14","2","1"
"WHISPERING PALMS","WHISPERING PALMS","5530","559","Converted","Feeders","Blue Life","NEW CHEMICAL STENNER PUMP - CHLORINE AND PH FEEDER, CHLORINE AND PH FEEDER INSTALLATION","1/23/2026","Operaciones","6/11/2026",,"6/17/2026","True","Adrian Suarez","6/17/2026","24241","1,238","6/18/2026","0","0","0"
"WHISPERING PALMS","WHISPERING PALMS","6571","795","Pending","Filter","Blue Life","COMMERCIAL POOL RECTANGULAR ANTHONY FILTER GRIDS, D.E POWDER., INSTALLATION","7/15/2026","Operaciones",,,"8/7/2026","False",,,,,,,,
"WHISPERING PALMS","WHISPERING PALMS","6664","100","Pending","Air Relief Valve","Blue Life","POOL: NEW AIR RELIEF AND INSTALLATION.","7/15/2026",,,,,"False",,,,,,,,
"WHISPERING PALMS","WHISPERING PALMS","6664","100","Pending","Air Relief Valve","Blue Life","POOL: NEW AIR RELIEF AND INSTALLATION.","7/15/2026",,,,,"False",,,,,,,,
"WHISPERING PALMS - WELLER","WHISPERING PALMS - WELLER","5147","430","Converted","Lid","Blue Life","VALPACK LID REPAIR","10/16/2025","Operaciones","10/22/2025","Manager","10/24/2025","True",,"10/24/2025","20958","430","10/30/2025","6","2","6"
"WHISPERING PALMS - WELLER","WHISPERING PALMS - WELLER","5148","787","Converted","Filter","Blue Life","COMMERCIAL POOL FILTER DISK, D.E POWDER., FULL INSTALLATION","10/16/2025","Operaciones","10/22/2025","Manager","10/24/2025","True",,"10/24/2025","20959","787","10/30/2025","6","2","6"
"WHISPERING PALMS - WELLER","WHISPERING PALMS - WELLER","5185","911","Pending","Motors",,"NEW COMMERCIAL POOL MOTOR 1HP., IMPELLER, MOTOR SEAL, SKIMER BASKET., FULL INSTALLATION","10/22/2025","Operaciones",,,,"True",,,,,,"0","0","0"
"WHISPERING PALMS - WELLER","WHISPERING PALMS - WELLER","5440","559","Converted","Feeders,Flow Meter","Blue Life","NEW CHEMICAL STENNER PUMP FOR THE PH, INSTALLATION NEW CHEMICAL STENNER PUMP FOR THE PH, COMERCIAL FLOW METER 2.5""., INSTALLATION COMERCIAL FLOW METER 2.5"".","1/22/2026","Operaciones","6/22/2026","Manager","6/26/2026","True","Brayan Alvares","7/16/2026","24699","989","7/17/2026","0","0","0"
"WHISPERING PALMS - WELLER","WHISPERING PALMS - WELLER","5809","70","Converted","Basket","Blue Life","2 SKIMER BASKET.","3/16/2026","Operaciones","4/3/2026","Manager","4/22/2026","True","Adrian Suarez","4/22/2026","23343","70","4/22/2026",,,
"WHISPERING PALMS - WELLER","WHISPERING PALMS - WELLER","6311","619","Converted","Feeders","Blue Life","NEW CHEMICAL STENNER PUMP - CHROLINE FEEDER, INSTALLATION","5/25/2026","Operaciones","5/27/2026","Manager","6/3/2026","True","Adrian Suarez","6/3/2026","24178","619","6/4/2026",,,
"WHISPERING PALMS - WELLER","WHISPERING PALMS - WELLER","6469","540","Converted","Main Drain","Blue Life","Commercial Main Drain cover VGB., INSTALLATION","6/17/2026","Operaciones","6/22/2026","Manager","6/26/2026","True","Brayan Alvares","7/16/2026","24701","540","7/17/2026",,,
"WILLOW SQUARE","WILLOW SQUARE","6039","377","Pending","Flow Meter",,"COMMERCIAL FLOW METER - 4 INCH, FLOW METER INSTALLATION","4/15/2026",,,,,"False",,,,,,,,
"WILLOW SQUARE","WILLOW SQUARE","6068","150","Pending","Special Cleaning",,"Enter the pit and attach the loose filling valve pipe","4/20/2026",,,,,"False",,,,,,,,
"WILLOW SQUARE","WILLOW SQUARE","6072","146","Converted","ESCUTCHEON PLATE","Blue Life","ESCUTCHEON PLATE STAINLESS STEEL., FULL INSTALLATION","4/20/2026","Health Deparment","4/21/2026","Manager","5/1/2026","True"," Diego Avila","5/1/2026","23702","146","5/1/2026",,,
"WILLOW SQUARE","WILLOW SQUARE","6547","1,089","Converted","Filter","Blue Life","COMMERCIAL POOL RECTANGULAR ANTHONY FILTER GRIDS, D.E POWDER., INSTALLATION","6/26/2026","Operaciones","6/26/2026","Manager","7/6/2026","True","Brayan Alvares","7/6/2026","24655","1,089","7/6/2026",,,
"Windermere .",,"6667","2,500","Converted","Acid Wash","Blue Life","FULL ACID WASH","7/15/2026","Comercial","7/24/2026","Manager","7/31/2026","True","Brayan Alvares","8/6/2026","25076","2,500","8/7/2026",,,
"Windermere Phase I","Windermere Phase I","6749",,"Converted","Motors","Blue Life","POOL: NEW COMMERCIAL MOTOR 5HP - SINGLE PHASE, IMPELLER, MOTOR SEAL., INSTALLATION","8/4/2026","Operaciones","8/4/2026","Manager","8/4/2026","True","Brayan Alvares","8/6/2026","25080","1,696","8/7/2026",,,
"Windermere Phase I","Windermere Phase I","6851",,"Pending","[]",,"COMMERCIAL POOL FILTER DISC., D.E POWDER., INSTALLATION","8/24/2026",,,,,"False",,,,,,,,
"Windermere Phase II","Windermere Phase II ","6781",,"Pending","[]",,"Commercial full leak detection.","8/12/2026",,,,,"False",,,,,,,,
"Windermere Phase II","Windermere Phase II ","6781",,"Pending","[]",,"Commercial full leak detection.","8/12/2026",,,,,"False",,,,,,,,
"WINDSOR CLEARWATER","WINDSOR CLEARWATER","2961","1,448","Converted","Filter","Blue Life","(32) RECTANGULAR ANTHONY FILTER ","4/9/2025","Manager","10/7/2025","Manager","10/13/2025","True",,"10/13/2025","21247","1448","11/3/2025","181","6","21"
"WINDSOR CLEARWATER","WINDSOR CLEARWATER","5450","380","Converted","Service Maintenance Equipment","Blue Life","(2) NEW HOSE FOR FEEDER +<br>(2) LINE FEEDER +<br>PRESSURE GAUGE + <br>VACUUM GAUGE","1/7/2026","Manager","1/13/2026","Manaager","1/14/2026","False","Camilo Leon","1/14/2026","22065","380","1/16/2026","6","1","2"
"WINDSOR CLEARWATER","WINDSOR CLEARWATER","5449","559","Converted","Feeders","Blue Life","NEW CHEMICAL STENNER PUMP FOR PH, INSTALLATION NEW CHEMICAL STENNER PUMP.","1/7/2026","Manager","1/13/2026","Manager","1/14/2026","False","Camilo Leon","1/14/2026","22064","619","1/16/2026","6","1","2"
"WINDSOR CLEARWATER","WINDSOR CLEARWATER","5632","21,258","Pending","Pumps",,"MADIMACK TITAN 140 HEAT PUMP AND CHILLER<br>The Madimack 140K BTU heat pump is a to, 42&quot; X 42&quot; HURRICANE PAD<br>A hurricane pad for pool equipment is essentia, MISC PLUMBING FOR THE INSTALLATION.","2/13/2026","Operaciones",,,,"False",,,,,,"0","0","0"
"WINDSOR CLEARWATER","WINDSOR CLEARWATER","6494","960","Pending","Pavers",,"PAVERS REPAIR","6/24/2026",,,,,"False",,,,,,,,
"WINDSOR CLEARWATER","WINDSOR CLEARWATER","6494","960","Converted","Pavers","Blue Life","PAVERS REPAIR","6/19/2026","Operaciones","6/24/2026","Manager","6/26/2026","False","No Aplica","6/26/2026","24302","960","6/30/2026",,,
"WINDSOR CLEARWATER","WINDSOR CLEARWATER","6812",,"Pending","[]",,"WATER LEVEL CONTROL VALVE VAKPAK SYSTEM., FULL INSTALLATION","8/18/2026",,,,,"False",,,,,,,,
"WINDSOR CLUB AT LEGACY PARK","WINDSOR CLUB AT LEGACY PARK","4156","619","Converted","Feeders",,"(#4156) NEW CHEMICAL STENNER PUMP","5/29/2025","Técnico","6/26/2025","N/A",,"False","Camilo Hidalgo","7/1/2025","19060","619.0","7/3/2025","28","5","2"
"WINDSOR CLUB AT LEGACY PARK","WINDSOR CLUB AT LEGACY PARK","3959","1,865","Converted","Motors",,"(#3959) 1 NEW COMMERCIAL 5HP MOTOR 3 PHASE + IMPELLER + SEAL","4/8/2025","Operaciones",,,,"False",,,"17979","1925","4/16/2025","0","0",
"WINDSOR CLUB AT LEGACY PARK","WINDSOR CLUB AT LEGACY PARK","5675","3,676","Pending","Chemical Controller,Feeders",,"SPA: NEW CHEMICAL CONTROLLER HAYWARD HCC2000., SPA: NEW CHEMICAL STENNER <br>PUMP - PH AND CHLORINE <br>FEEDER, PH AND CHLORINE FEEDER <br>INSTALLATION","2/20/2026",,,,,"False",,,,,,,,
"WINDSOR CLUB AT LEGACY PARK","WINDSOR CLUB AT LEGACY PARK","5674","3,676","Pending","Chemical Controller,Feeders",,"POOL: NEW CHEMICAL <br>CONTROLLER HAYWARD <br>HCC2000., POOL: NEW CHEMICAL STENNER <br>PUMP - PH AND CHLORINE <br>FEEDER, PH AND CHLORINE FEEDER <br>INSTALLATION","2/20/2026",,,,,"False",,,,,,,,
"YARDLY ARTISAN LAKES","YARDLY ARTISAN LAKES",,,"Pending","Filter","Blue Life",,,"Operaciones",,,,"True",,"7/5/2025",,,,"0",,"0"
"YARDLY ARTISAN LAKES","YARDLY ARTISAN LAKES","5639","2,097","Pending","Pumps",,"MAX E PRO XF 3HP 3 PHASE.","2/15/2026","Operaciones",,,,"False",,,,,,,,
"YARDLY ARTISAN LAKES","YARDLY ARTISAN LAKES","6209","200","Converted","Toro Valve","Blue Life","WATER TORO VALVE., INSTALLATION","5/11/2026","Operaciones","5/11/2026","Manager","5/15/2026","True","Alfredo Jimenez","5/15/2026","23762","200","5/15/2026",,,
"YARDLY ARTISAN LAKES","YARDLY ARTISAN LAKES","6297","153","Converted","Lights","Blue Life","POOL LIGHT WEDGE, POOL LIGHT WEDGE INSTALLATION","5/22/2026","Operaciones","5/22/2026","Manager","5/25/2026","True","Brayan Alvares","5/25/2026","23831","153","5/25/2026",,,
"YARDLY ARTISAN LAKES","YARDLY ARTISAN LAKES","6310","619","Converted","Feeders","Blue Life","NEW CHEMICAL STENNER PUMP - CHLORINE FEEDER, INSTALLATION","5/25/2026","Operaciones","5/26/2026","Manager","5/27/2026","True","No Aplica","5/27/2026","23848","619","5/29/2026",,,
"YARDLY ELLENTON","YARDLY ELLENTON",,,"Pending","Filter","Blue Life",,,"Operaciones",,,,"True",,"8/11/2025",,,,"0",,"0"
"YARDLY ELLENTON","YARDLY ELLENTON","5823","486","Converted","Plunger","Blue Life","VAKPAK INTERNAL ASSEMBLY PLUNGER 6&quot;., INSTALLATION","4/1/2026","Operaciones","5/13/2026","Manager","5/25/2026","True","Brayan Alvares","5/25/2026","23818","486","5/25/2026",,,
"YARDLY ELLENTON","YARDLY ELLENTON","6710",,"Pending","Filter",,"COMMERCIAL POOL RECTANGULAR ANTHONY FILTER GRIDS, D.E POWDER., INSTALLATION","7/27/2026",,,,,"False",,,,,,,,
"YARDLY ELLENTON","YARDLY ELLENTON","6710",,"Pending","Filter",,"COMMERCIAL POOL RECTANGULAR ANTHONY FILTER GRIDS, D.E POWDER., INSTALLATION","7/27/2026",,,,,"False",,,,,,,,
"YARDLY ELLENTON","YARDLY ELLENTON","6710",,"Pending","[]",,"COMMERCIAL POOL RECTANGULAR ANTHONY FILTER GRIDS, D.E POWDER., INSTALLATION","8/8/2026",,,,,"False",,,,,,,,
